searge,name,side,desc
f_10000_,loot,0,
f_10001_,recipes,0,
f_10002_,function,0,
f_100042_,watcher,0,
f_100043_,packPath,0,
f_100053_,INCOMPATIBLE_TITLE,0,
f_100054_,INCOMPATIBLE_CONFIRM_TITLE,0,
f_100055_,title,0,
f_100075_,minecraft,0,
f_100077_,parent,0,
f_100078_,pack,0,
f_100079_,nameDisplayCache,0,
f_100080_,descriptionDisplayCache,0,
f_100081_,incompatibleNameDisplayCache,0,
f_100082_,incompatibleDescriptionDisplayCache,0,
f_100113_,fuels,0,
f_100131_,FILTER_NAME,0,
f_100136_,recipe,0,
f_100137_,ingredients,0,
f_100138_,time,0,
f_10013_,connection,0,
f_10014_,UNIQUE_THREAD_ID,0,
f_10015_,LOGGER,0,
f_100160_,this$0,0,
f_100161_,ingredient,0,
f_100162_,x,0,
f_100163_,y,0,
f_100173_,recipeButtons,0,
f_100174_,isVisible,0,
f_100175_,x,0,
f_100176_,y,0,
f_100177_,minecraft,0,
f_100178_,collection,0,
f_100179_,lastRecipeClicked,0,
f_100180_,time,0,
f_100181_,isFurnaceMenu,0,
f_10018_,server,0,
f_10019_,state,0,
f_10020_,tick,0,
f_100226_,ingredientPos,0,
f_100227_,this$0,0,
f_100228_,recipe,0,
f_100229_,isCraftable,0,
f_10022_,serverId,0,
f_100250_,ingredients,0,
f_100251_,x,0,
f_100252_,y,0,
f_100268_,RECIPE_BOOK_LOCATION,0,
f_100269_,ghostRecipe,0,
f_100270_,filterButton,0,
f_100271_,menu,0,
f_100272_,minecraft,0,
f_100273_,SEARCH_HINT,0,
f_100274_,ONLY_CRAFTABLES_TOOLTIP,0,
f_100275_,ALL_RECIPES_TOOLTIP,0,
f_100276_,xOffset,0,
f_100277_,width,0,
f_100278_,height,0,
f_100279_,tabButtons,0,
f_100280_,selectedTab,0,
f_100281_,searchBox,0,
f_100282_,lastSearch,0,
f_100283_,book,0,
f_100284_,recipeBookPage,0,
f_100285_,stackedContents,0,
f_100286_,timesInventoryChanged,0,
f_100287_,ignoreTextInput,0,
f_100394_,buttons,0,
f_100395_,hoveredButton,0,
f_100396_,overlay,0,
f_100397_,minecraft,0,
f_100398_,showListeners,0,
f_100399_,recipeCollections,0,
f_100400_,forwardButton,0,
f_100401_,backButton,0,
f_100402_,totalPages,0,
f_100403_,currentPage,0,
f_100404_,recipeBook,0,
f_100405_,lastClickedRecipe,0,
f_100406_,lastClickedRecipeCollection,0,
f_100445_,category,0,
f_100446_,animationTime,0,
f_100462_,MORE_RECIPES_TOOLTIP,0,
f_100463_,menu,0,
f_100464_,book,0,
f_100465_,collection,0,
f_100466_,time,0,
f_100467_,animationTime,0,
f_100468_,currentIndex,0,
f_100491_,recipes,0,
f_100492_,singleResultItem,0,
f_100493_,craftable,0,
f_100494_,fitsDimensions,0,
f_100495_,known,0,
f_100519_,FILTER_NAME,0,
f_100524_,FILTER_NAME,0,
f_100529_,SKIN_SHADE,0,
f_100530_,BG_FILL,0,
f_100531_,BG_FILL_REMOVED,0,
f_100532_,PLAYERNAME_COLOR,0,
f_100533_,PLAYER_STATUS_COLOR,0,
f_100534_,minecraft,0,
f_100535_,children,0,
f_100536_,id,0,
f_100537_,playerName,0,
f_100538_,skinGetter,0,
f_100539_,isRemoved,0,
f_100540_,hideButton,0,
f_100541_,showButton,0,
f_100544_,tooltipHoverTime,0,
f_100545_,HIDDEN,0,
f_100546_,BLOCKED,0,
f_100547_,OFFLINE,0,
f_100548_,HIDDEN_OFFLINE,0,
f_100549_,BLOCKED_OFFLINE,0,
f_10058_,val$digest,0,
f_10059_,this$0,0,
f_100622_,this$0,0,
f_100639_,this$0,0,
f_100656_,EXAMPLES,0,
f_100668_,minecraft,0,
f_100669_,hiddenPlayers,0,
f_100670_,service,0,
f_100671_,discoveredNamesToUUID,0,
f_100692_,socialInteractionsScreen,0,
f_100694_,players,0,
f_100695_,filter,0,
f_100726_,lastSearch,0,
f_100727_,page,0,
f_100728_,allButton,0,
f_100729_,hiddenButton,0,
f_100730_,blockedButton,0,
f_100731_,blockingHintButton,0,
f_100732_,serverLabel,0,
f_100733_,playerCount,0,
f_100734_,initialized,0,
f_100737_,TAB_ALL,0,
f_100738_,TAB_HIDDEN,0,
f_100739_,TAB_BLOCKED,0,
f_100740_,TAB_ALL_SELECTED,0,
f_100741_,TAB_HIDDEN_SELECTED,0,
f_100742_,TAB_BLOCKED_SELECTED,0,
f_100743_,SEARCH_HINT,0,
f_100744_,EMPTY_SEARCH,0,
f_100745_,EMPTY_HIDDEN,0,
f_100746_,EMPTY_BLOCKED,0,
f_100747_,BLOCKING_HINT,0,
f_100748_,socialInteractionsPlayerList,0,
f_100749_,searchBox,0,
f_100803_,this$0,0,
f_10081_,DISCONNECT_REASON,0,
f_100831_,tempDataPackDir,0,
f_100832_,tempDataPackRepository,0,
f_10083_,connection,0,
f_100848_,LOGGER,0,
f_100849_,GAME_MODEL_LABEL,0,
f_10084_,hasRequestedStatus,0,
f_100852_,NAME_LABEL,0,
f_100855_,lastScreen,0,
f_10098_,LOGGER,0,
f_10099_,WORKER_COUNT,0,
f_10100_,THREAD_FACTORY,0,
f_10101_,chatEndpoint,0,
f_10102_,joinEndpoint,0,
f_10103_,leaveEndpoint,0,
f_101044_,exitCallback,0,
f_101046_,invalidEntries,0,
f_101047_,doneButton,0,
f_101049_,gameRules,0,
f_10104_,authKey,0,
f_10107_,chatIgnoreStrategy,0,
f_10108_,workerPool,0,
f_101098_,checkbox,0,
f_101137_,this$0,0,
f_101138_,label,0,
f_101159_,label,0,
f_101160_,children,0,
f_101161_,this$0,0,
f_101171_,this$0,0,
f_101172_,input,0,
f_101193_,tooltip,0,
f_101200_,this$0,0,
f_101213_,val$this$0,0,
f_101214_,val$gameRules,0,
f_101215_,val$entries,0,
f_101216_,this$1,0,
f_101243_,LOGGER,0,
f_101245_,NAME_LABEL,0,
f_101247_,callback,0,
f_101249_,levelAccess,0,
f_101298_,LOGGER,0,
f_101299_,DIMENSION_COLORS,0,
f_101300_,callback,0,
f_101301_,upgrader,0,
f_101329_,lastScreen,0,
f_101330_,searchBox,0,
f_101332_,deleteButton,0,
f_101333_,selectButton,0,
f_101334_,renameButton,0,
f_101335_,copyButton,0,
f_101336_,list,0,
f_10162_,NEVER_IGNORE,0,
f_10163_,IGNORE_FULLY_FILTERED,0,
f_101645_,LOGGER,0,
f_101646_,DATE_FORMAT,0,
f_101649_,FROM_NEWER_TOOLTIP_1,0,
f_101650_,FROM_NEWER_TOOLTIP_2,0,
f_101651_,SNAPSHOT_TOOLTIP_1,0,
f_101652_,SNAPSHOT_TOOLTIP_2,0,
f_101653_,WORLD_LOCKED_TOOLTIP,0,
f_101654_,screen,0,
f_101692_,this$0,0,
f_101693_,minecraft,0,
f_101694_,screen,0,
f_101695_,summary,0,
f_101697_,iconFile,0,
f_101698_,icon,0,
f_101699_,lastClickTime,0,
f_10174_,this$0,0,
f_101752_,profile,0,
f_101754_,name,0,
f_10175_,profile,0,
f_101765_,PROMPT_TEXT,0,
f_101766_,items,0,
f_10176_,streamExecutor,0,
f_101771_,EMPTY_SLOT,0,
f_101772_,CLOSE_ITEM,0,
f_101773_,SCROLL_LEFT,0,
f_101774_,SCROLL_RIGHT_ENABLED,0,
f_101775_,SCROLL_RIGHT_DISABLED,0,
f_101776_,CLOSE_MENU_TEXT,0,
f_101777_,PREVIOUS_PAGE_TEXT,0,
f_101778_,NEXT_PAGE_TEXT,0,
f_101779_,listener,0,
f_101780_,category,0,
f_101781_,selectedSlot,0,
f_101782_,page,0,
f_101826_,direction,0,
f_101827_,enabled,0,
f_101845_,items,0,
f_101846_,selection,0,
f_101854_,PROFILE_ORDER,0,
f_101855_,TELEPORT_TEXT,0,
f_101856_,TELEPORT_PROMPT,0,
f_101857_,items,0,
f_101875_,TELEPORT_TEXT,0,
f_101876_,TELEPORT_PROMPT,0,
f_101877_,items,0,
f_101891_,team,0,
f_101893_,players,0,
f_101905_,user,0,
f_101906_,display,0,
f_101907_,location,0,
f_101908_,game,0,
f_101916_,gameDirectory,0,
f_101917_,resourcePackDirectory,0,
f_101918_,assetDirectory,0,
f_101919_,assetIndex,0,
f_101926_,demo,0,
f_101927_,launchVersion,0,
f_101928_,versionType,0,
f_101929_,disableMultiplayer,0,
f_101930_,disableChat,0,
f_101942_,user,0,
f_101943_,userProperties,0,
f_101944_,profileProperties,0,
f_101945_,proxy,0,
f_101952_,EXAMPLES,0,
f_101953_,ERROR_OBJECTIVE_NOT_FOUND,0,
f_101954_,ERROR_OBJECTIVE_READ_ONLY,0,
f_102007_,scaleHead,0,
f_102010_,babyHeadScale,0,
f_102011_,babyBodyScale,0,
f_102012_,bodyYOffset,0,
f_10204_,LOGGER,0,
f_102139_,shoulderStick,0,
f_102140_,basePlate,0,
f_102184_,head,0,
f_102185_,body,0,
f_102186_,rightWing,0,
f_102187_,leftWing,0,
f_102188_,rightWingTip,0,
f_102189_,leftWingTip,0,
f_102206_,bone,0,
f_102208_,rightWing,0,
f_102209_,leftWing,0,
f_102210_,frontLeg,0,
f_102211_,midLeg,0,
f_102212_,backLeg,0,
f_102213_,stinger,0,
f_102214_,leftAntenna,0,
f_102215_,rightAntenna,0,
f_102216_,rollAmount,0,
f_102244_,upperBodyParts,0,
f_102245_,head,0,
f_102257_,waterPatch,0,
f_102258_,parts,0,
f_102283_,leftLid,0,
f_102284_,rightLid,0,
f_102285_,leftPages,0,
f_102286_,rightPages,0,
f_102287_,flipPage1,0,
f_102288_,flipPage2,0,
f_102325_,lieDownAmount,0,
f_102326_,lieDownAmountTail,0,
f_102327_,relaxStateOneAmount,0,
f_102381_,head,0,
f_102382_,body,0,
f_102387_,beak,0,
f_102388_,redThing,0,
f_102405_,tailFin,0,
f_102415_,r,0,
f_102416_,g,0,
f_102417_,b,0,
f_102451_,head,0,
f_102469_,body,0,
f_102470_,tail,0,
f_102471_,tailFin,0,
f_102532_,rightWing,0,
f_102533_,leftWing,0,
f_102551_,ERROR_INVALID_VALUE,0,
f_102552_,EXAMPLES,0,
f_102576_,carrying,0,
f_102577_,creepy,0,
f_102594_,BODY_SIZES,0,
f_102595_,BODY_TEXS,0,
f_102596_,BODY_COUNT,0,
f_102597_,bodyParts,0,
f_102608_,attackTime,0,
f_102609_,riding,0,
f_102610_,young,0,
f_102626_,base,0,
f_102627_,upperJaw,0,
f_102628_,lowerJaw,0,
f_102638_,head,0,
f_102642_,body,0,
f_102647_,tail,0,
f_102648_,legMotionPos,0,
f_102676_,tentacles,0,
f_102695_,SPIKE_X_ROT,0,
f_102696_,SPIKE_Y_ROT,0,
f_102697_,SPIKE_Z_ROT,0,
f_102698_,SPIKE_X,0,
f_102699_,SPIKE_Y,0,
f_102700_,SPIKE_Z,0,
f_102701_,head,0,
f_102702_,eye,0,
f_102703_,spikeParts,0,
f_102704_,tailParts,0,
f_102725_,head,0,
f_102726_,rightEar,0,
f_102727_,leftEar,0,
f_102728_,body,0,
f_102733_,mane,0,
f_102751_,body,0,
f_102752_,headParts,0,
f_102761_,tail,0,
f_102762_,saddleParts,0,
f_102763_,ridingParts,0,
f_102808_,head,0,
f_102809_,hat,0,
f_102810_,body,0,
f_102811_,rightArm,0,
f_102812_,leftArm,0,
f_102813_,rightLeg,0,
f_102814_,leftLeg,0,
f_102815_,leftArmPose,0,
f_102816_,rightArmPose,0,
f_102817_,crouching,0,
f_102818_,swimAmount,0,
f_102890_,twoHanded,0,
f_102901_,head,0,
f_102902_,hat,0,
f_102904_,arms,0,
f_102905_,leftLeg,0,
f_102906_,rightLeg,0,
f_102907_,rightArm,0,
f_102908_,leftArm,0,
f_102936_,head,0,
f_102969_,bodyCubes,0,
f_10298_,directory,0,
f_102999_,knot,0,
f_103031_,head,0,
f_103032_,body,0,
f_103106_,renderType,0,
f_103133_,tail1,0,
f_103134_,tail2,0,
f_103135_,head,0,
f_103136_,body,0,
f_103137_,state,0,
f_10314_,namespaces,0,
f_103154_,sitAmount,0,
f_103155_,lieOnBackAmount,0,
f_103156_,rollAmount,0,
f_10315_,LOGGER,0,
f_103184_,body,0,
f_103185_,tail,0,
f_103188_,head,0,
f_103192_,feather,0,
f_103264_,EXAMPLES,0,
f_103265_,ERROR_INVALID_OPERATION,0,
f_103266_,ERROR_DIVIDE_BY_ZERO,0,
f_103315_,leftWingBase,0,
f_103316_,leftWingTip,0,
f_103317_,rightWingBase,0,
f_103318_,rightWingTip,0,
f_103319_,tailBase,0,
f_103320_,tailTip,0,
f_103333_,leftArmDefault,0,
f_103334_,rightArmDefault,0,
f_103337_,bodyDefault,0,
f_103338_,headDefault,0,
f_103373_,cloak,0,
f_103374_,leftSleeve,0,
f_103375_,rightSleeve,0,
f_103376_,leftPants,0,
f_103377_,rightPants,0,
f_103378_,jacket,0,
f_103379_,ear,0,
f_103380_,slim,0,
f_103492_,head,0,
f_103493_,body,0,
f_103520_,body,0,
f_103523_,head,0,
f_103526_,tail,0,
f_103527_,nose,0,
f_103528_,jumpRotation,0,
f_103598_,head,0,
f_103599_,mouth,0,
f_103605_,neck,0,
f_103633_,bodyBack,0,
f_103646_,headXRot,0,
f_103672_,headXRot,0,
f_10367_,description,0,
f_10368_,packFormat,0,
f_103698_,plate,0,
f_103699_,handle,0,
f_103712_,main,0,
f_103722_,base,0,
f_103723_,lid,0,
f_103724_,head,0,
f_103744_,bodyParts,0,
f_103745_,bodyLayers,0,
f_103748_,BODY_SIZES,0,
f_103749_,BODY_TEXS,0,
f_103804_,head,0,
f_10382_,folder,0,
f_103839_,head,0,
f_10383_,packSource,0,
f_103852_,head,0,
f_103873_,tentacles,0,
f_103884_,rightLeg,0,
f_103885_,leftLeg,0,
f_103886_,body,0,
f_103914_,TEXTURE,0,
f_103927_,ERROR_UNKNOWN_PARTICLE,0,
f_103928_,EXAMPLES,0,
f_103953_,tail,0,
f_103968_,tail,0,
f_103983_,eggBelly,0,
f_10399_,LOGGER,0,
f_104010_,leftWing,0,
f_104011_,rightWing,0,
f_104036_,head,0,
f_104037_,hat,0,
f_104038_,hatRim,0,
f_104044_,nose,0,
f_104062_,holdingItem,0,
f_104107_,head,0,
f_104108_,realHead,0,
f_104109_,body,0,
f_104114_,tail,0,
f_104115_,realTail,0,
f_104116_,upperBody,0,
f_104156_,hatRim,0,
f_104183_,head,0,
f_104184_,jaw,0,
f_104200_,x,0,
f_104201_,y,0,
f_104202_,z,0,
f_104203_,xRot,0,
f_104204_,yRot,0,
f_104205_,zRot,0,
f_104207_,visible,0,
f_104212_,cubes,0,
f_104213_,children,0,
f_104335_,minX,0,
f_104336_,minY,0,
f_104337_,minZ,0,
f_104338_,maxX,0,
f_104339_,maxY,0,
f_104340_,maxZ,0,
f_104341_,polygons,0,
f_104359_,vertices,0,
f_104360_,normal,0,
f_104371_,pos,0,
f_104372_,u,0,
f_104373_,v,0,
f_104387_,LOGGER,0,
f_104388_,minecraft,0,
f_104390_,progress,0,
f_104391_,listener,0,
f_104392_,selectedTab,0,
f_104407_,LOGGER,0,
f_104408_,emptyChunk,0,
f_104409_,lightEngine,0,
f_104410_,storage,0,
f_104411_,level,0,
f_104465_,this$0,0,
f_104466_,chunks,0,
f_104467_,chunkRadius,0,
f_104468_,viewRange,0,
f_104469_,viewCenterX,0,
f_104470_,viewCenterZ,0,
f_104471_,chunkCount,0,
f_104518_,LOGGER,0,
f_104519_,minecraft,0,
f_104520_,parent,0,
f_104521_,updateStatus,0,
f_104522_,connection,0,
f_104556_,mapData,0,
f_104557_,skyFlashTime,0,
f_104558_,tintCaches,0,
f_104559_,chunkSource,0,
f_104561_,connection,0,
f_104562_,levelRenderer,0,
f_104563_,clientLevelData,0,
f_104564_,effects,0,
f_104565_,minecraft,0,
f_104566_,players,0,
f_10481_,description,0,
f_104828_,$SwitchMap$net$minecraft$core$Direction,0,
f_10482_,confirmation,0,
f_104830_,hardcore,0,
f_104831_,gameRules,0,
f_104832_,isFlat,0,
f_104836_,spawnAngle,0,
f_104837_,gameTime,0,
f_104838_,dayTime,0,
f_104839_,raining,0,
f_104840_,difficulty,0,
f_104841_,difficultyLocked,0,
f_104883_,LOGGER,0,
f_104886_,localGameProfile,0,
f_104889_,level,0,
f_104890_,levelData,0,
f_104892_,playerInfoMap,0,
f_104893_,advancements,0,
f_104894_,suggestionsProvider,0,
f_104896_,debugQueryHandler,0,
f_104897_,serverChunkRadius,0,
f_104898_,random,0,
f_104899_,commands,0,
f_104900_,recipeManager,0,
f_104901_,id,0,
f_104902_,levels,0,
f_104903_,registryAccess,0,
f_10497_,sources,0,
f_10498_,available,0,
f_10499_,selected,0,
f_105155_,$SwitchMap$net$minecraft$network$protocol$game$ClientboundRecipePacket$State,0,
f_105160_,connection,0,
f_105161_,minecraft,0,
f_105162_,pendingSuggestionsId,0,
f_105163_,pendingSuggestionsFuture,0,
f_105188_,LOGGER,0,
f_105189_,minecraft,0,
f_105190_,connection,0,
f_105191_,destroyBlockPos,0,
f_105192_,destroyingItem,0,
f_105193_,destroyProgress,0,
f_105194_,destroyTicks,0,
f_105195_,destroyDelay,0,
f_105196_,isDestroying,0,
f_105197_,localPlayerMode,0,
f_105198_,previousLocalPlayerMode,0,
f_105200_,carriedIndex,0,
f_10527_,DEFAULT,0,
f_10528_,BUILT_IN,0,
f_105298_,profile,0,
f_10529_,WORLD,0,
f_105300_,gameMode,0,
f_105301_,latency,0,
f_105304_,tabListDisplayName,0,
f_10530_,SERVER,0,
f_105362_,name,0,
f_105363_,ip,0,
f_105364_,status,0,
f_105365_,motd,0,
f_105366_,ping,0,
f_105367_,protocol,0,
f_105368_,version,0,
f_105370_,playerList,0,
f_105371_,packStatus,0,
f_105393_,name,0,
f_105406_,EXAMPLES,0,
f_105414_,EXAMPLES,0,
f_105425_,LOGGER,0,
f_105426_,minecraft,0,
f_105427_,serverList,0,
f_105449_,LOGGER,0,
f_105450_,connections,0,
f_105471_,val$connection,0,
f_105472_,val$data,0,
f_105473_,val$onPersistentDataChange,0,
f_105474_,this$0,0,
f_105475_,success,0,
f_105476_,receivedPing,0,
f_105477_,pingStart,0,
f_105491_,val$data,0,
f_10550_,EFFECTS_CHANGED,0,
f_10551_,USED_TOTEM,0,
f_105523_,sprites,0,
f_10552_,NETHER_TRAVEL,0,
f_10553_,FISHING_ROD_HOOKED,0,
f_105544_,sprites,0,
f_10554_,CHANNELED_LIGHTNING,0,
f_10555_,SHOT_CROSSBOW,0,
f_105564_,sprites,0,
f_10556_,KILLED_BY_CROSSBOW,0,
f_10557_,RAID_WIN,0,
f_10559_,HONEY_BLOCK_SLIDE,0,
f_10560_,BEE_NEST_DESTROYED,0,
f_10561_,TARGET_BLOCK_HIT,0,
f_105620_,sprites,0,
f_10562_,ITEM_USED_ON_BLOCK,0,
f_10563_,GENERATE_LOOT,0,
f_105643_,uo,0,
f_105644_,vo,0,
f_10565_,PLAYER_INTERACTED_WITH_ENTITY,0,
f_10567_,IMPOSSIBLE,0,
f_10568_,PLAYER_KILLED_ENTITY,0,
f_10569_,ENTITY_KILLED_PLAYER,0,
f_10570_,ENTER_BLOCK,0,
f_10571_,INVENTORY_CHANGED,0,
f_10572_,RECIPE_UNLOCKED,0,
f_10573_,PLAYER_HURT_ENTITY,0,
f_10574_,ENTITY_HURT_PLAYER,0,
f_105751_,sprite,0,
f_10575_,ENCHANTED_ITEM,0,
f_10576_,FILLED_BUCKET,0,
f_10577_,BREWED_POTION,0,
f_10578_,CONSTRUCT_BEACON,0,
f_105791_,sprite,0,
f_10579_,USED_ENDER_EYE,0,
f_10580_,SUMMONED_ENTITY,0,
f_105812_,sprites,0,
f_10581_,BRED_ANIMALS,0,
f_10582_,LOCATION,0,
f_105834_,sprites,0,
f_10583_,SLEPT_IN_BED,0,
f_10584_,CURED_ZOMBIE_VILLAGER,0,
f_10585_,TRADE,0,
f_10586_,ITEM_DURABILITY_CHANGED,0,
f_105876_,sprites,0,
f_10587_,LEVITATION,0,
f_10588_,CHANGED_DIMENSION,0,
f_105897_,sprites,0,
f_10589_,TICK,0,
f_10590_,TAME_ANIMAL,0,
f_10591_,PLACED_BLOCK,0,
f_10592_,CONSUME_ITEM,0,
f_105939_,sprite,0,
f_105960_,sprite,0,
f_105981_,sprite,0,
f_10599_,fallbacks,0,
f_106002_,hasHitGround,0,
f_106003_,sprites,0,
f_10600_,LOGGER,0,
f_10601_,type,0,
f_106027_,sprites,0,
f_10602_,namespace,0,
f_106048_,isGlowing,0,
f_106049_,type,0,
f_106083_,fallingParticle,0,
f_106114_,landParticle,0,
f_10630_,message,0,
f_10631_,closed,0,
f_106439_,sprites,0,
f_10645_,LOGGER,0,
f_10646_,total,0,
f_106553_,sprites,0,
f_106574_,sprites,0,
f_106586_,sprites,0,
f_106607_,rotSpeed,0,
f_106608_,sprites,0,
f_106632_,sprite,0,
f_106655_,sprite,0,
f_106695_,engine,0,
f_106696_,fadeR,0,
f_106697_,fadeG,0,
f_106698_,fadeB,0,
f_106699_,hasFade,0,
f_106700_,trail,0,
f_106731_,sprites,0,
f_106752_,explosions,0,
f_106753_,twinkleDelay,0,
f_106754_,life,0,
f_106755_,engine,0,
f_106825_,sprite,0,
f_106861_,sprite,0,
f_10686_,name,0,
f_10687_,preparationResult,0,
f_106882_,sprite,0,
f_10688_,reloadResult,0,
f_10689_,preparationNanos,0,
f_106903_,sprites,0,
f_10690_,reloadNanos,0,
f_106923_,sprites,0,
f_106977_,EXAMPLES,0,
f_106978_,ERROR_UNKNOWN_ADVANCEMENT,0,
f_106979_,ERROR_UNKNOWN_RECIPE,0,
f_107017_,target,0,
f_107018_,life,0,
f_107019_,entityRenderDispatcher,0,
f_107020_,renderBuffers,0,
f_107021_,itemEntity,0,
f_107052_,sprites,0,
f_107090_,sprite,0,
f_107111_,model,0,
f_107112_,renderType,0,
f_107183_,sprite,0,
f_107204_,oRoll,0,
f_107205_,stoppedByCollision,0,
f_107206_,INITIAL_AABB,0,
f_107207_,bb,0,
f_107208_,level,0,
f_107209_,xo,0,
f_107210_,yo,0,
f_107211_,zo,0,
f_107212_,x,0,
f_107213_,y,0,
f_107214_,z,0,
f_107215_,xd,0,
f_107216_,yd,0,
f_107217_,zd,0,
f_107218_,onGround,0,
f_107219_,hasPhysics,0,
f_107220_,removed,0,
f_107221_,bbWidth,0,
f_107222_,bbHeight,0,
f_107223_,random,0,
f_107224_,age,0,
f_107225_,lifetime,0,
f_107226_,gravity,0,
f_107227_,rCol,0,
f_107228_,gCol,0,
f_107229_,bCol,0,
f_107230_,alpha,0,
f_107231_,roll,0,
f_107279_,textures,0,
f_107287_,level,0,
f_107288_,RENDER_ORDER,0,
f_107289_,particles,0,
f_107290_,trackingEmitters,0,
f_107291_,textureManager,0,
f_107292_,random,0,
f_107293_,providers,0,
f_107294_,particlesToAdd,0,
f_107295_,spriteSets,0,
f_107296_,textureAtlas,0,
f_107406_,sprites,0,
f_107429_,TERRAIN_SHEET,0,
f_107430_,PARTICLE_SHEET_OPAQUE,0,
f_107431_,PARTICLE_SHEET_TRANSLUCENT,0,
f_107432_,PARTICLE_SHEET_LIT,0,
f_107433_,CUSTOM,0,
f_107434_,NO_RENDER,0,
f_107481_,sprites,0,
f_107505_,sprites,0,
f_107526_,sprites,0,
f_107547_,zStart,0,
f_107548_,xStart,0,
f_107549_,yStart,0,
f_107568_,sprite,0,
f_107609_,sprite,0,
f_10762_,LOGGER,0,
f_107640_,fadeR,0,
f_107641_,fadeG,0,
f_107642_,fadeB,0,
f_107643_,hasFade,0,
f_107644_,sprites,0,
f_10764_,gson,0,
f_10765_,directory,0,
f_107663_,quadSize,0,
f_107694_,sprites,0,
f_107715_,sprites,0,
f_107737_,sprite,0,
f_107758_,RANDOM,0,
f_107759_,sprites,0,
f_107803_,sprite,0,
f_107845_,sprite,0,
f_107866_,sprite,0,
f_107907_,sprites,0,
f_107945_,sprite,0,
f_107989_,sprites,0,
f_10799_,allPreparations,0,
f_10800_,allDone,0,
f_10801_,preparingListeners,0,
f_10802_,listenerCount,0,
f_10803_,startedReloads,0,
f_108040_,sprite,0,
f_10804_,finishedReloads,0,
f_10805_,startedTaskCounter,0,
f_108061_,sprite,0,
f_10806_,doneTaskCounter,0,
f_108082_,sprite,0,
f_108126_,sprite,0,
f_108147_,sprite,0,
f_108168_,sprite,0,
f_108189_,sprite,0,
f_108210_,SUGGEST_SCORE_HOLDERS,0,
f_108211_,EXAMPLES,0,
f_108212_,ERROR_NO_RESULTS,0,
f_108213_,multiple,0,
f_108254_,selector,0,
f_108277_,uo,0,
f_108278_,vo,0,
f_108280_,pos,0,
f_108321_,sprite,0,
f_108364_,sprites,0,
f_108385_,lifeTime,0,
f_108386_,particleType,0,
f_108387_,entity,0,
f_108388_,life,0,
f_108405_,sprites,0,
f_108427_,sprites,0,
f_108448_,angle,0,
f_108462_,sprite,0,
f_10846_,val$mainThreadExecutor,0,
f_10847_,val$listener,0,
f_10848_,val$previousTask,0,
f_108490_,sprite,0,
f_10849_,this$0,0,
f_108521_,sprites,0,
f_108542_,elytraRotX,0,
f_108543_,elytraRotY,0,
f_108544_,elytraRotZ,0,
f_108545_,clientLevel,0,
f_108546_,playerInfo,0,
f_108566_,leftImpulse,0,
f_108567_,forwardImpulse,0,
f_108568_,up,0,
f_108569_,down,0,
f_108570_,left,0,
f_108571_,right,0,
f_108572_,jumping,0,
f_108573_,shiftKeyDown,0,
f_108578_,options,0,
f_108583_,sprintTriggerTime,0,
f_108585_,yBob,0,
f_108586_,xBob,0,
f_108587_,yBobO,0,
f_108588_,xBobO,0,
f_108589_,spinningEffectIntensity,0,
f_108590_,oSpinningEffectIntensity,0,
f_108591_,stats,0,
f_108592_,recipeBook,0,
f_108593_,ambientSoundHandlers,0,
f_108594_,permissionLevel,0,
f_108595_,xLast,0,
f_108596_,yLast1,0,
f_108597_,zLast,0,
f_108598_,yRotLast,0,
f_108599_,xRotLast,0,
f_108600_,lastOnGround,0,
f_108601_,crouching,0,
f_108602_,wasShiftKeyDown,0,
f_108603_,wasSprinting,0,
f_108604_,positionReminder,0,
f_108605_,flashOnSetHealth,0,
f_108607_,jumpRidingTicks,0,
f_108608_,jumpRidingScale,0,
f_108609_,startedUsingItem,0,
f_108610_,usingItemHand,0,
f_108611_,handsBusy,0,
f_108612_,autoJumpEnabled,0,
f_108613_,autoJumpTime,0,
f_108614_,wasFallFlying,0,
f_108615_,waterVisionTime,0,
f_108616_,showDeathScreen,0,
f_108617_,connection,0,
f_108618_,input,0,
f_108619_,minecraft,0,
f_108780_,items,0,
f_108789_,GRASS_COLOR_RESOLVER,0,
f_108790_,FOLIAGE_COLOR_RESOLVER,0,
f_108791_,WATER_COLOR_RESOLVER,0,
f_108815_,SHULKER_BOXES,0,
f_108816_,DEFAULT_SHULKER_BOX,0,
f_108817_,chest,0,
f_108818_,trappedChest,0,
f_108819_,enderChest,0,
f_108820_,banner,0,
f_108821_,bed,0,
f_108822_,conduit,0,
f_108823_,shieldModel,0,
f_108824_,tridentModel,0,
f_108846_,images,0,
f_108857_,EFFECTS,0,
f_108858_,sunriseCol,0,
f_108859_,cloudLevel,0,
f_108860_,hasGround,0,
f_108861_,skyType,0,
f_108862_,forceBrightLightmap,0,
f_108863_,constantAmbientLight,0,
f_108921_,LOGGER,0,
f_108922_,DUMMY_UNIFORM,0,
f_108923_,lastAppliedEffect,0,
f_108924_,lastProgramId,0,
f_108925_,samplerMap,0,
f_108926_,samplerNames,0,
f_108927_,samplerLocations,0,
f_108928_,uniforms,0,
f_108929_,uniformLocations,0,
f_108930_,uniformMap,0,
f_108931_,programId,0,
f_108932_,name,0,
f_108933_,dirty,0,
f_108934_,blend,0,
f_108935_,attributes,0,
f_108936_,attributeNames,0,
f_108937_,vertexProgram,0,
f_108938_,fragmentProgram,0,
f_108974_,BY_FACING,0,
f_108975_,infos,0,
f_108991_,MAX_Z,0,
f_108992_,MAX_Y,0,
f_108993_,MAX_X,0,
f_108994_,MIN_Z,0,
f_108995_,MIN_Y,0,
f_108996_,MIN_X,0,
f_108998_,xFace,0,
f_108999_,yFace,0,
f_109000_,zFace,0,
f_109010_,fogRed,0,
f_109011_,fogGreen,0,
f_109012_,fogBlue,0,
f_109013_,targetBiomeFog,0,
f_109014_,previousBiomeFog,0,
f_109015_,biomeChangedTime,0,
f_109047_,itemActivationTicks,0,
f_109048_,itemActivationOffX,0,
f_109049_,itemActivationOffY,0,
f_109050_,postEffect,0,
f_109053_,effectActive,0,
f_109054_,mainCamera,0,
f_109055_,itemInHandRenderer,0,
f_109057_,NAUSEA_LOCATION,0,
f_109058_,LOGGER,0,
f_109059_,minecraft,0,
f_109060_,resourceManager,0,
f_109061_,random,0,
f_109062_,renderDistance,0,
f_109063_,mapRenderer,0,
f_109064_,renderBuffers,0,
f_109066_,fov,0,
f_109067_,oldFov,0,
f_109068_,darkenWorldAmount,0,
f_109069_,darkenWorldAmountO,0,
f_109070_,renderHand,0,
f_109071_,renderBlockOutline,0,
f_109072_,lastScreenshotAttempt,0,
f_109073_,lastActiveTime,0,
f_109074_,lightTexture,0,
f_109075_,overlayTexture,0,
f_109076_,panoramicMode,0,
f_109077_,zoom,0,
f_109078_,zoomX,0,
f_109079_,zoomY,0,
f_109080_,itemActivationItem,0,
f_109168_,permutation,0,
f_109169_,transformation,0,
f_109170_,cayleyTable,0,
f_109192_,ERROR_INVALID_VALUE,0,
f_109193_,EXAMPLES,0,
f_109210_,LOGGER,0,
f_109211_,GPU_WARNLIST_LOCATION,0,
f_109212_,warnings,0,
f_109213_,showWarning,0,
f_109214_,warningDismissed,0,
f_109215_,skipFabulous,0,
f_109257_,rendererPatterns,0,
f_109258_,versionPatterns,0,
f_109259_,vendorPatterns,0,
f_109275_,TYPE_BY_BLOCK,0,
f_109276_,TYPE_BY_FLUID,0,
f_109277_,renderCutout,0,
f_109297_,MAP_BACKGROUND,0,
f_109298_,MAP_BACKGROUND_CHECKERBOARD,0,
f_109299_,minecraft,0,
f_109300_,mainHandItem,0,
f_109301_,offHandItem,0,
f_109302_,mainHandHeight,0,
f_109303_,oMainHandHeight,0,
f_109304_,offHandHeight,0,
f_109305_,oOffHandHeight,0,
f_109306_,entityRenderDispatcher,0,
f_109307_,itemRenderer,0,
f_109386_,$SwitchMap$net$minecraft$world$item$UseAnim,0,
f_109388_,shapes,0,
f_109389_,shapesCache,0,
f_109390_,modelManager,0,
f_109408_,destroyingBlocks,0,
f_109409_,destructionProgress,0,
f_109410_,playingRecords,0,
f_109411_,entityTarget,0,
f_109412_,entityEffect,0,
f_109413_,translucentTarget,0,
f_109414_,itemEntityTarget,0,
f_109415_,particlesTarget,0,
f_109416_,weatherTarget,0,
f_109417_,cloudsTarget,0,
f_109418_,transparencyChain,0,
f_109425_,prevCamX,0,
f_109426_,prevCamY,0,
f_109427_,prevCamZ,0,
f_109428_,prevCamRotX,0,
f_109429_,prevCamRotY,0,
f_109430_,prevCloudX,0,
f_109431_,prevCloudY,0,
f_109432_,prevCloudZ,0,
f_109433_,prevCloudColor,0,
f_109434_,DIRECTIONS,0,
f_109435_,prevCloudsType,0,
f_109438_,lastViewDistance,0,
f_109439_,renderedEntities,0,
f_10943_,DATE_FORMAT,0,
f_109440_,culledEntities,0,
f_109441_,captureFrustum,0,
f_109442_,capturedFrustum,0,
f_109443_,frustumPoints,0,
f_109444_,frustumPos,0,
f_109445_,xTransparentOld,0,
f_109446_,yTransparentOld,0,
f_109447_,zTransparentOld,0,
f_10944_,created,0,
f_109450_,rainSoundTime,0,
f_109451_,rainSizeX,0,
f_109452_,rainSizeZ,0,
f_109453_,LOGGER,0,
f_109454_,MOON_LOCATION,0,
f_109455_,SUN_LOCATION,0,
f_109456_,CLOUDS_LOCATION,0,
f_109457_,END_SKY_LOCATION,0,
f_109458_,FORCEFIELD_LOCATION,0,
f_109459_,RAIN_LOCATION,0,
f_10945_,source,0,
f_109460_,SNOW_LOCATION,0,
f_109461_,minecraft,0,
f_109463_,entityRenderDispatcher,0,
f_109464_,renderBuffers,0,
f_109465_,level,0,
f_109468_,globalBlockEntities,0,
f_109469_,viewArea,0,
f_10946_,expires,0,
f_109471_,starBuffer,0,
f_109472_,skyBuffer,0,
f_109473_,darkBuffer,0,
f_109474_,generateClouds,0,
f_109475_,cloudBuffer,0,
f_109476_,frameTimes,0,
f_109477_,ticks,0,
f_10947_,reason,0,
f_10964_,LOGGER,0,
f_10965_,usesAuthentication,0,
f_10966_,profilesByName,0,
f_10967_,profilesByUUID,0,
f_10968_,profileRepository,0,
f_10969_,gson,0,
f_10970_,file,0,
f_10971_,operationCount,0,
f_109870_,lightTexture,0,
f_109871_,lightPixels,0,
f_109872_,lightTextureLocation,0,
f_109873_,updateLightTexture,0,
f_109874_,blockLightRedFlicker,0,
f_109875_,renderer,0,
f_109876_,minecraft,0,
f_109904_,builder,0,
f_109905_,fixedBuffers,0,
f_109906_,lastState,0,
f_109907_,startedBuffers,0,
f_109920_,bufferSource,0,
f_109921_,outlineBufferSource,0,
f_109922_,teamR,0,
f_109923_,teamG,0,
f_109924_,teamB,0,
f_109925_,teamA,0,
f_109936_,delegate,0,
f_109937_,x,0,
f_109938_,y,0,
f_109939_,z,0,
f_109940_,u,0,
f_109941_,v,0,
f_109998_,minecraft,0,
f_109999_,cubeMap,0,
f_110006_,screenTarget,0,
f_110008_,name,0,
f_110009_,passes,0,
f_110010_,customRenderTargets,0,
f_110011_,fullSizedTargets,0,
f_110012_,shaderOrthoMatrix,0,
f_110013_,screenWidth,0,
f_110014_,screenHeight,0,
f_110015_,time,0,
f_110016_,lastStamp,0,
f_110052_,inTarget,0,
f_110053_,outTarget,0,
f_110054_,effect,0,
f_110055_,auxAssets,0,
f_110056_,auxNames,0,
f_110057_,auxWidths,0,
f_110058_,auxHeights,0,
f_110059_,shaderOrthoMatrix,0,
f_110076_,xPos,0,
f_110077_,yPos,0,
f_110078_,width,0,
f_110079_,height,0,
f_110092_,fixedBufferPack,0,
f_110094_,bufferSource,0,
f_110095_,crumblingBufferSource,0,
f_110096_,outlineBufferSource,0,
f_11010_,val$result,0,
f_110110_,NO_CULL,0,
f_110111_,NO_DEPTH_TEST,0,
f_110112_,EQUAL_DEPTH_TEST,0,
f_110113_,LEQUAL_DEPTH_TEST,0,
f_110114_,COLOR_DEPTH_WRITE,0,
f_110115_,COLOR_WRITE,0,
f_110116_,DEPTH_WRITE,0,
f_110117_,NO_LAYERING,0,
f_110118_,POLYGON_OFFSET_LAYERING,0,
f_110119_,VIEW_OFFSET_Z_LAYERING,0,
f_110123_,MAIN_TARGET,0,
f_110124_,OUTLINE_TARGET,0,
f_110125_,TRANSLUCENT_TARGET,0,
f_110126_,PARTICLES_TARGET,0,
f_110127_,WEATHER_TARGET,0,
f_110128_,CLOUDS_TARGET,0,
f_110129_,ITEM_ENTITY_TARGET,0,
f_110130_,DEFAULT_LINE,0,
f_110131_,setupState,0,
f_110132_,clearState,0,
f_110133_,name,0,
f_110134_,NO_TRANSPARENCY,0,
f_110135_,ADDITIVE_TRANSPARENCY,0,
f_110136_,LIGHTNING_TRANSPARENCY,0,
f_110137_,GLINT_TRANSPARENCY,0,
f_110138_,CRUMBLING_TRANSPARENCY,0,
f_110139_,TRANSLUCENT_TRANSPARENCY,0,
f_110145_,BLOCK_SHEET_MIPPED,0,
f_110146_,BLOCK_SHEET,0,
f_110147_,NO_TEXTURE,0,
f_110148_,DEFAULT_TEXTURING,0,
f_110150_,GLINT_TEXTURING,0,
f_110151_,ENTITY_GLINT_TEXTURING,0,
f_110152_,LIGHTMAP,0,
f_110153_,NO_LIGHTMAP,0,
f_110154_,OVERLAY,0,
f_110155_,NO_OVERLAY,0,
f_110158_,CULL,0,
f_11018_,profile,0,
f_11019_,expirationDate,0,
f_11020_,lastAccess,0,
f_110227_,enabled,0,
f_110243_,functionName,0,
f_110276_,width,0,
f_110328_,texture,0,
f_110329_,blur,0,
f_110330_,mipmap,0,
f_110356_,writeColor,0,
f_110357_,writeDepth,0,
f_110371_,LINES,0,
f_110372_,SOLID,0,
f_110373_,CUTOUT_MIPPED,0,
f_110374_,CUTOUT,0,
f_110375_,TRANSLUCENT,0,
f_110376_,TRANSLUCENT_MOVING_BLOCK,0,
f_110378_,LEASH,0,
f_110379_,WATER_MASK,0,
f_110380_,ARMOR_GLINT,0,
f_110381_,ARMOR_ENTITY_GLINT,0,
f_110382_,GLINT_TRANSLUCENT,0,
f_110383_,GLINT,0,
f_110384_,GLINT_DIRECT,0,
f_110385_,ENTITY_GLINT,0,
f_110386_,ENTITY_GLINT_DIRECT,0,
f_110387_,LIGHTNING,0,
f_110388_,TRIPWIRE,0,
f_110389_,format,0,
f_110390_,mode,0,
f_110391_,bufferSize,0,
f_110392_,affectsCrumbling,0,
f_110393_,sortOnUpload,0,
f_110394_,asOptional,0,
f_110511_,state,0,
f_110513_,outline,0,
f_110514_,isOutline,0,
f_110576_,textureState,0,
f_110577_,transparencyState,0,
f_110581_,depthTestState,0,
f_110582_,cullState,0,
f_110583_,lightmapState,0,
f_110584_,overlayState,0,
f_110586_,layeringState,0,
f_110587_,outputState,0,
f_110588_,texturingState,0,
f_110589_,writeMaskState,0,
f_110590_,lineState,0,
f_110591_,outlineProperty,0,
f_110592_,states,0,
f_11062_,OLD_IPBANLIST,0,
f_11063_,OLD_USERBANLIST,0,
f_110641_,textureState,0,
f_110642_,transparencyState,0,
f_110646_,depthTestState,0,
f_110647_,cullState,0,
f_110648_,lightmapState,0,
f_110649_,overlayState,0,
f_11064_,OLD_OPLIST,0,
f_110651_,layeringState,0,
f_110652_,outputState,0,
f_110653_,texturingState,0,
f_110654_,writeMaskState,0,
f_110655_,lineState,0,
f_11065_,OLD_WHITELIST,0,
f_11066_,LOGGER,0,
f_110696_,name,0,
f_110707_,values,0,
f_110708_,count,0,
f_110709_,cursor,0,
f_110714_,UNDERWATER_LOCATION,0,
f_110731_,SOLID_BLOCK_SHEET,0,
f_110732_,CUTOUT_BLOCK_SHEET,0,
f_110733_,TRANSLUCENT_ITEM_CULL_BLOCK_SHEET,0,
f_110734_,TRANSLUCENT_CULL_BLOCK_SHEET,0,
f_110735_,SHULKER_SHEET,0,
f_110736_,BED_SHEET,0,
f_110737_,BANNER_SHEET,0,
f_110738_,SHIELD_SHEET,0,
f_110739_,SIGN_SHEET,0,
f_110740_,CHEST_SHEET,0,
f_110741_,DEFAULT_SHULKER_TEXTURE_LOCATION,0,
f_110742_,SHULKER_TEXTURE_LOCATION,0,
f_110743_,SIGN_MATERIALS,0,
f_110744_,BED_TEXTURES,0,
f_110745_,CHEST_TRAP_LOCATION,0,
f_110746_,CHEST_TRAP_LOCATION_LEFT,0,
f_110747_,CHEST_TRAP_LOCATION_RIGHT,0,
f_110748_,CHEST_XMAS_LOCATION,0,
f_110749_,CHEST_XMAS_LOCATION_LEFT,0,
f_110750_,CHEST_XMAS_LOCATION_RIGHT,0,
f_110751_,CHEST_LOCATION,0,
f_110752_,CHEST_LOCATION_LEFT,0,
f_110753_,CHEST_LOCATION_RIGHT,0,
f_110754_,ENDER_CHEST_LOCATION,0,
f_110755_,SHULKER_BOX_SHEET_TYPE,0,
f_110756_,BED_SHEET_TYPE,0,
f_110757_,BANNER_SHEET_TYPE,0,
f_110758_,SHIELD_SHEET_TYPE,0,
f_110759_,SIGN_SHEET_TYPE,0,
f_110760_,CHEST_SHEET_TYPE,0,
f_110793_,$SwitchMap$net$minecraft$world$level$block$state$properties$ChestType,0,
f_110795_,delegate,0,
f_110796_,sprite,0,
f_110838_,levelRenderer,0,
f_110839_,level,0,
f_110868_,minecraft,0,
f_110869_,screenManager,0,
f_110877_,modelByStateCache,0,
f_110878_,modelManager,0,
f_110899_,blockModelShaper,0,
f_110900_,modelRenderer,0,
f_110901_,liquidBlockRenderer,0,
f_110902_,random,0,
f_110903_,blockColors,0,
f_110938_,$SwitchMap$net$minecraft$world$level$block$RenderShape,0,
f_110940_,lavaIcons,0,
f_110941_,waterIcons,0,
f_110942_,waterOverlay,0,
f_110995_,blockColors,0,
f_110996_,CACHE,0,
f_111102_,$SwitchMap$net$minecraft$core$Direction,0,
f_111110_,corners,0,
f_111111_,doNonCubicWeight,0,
f_111112_,vert0Weights,0,
f_111113_,vert1Weights,0,
f_111114_,vert2Weights,0,
f_111115_,vert3Weights,0,
f_111116_,BY_FACING,0,
f_11112_,val$server,0,
f_11113_,val$userMap,0,
f_111149_,brightness,0,
f_11114_,val$bans,0,
f_111150_,lightmap,0,
f_111185_,vert0,0,
f_111186_,vert1,0,
f_111187_,vert2,0,
f_111188_,vert3,0,
f_111189_,BY_FACING,0,
f_111214_,enabled,0,
f_111215_,colorCache,0,
f_111216_,brightnessCache,0,
f_111232_,this$0,0,
f_111239_,this$0,0,
f_11124_,val$server,0,
f_111258_,shape,0,
f_11125_,val$opsList,0,
f_111271_,EXAMPLES,0,
f_111272_,ERROR_UNKNOWN_SLOT,0,
f_111292_,vertices,0,
f_111293_,tintIndex,0,
f_111294_,direction,0,
f_111295_,sprite,0,
f_111296_,shade,0,
f_111308_,from,0,
f_111309_,to,0,
f_111310_,faces,0,
f_111311_,rotation,0,
f_111312_,shade,0,
f_111322_,$SwitchMap$net$minecraft$core$Direction,0,
f_11134_,val$server,0,
f_111354_,cullForDirection,0,
f_111355_,tintIndex,0,
f_111356_,texture,0,
f_111357_,uv,0,
f_11135_,val$whitelist,0,
f_111378_,origin,0,
f_111379_,axis,0,
f_111380_,angle,0,
f_111381_,rescale,0,
f_111387_,uvs,0,
f_111388_,rotation,0,
f_111415_,GSON,0,
f_111416_,name,0,
f_111417_,textureMap,0,
f_111418_,parent,0,
f_111419_,parentLocation,0,
f_111420_,LOGGER,0,
f_111421_,FACE_BAKERY,0,
f_111422_,elements,0,
f_111423_,guiLight,0,
f_111424_,hasAmbientOcclusion,0,
f_111425_,transforms,0,
f_111426_,overrides,0,
f_11144_,val$server,0,
f_11145_,val$profiles,0,
f_111519_,name,0,
f_111532_,variants,0,
f_111533_,multiPart,0,
f_111548_,gson,0,
f_111549_,definition,0,
f_11154_,val$server,0,
f_11155_,val$worldNewPlayerDirectory,0,
f_111569_,RESCALE_22_5,0,
f_11156_,val$unknownPlayerDirectory,0,
f_111570_,RESCALE_45,0,
f_11157_,val$worldPlayerDirectory,0,
f_11158_,val$names,0,
f_111633_,$SwitchMap$net$minecraft$core$Direction$Axis,0,
f_111635_,LAYERS,0,
f_111675_,facing,0,
f_111676_,min,0,
f_111677_,max,0,
f_111678_,anchor,0,
f_111693_,direction,0,
f_111694_,xOffset,0,
f_111695_,yOffset,0,
f_111713_,model,0,
f_111714_,predicates,0,
f_111734_,EMPTY,0,
f_111735_,overrides,0,
f_111754_,NO_TRANSFORM,0,
f_111755_,rotation,0,
f_111756_,translation,0,
f_111757_,scale,0,
f_111769_,DEFAULT_ROTATION,0,
f_111770_,DEFAULT_TRANSLATION,0,
f_111771_,DEFAULT_SCALE,0,
f_111786_,NO_TRANSFORMS,0,
f_111787_,thirdPersonLeftHand,0,
f_111788_,thirdPersonRightHand,0,
f_111789_,firstPersonLeftHand,0,
f_111790_,firstPersonRightHand,0,
f_111791_,head,0,
f_111792_,gui,0,
f_111793_,ground,0,
f_111794_,fixed,0,
f_111845_,variants,0,
f_111874_,modelLocation,0,
f_111875_,rotation,0,
f_111876_,uvLock,0,
f_111877_,weight,0,
f_11188_,LOGGER,0,
f_11189_,USERBANLIST_FILE,0,
f_111908_,conditions,0,
f_11190_,IPBANLIST_FILE,0,
f_11191_,OPLIST_FILE,0,
f_111922_,TRUE,0,
f_111923_,FALSE,0,
f_11192_,WHITELIST_FILE,0,
f_111934_,PIPE_SPLITTER,0,
f_111935_,key,0,
f_111936_,value,0,
f_11193_,maxPlayers,0,
f_11194_,BAN_DATE_FORMAT,0,
f_11195_,server,0,
f_111962_,definition,0,
f_111963_,selectors,0,
f_11196_,players,0,
f_11197_,playersByUUID,0,
f_111987_,context,0,
f_11198_,bans,0,
f_11199_,ipBans,0,
f_112001_,conditions,0,
f_11200_,ops,0,
f_112015_,condition,0,
f_112016_,variant,0,
f_11201_,whitelist,0,
f_11202_,stats,0,
f_11203_,advancements,0,
f_112045_,flag,0,
f_112046_,pole,0,
f_112047_,bar,0,
f_11204_,playerIo,0,
f_11205_,doWhiteList,0,
f_11207_,viewDistance,0,
f_112084_,EXAMPLES,0,
f_112085_,ERROR_TEAM_NOT_FOUND,0,
f_112102_,BEAM_LOCATION,0,
f_11210_,sendAllPlayerInfoIn,0,
f_112227_,BELL_RESOURCE_LOCATION,0,
f_112228_,bellBody,0,
f_112248_,level,0,
f_112249_,camera,0,
f_112250_,cameraHitResult,0,
f_112251_,renderers,0,
f_112253_,font,0,
f_112350_,lid,0,
f_112351_,bottom,0,
f_112352_,lock,0,
f_112353_,doubleLeftLid,0,
f_112354_,doubleLeftBottom,0,
f_112355_,doubleLeftLock,0,
f_112356_,doubleRightLid,0,
f_112357_,doubleRightBottom,0,
f_112358_,doubleRightLock,0,
f_112359_,xmasTextures,0,
f_112378_,SHELL_TEXTURE,0,
f_112379_,ACTIVE_SHELL_TEXTURE,0,
f_112380_,WIND_TEXTURE,0,
f_112381_,VERTICAL_WIND_TEXTURE,0,
f_112382_,OPEN_EYE_TEXTURE,0,
f_112383_,CLOSED_EYE_TEXTURE,0,
f_112384_,eye,0,
f_112385_,wind,0,
f_112386_,shell,0,
f_112387_,cage,0,
f_112405_,BOOK_LOCATION,0,
f_112406_,bookModel,0,
f_112424_,bookModel,0,
f_112441_,blockRenderer,0,
f_112466_,model,0,
f_112507_,stick,0,
f_112519_,SKIN_BY_TYPE,0,
f_112595_,$SwitchMap$net$minecraft$world$level$block$Mirror,0,
f_112596_,$SwitchMap$net$minecraft$world$level$block$Rotation,0,
f_112598_,BEAM_LOCATION,0,
f_112626_,END_SKY_LOCATION,0,
f_112627_,END_PORTAL_LOCATION,0,
f_112899_,centerX,0,
f_112900_,centerZ,0,
f_112905_,chunks,0,
f_112908_,level,0,
f_112949_,DX,0,
f_112950_,DZ,0,
f_112951_,DY,0,
f_112952_,DIRECTIONS,0,
f_112953_,bitSet,0,
f_112954_,INDEX_OF_EDGES,0,
f_112955_,empty,0,
f_112977_,$SwitchMap$net$minecraft$core$Direction,0,
f_112979_,FACINGS,0,
f_112980_,data,0,
f_112996_,camX,0,
f_112997_,camY,0,
f_112998_,camZ,0,
f_113031_,EXAMPLES,0,
f_113032_,ERROR_INVALID_UNIT,0,
f_113034_,UNITS,0,
f_113048_,minecraft,0,
f_113049_,hives,0,
f_113050_,beeInfosPerEntity,0,
f_113051_,lastLookedAtUuid,0,
f_11317_,this$0,0,
f_113193_,LOGGER,0,
f_113194_,minecraft,0,
f_113195_,pois,0,
f_113196_,brainDumpsPerEntity,0,
f_113197_,lastLookedAtUuid,0,
f_113333_,pos,0,
f_113334_,type,0,
f_113335_,freeTicketCount,0,
f_113354_,minecraft,0,
f_113363_,minecraft,0,
f_113364_,lastUpdateTime,0,
f_113365_,radius,0,
f_113366_,data,0,
f_113378_,clientData,0,
f_113379_,serverData,0,
f_113400_,minecraft,0,
f_113401_,lastUpdateTime,0,
f_113402_,shapes,0,
f_113413_,pathfindingRenderer,0,
f_113414_,waterDebugRenderer,0,
f_113415_,chunkBorderRenderer,0,
f_113416_,heightMapRenderer,0,
f_113417_,collisionBoxRenderer,0,
f_113418_,neighborsUpdateRenderer,0,
f_113420_,structureRenderer,0,
f_113421_,lightDebugRenderer,0,
f_113422_,worldGenAttemptRenderer,0,
f_113423_,solidFaceRenderer,0,
f_113424_,chunkRenderer,0,
f_113425_,brainDebugRenderer,0,
f_113426_,villageSectionsDebugRenderer,0,
f_113427_,beeDebugRenderer,0,
f_113428_,raidDebugRenderer,0,
f_113429_,goalSelectorRenderer,0,
f_113430_,gameTestDebugRenderer,0,
f_113431_,renderChunkborder,0,
f_113512_,markers,0,
f_113532_,color,0,
f_113533_,text,0,
f_113534_,removeAtTime,0,
f_113543_,minecraft,0,
f_113544_,goalSelectors,0,
f_11355_,level,0,
f_11356_,bypassesPlayerLimit,0,
f_113570_,minecraft,0,
f_113581_,$SwitchMap$net$minecraft$world$level$levelgen$Heightmap$Types,0,
f_113583_,minecraft,0,
f_113592_,minecraft,0,
f_113593_,lastUpdate,0,
f_113607_,pathMap,0,
f_113608_,pathMaxDist,0,
f_113609_,creationMap,0,
f_113647_,minecraft,0,
f_113648_,raidCenters,0,
f_113666_,minecraft,0,
f_113675_,minecraft,0,
f_113676_,postMainBoxes,0,
f_113693_,villageSections,0,
f_11369_,user,0,
f_113715_,minecraft,0,
f_113724_,toRender,0,
f_113725_,scales,0,
f_113726_,alphas,0,
f_113727_,reds,0,
f_113728_,greens,0,
f_113729_,blues,0,
f_113744_,scale,0,
f_11374_,LOGGER,0,
f_113757_,ZOMBIE_LOCATION,0,
f_11375_,GSON,0,
f_11376_,file,0,
f_11377_,map,0,
f_113780_,DEFAULT_SKIN_LOCATION,0,
f_113845_,ERROR_INVALID_UUID,0,
f_113846_,EXAMPLES,0,
f_113847_,ALLOWED_CHARACTERS,0,
f_113859_,BAT_LOCATION,0,
f_113887_,ANGRY_BEE_TEXTURE,0,
f_113888_,ANGRY_NECTAR_BEE_TEXTURE,0,
f_113889_,BEE_TEXTURE,0,
f_113890_,NECTAR_BEE_TEXTURE,0,
f_113898_,BLAZE_LOCATION,0,
f_113961_,CAVE_SPIDER_LOCATION,0,
f_113979_,MAP,0,
f_113988_,CHICKEN_LOCATION,0,
f_114002_,COD_LOCATION,0,
f_114022_,COW_LOCATION,0,
f_114030_,CREEPER_LOCATION,0,
f_114052_,DOLPHIN_LOCATION,0,
f_114060_,TEXTURE_LOCATION,0,
f_114061_,RENDER_TYPE,0,
f_114098_,DROWNED_LOCATION,0,
f_114116_,GUARDIAN_ELDER_LOCATION,0,
f_11412_,trigger,0,
f_114132_,END_CRYSTAL_LOCATION,0,
f_114133_,RENDER_TYPE,0,
f_114134_,SIN_45,0,
f_114135_,cube,0,
f_114136_,glass,0,
f_114137_,base,0,
f_114174_,CRYSTAL_BEAM_LOCATION,0,
f_114175_,DRAGON_EXPLODING_LOCATION,0,
f_114176_,DRAGON_LOCATION,0,
f_114177_,DRAGON_EYES_LOCATION,0,
f_114178_,RENDER_TYPE,0,
f_114179_,DECAL,0,
f_114180_,EYES,0,
f_114181_,BEAM,0,
f_114182_,HALF_SQRT_3,0,
f_114183_,model,0,
f_114233_,entity,0,
f_114234_,a,0,
f_114235_,head,0,
f_114236_,neck,0,
f_114237_,jaw,0,
f_114238_,body,0,
f_114239_,leftWing,0,
f_114240_,leftWingTip,0,
f_114241_,leftFrontLeg,0,
f_114242_,leftFrontLegTip,0,
f_114243_,leftFrontFoot,0,
f_114244_,leftRearLeg,0,
f_114245_,leftRearLegTip,0,
f_114246_,leftRearFoot,0,
f_114247_,rightWing,0,
f_114248_,rightWingTip,0,
f_114249_,rightFrontLeg,0,
f_114250_,rightFrontLegTip,0,
f_114251_,rightFrontFoot,0,
f_114252_,rightRearLeg,0,
f_114253_,rightRearLegTip,0,
f_114254_,rightRearFoot,0,
f_114302_,ENDERMAN_LOCATION,0,
f_114303_,random,0,
f_114345_,ENDERMITE_LOCATION,0,
f_114357_,textureManager,0,
f_114358_,camera,0,
f_114359_,crosshairPickEntity,0,
f_114360_,options,0,
f_114361_,SHADOW_RENDER_TYPE,0,
f_114362_,renderers,0,
f_114363_,playerRenderers,0,
f_114365_,font,0,
f_114366_,level,0,
f_114367_,cameraOrientation,0,
f_114368_,shouldRenderShadow,0,
f_114369_,renderHitBoxes,0,
f_114476_,entityRenderDispatcher,0,
f_114477_,shadowRadius,0,
f_114478_,shadowStrength,0,
f_114511_,TEXTURE_LOCATION,0,
f_114512_,model,0,
f_114534_,EVOKER_ILLAGER,0,
f_114579_,EXPERIENCE_ORB_LOCATION,0,
f_114580_,RENDER_TYPE,0,
f_114640_,itemRenderer,0,
f_114662_,state,0,
f_114663_,properties,0,
f_114664_,tag,0,
f_114678_,TEXTURE_LOCATION,0,
f_114679_,RENDER_TYPE,0,
f_11467_,outputStream,0,
f_11468_,dataOutputStream,0,
f_114720_,RED_FOX_TEXTURE,0,
f_114721_,RED_FOX_SLEEP_TEXTURE,0,
f_114722_,SNOW_FOX_TEXTURE,0,
f_114723_,SNOW_FOX_SLEEP_TEXTURE,0,
f_114743_,GHAST_LOCATION,0,
f_114744_,GHAST_SHOOTING_LOCATION,0,
f_114760_,ZOMBIE_LOCATION,0,
f_114761_,scale,0,
f_114778_,GUARDIAN_LOCATION,0,
f_114779_,GUARDIAN_BEAM_LOCATION,0,
f_114780_,BEAM_RENDER_TYPE,0,
f_11481_,HEX_CHAR,0,
f_114853_,HOGLIN_LOCATION,0,
f_114865_,LOCATION_BY_VARIANT,0,
f_114892_,HUSK_LOCATION,0,
f_114922_,ILLUSIONER,0,
f_114999_,GOLEM_LOCATION,0,
f_11500_,RCON_COMPONENT,0,
f_115019_,itemRenderer,0,
f_11501_,buffer,0,
f_115020_,random,0,
f_11502_,server,0,
f_115044_,FRAME_LOCATION,0,
f_115045_,MAP_FRAME_LOCATION,0,
f_115047_,itemRenderer,0,
f_115094_,IGNORED,0,
f_115095_,itemModelShaper,0,
f_115096_,textureManager,0,
f_115097_,itemColors,0,
f_11515_,running,0,
f_11516_,name,0,
f_11517_,thread,0,
f_11518_,LOGGER,0,
f_11519_,UNIQUE_THREAD_ID,0,
f_115229_,KNOT_LOCATION,0,
f_115230_,model,0,
f_11524_,LOGGER,0,
f_11525_,lastChallengeCheck,0,
f_11526_,port,0,
f_11527_,serverPort,0,
f_115289_,LOGGER,0,
f_11528_,maxPlayers,0,
f_115290_,model,0,
f_115291_,layers,0,
f_11529_,serverName,0,
f_11530_,worldName,0,
f_11531_,socket,0,
f_11532_,buffer,0,
f_11533_,hostIp,0,
f_115345_,$SwitchMap$net$minecraft$core$Direction,0,
f_115346_,$SwitchMap$net$minecraft$world$scores$Team$Visibility,0,
f_11534_,serverIp,0,
f_115356_,LLAMA_SPIT_LOCATION,0,
f_115357_,model,0,
f_11535_,validChallenges,0,
f_11536_,rulesResponse,0,
f_115379_,MAGMACUBE_LOCATION,0,
f_11537_,lastRulesResponse,0,
f_11538_,serverInterface,0,
f_115401_,model,0,
f_115402_,MINECART_LOCATION,0,
f_115507_,TEXTURES,0,
f_115517_,CAT_OCELOT_LOCATION,0,
f_115566_,EXAMPLES,0,
f_115591_,state,0,
f_115592_,properties,0,
f_115593_,nbt,0,
f_115604_,tag,0,
f_115605_,nbt,0,
f_115606_,vagueProperties,0,
f_115620_,TEXTURES,0,
f_115662_,PHANTOM_LOCATION,0,
f_11567_,time,0,
f_11568_,challenge,0,
f_115690_,PIG_LOCATION,0,
f_11569_,identBytes,0,
f_11570_,challengeBytes,0,
f_115713_,PILLAGER,0,
f_11571_,ident,0,
f_115721_,BEAR_LOCATION,0,
f_115737_,PUFFER_LOCATION,0,
f_115738_,puffStateO,0,
f_115739_,small,0,
f_115740_,mid,0,
f_115741_,big,0,
f_115789_,RABBIT_BROWN_LOCATION,0,
f_115790_,RABBIT_WHITE_LOCATION,0,
f_115791_,RABBIT_BLACK_LOCATION,0,
f_115792_,RABBIT_GOLD_LOCATION,0,
f_115793_,RABBIT_SALT_LOCATION,0,
f_115794_,RABBIT_WHITE_SPLOTCHED_LOCATION,0,
f_115795_,RABBIT_TOAST_LOCATION,0,
f_115796_,RABBIT_EVIL_LOCATION,0,
f_11579_,LOGGER,0,
f_115804_,TEXTURE_LOCATION,0,
f_11580_,authed,0,
f_115813_,SALMON_LOCATION,0,
f_11581_,client,0,
f_11582_,buf,0,
f_115833_,SHEEP_LOCATION,0,
f_11583_,rconPassword,0,
f_115841_,TEXTURE_LOCATION,0,
f_115842_,RENDER_TYPE,0,
f_115843_,model,0,
f_11584_,serverInterface,0,
f_115871_,DEFAULT_TEXTURE_LOCATION,0,
f_115872_,TEXTURE_LOCATION,0,
f_115920_,SILVERFISH_LOCATION,0,
f_115932_,SKELETON_LOCATION,0,
f_115942_,SLIME_LOCATION,0,
f_115986_,SNOW_GOLEM_LOCATION,0,
f_115994_,SPECTRAL_ARROW_LOCATION,0,
f_116002_,SPIDER_LOCATION,0,
f_116014_,SQUID_LOCATION,0,
f_11601_,LOGGER,0,
f_11602_,socket,0,
f_11603_,rconPassword,0,
f_116040_,STRAY_SKELETON_LOCATION,0,
f_11604_,clients,0,
f_116050_,STRIDER_LOCATION,0,
f_116051_,COLD_LOCATION,0,
f_11605_,serverInterface,0,
f_116071_,itemRenderer,0,
f_116072_,scale,0,
f_116073_,fullBright,0,
f_116094_,TRIDENT_LOCATION,0,
f_116095_,model,0,
f_116117_,EXAMPLES,0,
f_116132_,NORMAL_ARROW_LOCATION,0,
f_116133_,TIPPED_ARROW_LOCATION,0,
f_116183_,modelA,0,
f_116184_,modelB,0,
f_11620_,CODEC,0,
f_11621_,event,0,
f_11622_,minDelay,0,
f_116231_,TURTLE_LOCATION,0,
f_11623_,maxDelay,0,
f_11624_,replaceCurrentMusic,0,
f_116267_,MAP,0,
f_116275_,VEX_LOCATION,0,
f_116276_,VEX_CHARGING_LOCATION,0,
f_116300_,VILLAGER_BASE_SKIN,0,
f_116317_,VINDICATOR,0,
f_116362_,VILLAGER_BASE_SKIN,0,
f_116378_,WITCH_LOCATION,0,
f_116422_,WITHER_INVULNERABLE_LOCATION,0,
f_116423_,WITHER_LOCATION,0,
f_116445_,WITHER_SKELETON_LOCATION,0,
f_11645_,MENU,0,
f_116463_,WITHER_INVULNERABLE_LOCATION,0,
f_116464_,WITHER_LOCATION,0,
f_116465_,model,0,
f_11646_,CREATIVE,0,
f_11647_,CREDITS,0,
f_11648_,END_BOSS,0,
f_11649_,END,0,
f_11650_,UNDER_WATER,0,
f_11651_,GAME,0,
f_116537_,ZOGLIN_LOCATION,0,
f_116547_,ZOMBIE_VILLAGER_LOCATION,0,
f_116562_,dispatcher,0,
f_11656_,location,0,
f_116577_,BEE_STINGER_LOCATION,0,
f_11663_,ANCIENT_DEBRIS_FALL,0,
f_116649_,CAT_COLLAR_LOCATION,0,
f_11664_,ANVIL_BREAK,0,
f_116650_,catModel,0,
f_11665_,ANVIL_DESTROY,0,
f_11666_,ANVIL_FALL,0,
f_116676_,POWER_LOCATION,0,
f_116677_,model,0,
f_11667_,ANVIL_HIT,0,
f_11668_,ANVIL_LAND,0,
f_11669_,ANVIL_PLACE,0,
f_116709_,scaleX,0,
f_11670_,ANVIL_STEP,0,
f_116710_,scaleY,0,
f_116711_,scaleZ,0,
f_11671_,ANVIL_USE,0,
f_11672_,ARMOR_EQUIP_CHAIN,0,
f_11673_,ARMOR_EQUIP_DIAMOND,0,
f_116741_,ERROR_NO_TAGS_ALLOWED,0,
f_116742_,ERROR_UNKNOWN_BLOCK,0,
f_116743_,ERROR_UNKNOWN_PROPERTY,0,
f_116744_,ERROR_DUPLICATE_PROPERTY,0,
f_116745_,ERROR_INVALID_VALUE,0,
f_116746_,ERROR_EXPECTED_VALUE,0,
f_116747_,ERROR_EXPECTED_END_OF_PROPERTIES,0,
f_116748_,SUGGEST_NOTHING,0,
f_116749_,reader,0,
f_11674_,ARMOR_EQUIP_ELYTRA,0,
f_116750_,forTesting,0,
f_116751_,properties,0,
f_116752_,vagueProperties,0,
f_116753_,id,0,
f_116754_,definition,0,
f_116755_,state,0,
f_116756_,nbt,0,
f_116757_,tag,0,
f_116759_,suggestions,0,
f_11675_,ARMOR_EQUIP_GENERIC,0,
f_11676_,ARMOR_EQUIP_GOLD,0,
f_11677_,ARMOR_EQUIP_IRON,0,
f_11678_,ARMOR_EQUIP_LEATHER,0,
f_11679_,ARMOR_EQUIP_NETHERITE,0,
f_11680_,ARMOR_EQUIP_TURTLE,0,
f_11681_,ARMOR_STAND_BREAK,0,
f_11682_,ARMOR_STAND_FALL,0,
f_11683_,ARMOR_STAND_HIT,0,
f_11684_,ARMOR_STAND_PLACE,0,
f_11685_,ARROW_HIT,0,
f_11686_,ARROW_HIT_PLAYER,0,
f_11687_,ARROW_SHOOT,0,
f_11688_,AXE_STRIP,0,
f_11689_,AMBIENT_CAVE,0,
f_116907_,DROWNED_OUTER_LAYER_LOCATION,0,
f_116908_,model,0,
f_11690_,BEE_LOOP_AGGRESSIVE,0,
f_11691_,BEE_LOOP,0,
f_11692_,BEE_STING,0,
f_116934_,WINGS_LOCATION,0,
f_116935_,elytraModel,0,
f_11693_,BEE_POLLINATE,0,
f_11694_,BEEHIVE_DRIP,0,
f_11695_,BEEHIVE_ENTER,0,
f_116961_,ENDERMAN_EYES,0,
f_11696_,BEEHIVE_EXIT,0,
f_11697_,BEEHIVE_SHEAR,0,
f_11698_,BEEHIVE_WORK,0,
f_11699_,BELL_BLOCK,0,
f_11700_,BELL_RESONATE,0,
f_117017_,model,0,
f_11701_,BLAZE_AMBIENT,0,
f_11702_,BLAZE_BURN,0,
f_11703_,BLAZE_DEATH,0,
f_117042_,LOCATION_BY_MARKINGS,0,
f_11704_,BLAZE_HURT,0,
f_11705_,BLAZE_SHOOT,0,
f_11706_,BOAT_PADDLE_LAND,0,
f_117070_,ARMOR_LOCATION_CACHE,0,
f_117071_,innerModel,0,
f_117072_,outerModel,0,
f_11707_,BOAT_PADDLE_WATER,0,
f_11708_,BONE_BLOCK_BREAK,0,
f_11709_,BONE_BLOCK_FALL,0,
f_11710_,BONE_BLOCK_HIT,0,
f_11711_,BONE_BLOCK_PLACE,0,
f_11712_,BONE_BLOCK_STEP,0,
f_117130_,$SwitchMap$net$minecraft$world$entity$EquipmentSlot,0,
f_117132_,resourceLocations,0,
f_11713_,BOOK_PAGE_TURN,0,
f_11714_,BOOK_PUT,0,
f_11715_,BLASTFURNACE_FIRE_CRACKLE,0,
f_11716_,BAMBOO_BREAK,0,
f_11717_,BAMBOO_FALL,0,
f_11718_,BAMBOO_HIT,0,
f_11719_,BAMBOO_PLACE,0,
f_11720_,BAMBOO_STEP,0,
f_117214_,TEXTURE_LOCATION,0,
f_117215_,TRADER_LLAMA,0,
f_117216_,model,0,
f_11721_,BAMBOO_SAPLING_BREAK,0,
f_11722_,BAMBOO_SAPLING_HIT,0,
f_11723_,BAMBOO_SAPLING_PLACE,0,
f_11724_,BARREL_CLOSE,0,
f_11725_,BARREL_OPEN,0,
f_11726_,BASALT_BREAK,0,
f_11727_,BASALT_STEP,0,
f_11728_,BASALT_PLACE,0,
f_117290_,model,0,
f_11729_,BASALT_HIT,0,
f_11730_,BASALT_FALL,0,
f_11731_,BAT_AMBIENT,0,
f_11732_,BAT_DEATH,0,
f_117339_,PHANTOM_EYES,0,
f_11733_,BAT_HURT,0,
f_117344_,renderer,0,
f_11734_,BAT_LOOP,0,
f_11735_,BAT_TAKEOFF,0,
f_11736_,BEACON_ACTIVATE,0,
f_11737_,BEACON_AMBIENT,0,
f_117387_,textureLocation,0,
f_117388_,model,0,
f_11738_,BEACON_DEACTIVATE,0,
f_11739_,BEACON_POWER_SELECT,0,
f_117404_,SHEEP_FUR_LOCATION,0,
f_117405_,model,0,
f_11740_,BEE_DEATH,0,
f_11741_,BEE_HURT,0,
f_11742_,AMBIENT_BASALT_DELTAS_ADDITIONS,0,
f_11743_,CHAIN_FALL,0,
f_11744_,CHAIN_HIT,0,
f_117455_,model,0,
f_11745_,CHAIN_PLACE,0,
f_11746_,CHAIN_STEP,0,
f_11747_,CHEST_CLOSE,0,
f_11748_,CHEST_LOCKED,0,
f_11749_,CHEST_OPEN,0,
f_117504_,SPIDER_EYES,0,
f_117509_,TEXTURE,0,
f_11750_,CHICKEN_AMBIENT,0,
f_117510_,box,0,
f_11751_,CHICKEN_DEATH,0,
f_11752_,CHICKEN_EGG,0,
f_11753_,CHICKEN_HURT,0,
f_11754_,CHICKEN_STEP,0,
f_11755_,CHORUS_FLOWER_DEATH,0,
f_11756_,CHORUS_FLOWER_GROW,0,
f_11757_,CHORUS_FRUIT_TELEPORT,0,
f_11758_,COD_AMBIENT,0,
f_117596_,modelA,0,
f_117597_,modelB,0,
f_11759_,COD_DEATH,0,
f_11760_,COD_FLOP,0,
f_11761_,COD_HURT,0,
f_117622_,LEVEL_LOCATIONS,0,
f_117623_,typeHatCache,0,
f_117624_,professionHatCache,0,
f_117625_,resourceManager,0,
f_117626_,path,0,
f_11762_,COMPARATOR_CLICK,0,
f_11763_,COMPOSTER_EMPTY,0,
f_11764_,COMPOSTER_FILL,0,
f_11765_,COMPOSTER_FILL_SUCCESS,0,
f_11766_,COMPOSTER_READY,0,
f_11767_,CONDUIT_ACTIVATE,0,
f_11768_,CONDUIT_AMBIENT,0,
f_117695_,WITHER_ARMOR_LOCATION,0,
f_117696_,model,0,
f_11769_,BOTTLE_EMPTY,0,
f_117704_,WOLF_COLLAR_LOCATION,0,
f_11770_,BOTTLE_FILL,0,
f_11771_,BOTTLE_FILL_DRAGONBREATH,0,
f_11772_,BREWING_STAND_BREW,0,
f_11773_,BUBBLE_COLUMN_BUBBLE_POP,0,
f_11774_,BUBBLE_COLUMN_UPWARDS_AMBIENT,0,
f_11775_,BUBBLE_COLUMN_UPWARDS_INSIDE,0,
f_11776_,BUBBLE_COLUMN_WHIRLPOOL_AMBIENT,0,
f_11777_,BUBBLE_COLUMN_WHIRLPOOL_INSIDE,0,
f_11778_,BUCKET_EMPTY,0,
f_11779_,BUCKET_EMPTY_FISH,0,
f_11780_,BUCKET_EMPTY_LAVA,0,
f_11781_,BUCKET_FILL,0,
f_117820_,GENERIC_PROPERTIES,0,
f_117821_,DAMAGED,0,
f_117822_,DAMAGE,0,
f_117823_,PROPERTY_DAMAGED,0,
f_117824_,PROPERTY_DAMAGE,0,
f_117825_,PROPERTIES,0,
f_11782_,BUCKET_FILL_FISH,0,
f_11783_,BUCKET_FILL_LAVA,0,
f_11784_,CAMPFIRE_CRACKLE,0,
f_11785_,CAT_AMBIENT,0,
f_11786_,CAT_STRAY_AMBIENT,0,
f_11787_,CAT_DEATH,0,
f_11788_,CAT_EAT,0,
f_117899_,rotation,0,
f_11789_,CAT_HISS,0,
f_117900_,rota,0,
f_117901_,lastUpdateTick,0,
f_11790_,CAT_BEG_FOR_FOOD,0,
f_11791_,CAT_HURT,0,
f_11792_,CAT_PURR,0,
f_11793_,CAT_PURREOW,0,
f_11794_,CHAIN_BREAK,0,
f_117950_,id,0,
f_117951_,blur,0,
f_117952_,mipmap,0,
f_11795_,AMBIENT_BASALT_DELTAS_LOOP,0,
f_11796_,DISPENSER_DISPENSE,0,
f_117976_,LOGGER,0,
f_117977_,pixels,0,
f_11797_,DISPENSER_FAIL,0,
f_11798_,DISPENSER_LAUNCH,0,
f_117993_,LOGGER,0,
f_117994_,file,0,
f_117995_,urlString,0,
f_117996_,processLegacySkin,0,
f_117997_,onDownloaded,0,
f_117998_,future,0,
f_117999_,uploaded,0,
f_11799_,DOLPHIN_AMBIENT,0,
f_11800_,DOLPHIN_AMBIENT_WATER,0,
f_11801_,DOLPHIN_ATTACK,0,
f_11802_,DOLPHIN_DEATH,0,
f_118038_,POW22,0,
f_11803_,DOLPHIN_EAT,0,
f_11804_,DOLPHIN_HURT,0,
f_118059_,MISSING_TEXTURE_LOCATION,0,
f_11805_,DOLPHIN_JUMP,0,
f_118060_,missingTexture,0,
f_11806_,DOLPHIN_PLAY,0,
f_11807_,DOLPHIN_SPLASH,0,
f_118083_,NO_OVERLAY,0,
f_118084_,texture,0,
f_11808_,DOLPHIN_SWIM,0,
f_11809_,DONKEY_AMBIENT,0,
f_118100_,future,0,
f_11810_,DONKEY_ANGRY,0,
f_11811_,DONKEY_CHEST,0,
f_118129_,location,0,
f_11812_,DONKEY_DEATH,0,
f_118130_,LOGGER,0,
f_11813_,DONKEY_EAT,0,
f_118146_,metadata,0,
f_118147_,image,0,
f_118148_,exception,0,
f_11814_,DONKEY_HURT,0,
f_11815_,DROWNED_AMBIENT,0,
f_118161_,HOLDER_COMPARATOR,0,
f_118162_,mipLevel,0,
f_118163_,texturesToBeStitched,0,
f_118164_,storage,0,
f_118165_,storageX,0,
f_118166_,storageY,0,
f_118167_,maxWidth,0,
f_118168_,maxHeight,0,
f_11816_,DROWNED_AMBIENT_WATER,0,
f_11817_,DROWNED_DEATH,0,
f_11818_,DROWNED_DEATH_WATER,0,
f_11819_,DROWNED_HURT,0,
f_118203_,width,0,
f_118204_,height,0,
f_118209_,originX,0,
f_11820_,DROWNED_HURT_WATER,0,
f_118210_,originY,0,
f_118211_,width,0,
f_118212_,height,0,
f_118213_,subSlots,0,
f_118214_,holder,0,
f_11821_,DROWNED_SHOOT,0,
f_11822_,CONDUIT_AMBIENT_SHORT,0,
f_118234_,ERROR_NOT_LOADED,0,
f_118235_,ERROR_OUT_OF_WORLD,0,
f_118236_,EXAMPLES,0,
f_11823_,CONDUIT_ATTACK_TARGET,0,
f_11824_,CONDUIT_DEACTIVATE,0,
f_118254_,allSprites,0,
f_118259_,LOCATION_BLOCKS,0,
f_11825_,CORAL_BLOCK_BREAK,0,
f_118260_,LOCATION_PARTICLES,0,
f_118261_,LOGGER,0,
f_118262_,animatedTextures,0,
f_118263_,sprites,0,
f_118264_,texturesByName,0,
f_118265_,location,0,
f_118266_,maxSupportedTextureSize,0,
f_11826_,CORAL_BLOCK_FALL,0,
f_11827_,CORAL_BLOCK_HIT,0,
f_11828_,CORAL_BLOCK_PLACE,0,
f_11829_,CORAL_BLOCK_STEP,0,
f_11830_,COW_AMBIENT,0,
f_11831_,COW_DEATH,0,
f_11832_,COW_HURT,0,
f_11833_,COW_MILK,0,
f_118349_,x,0,
f_11834_,COW_STEP,0,
f_118350_,y,0,
f_118351_,u0,0,
f_118352_,u1,0,
f_118353_,v0,0,
f_118354_,v1,0,
f_11835_,CREEPER_DEATH,0,
f_11836_,CREEPER_HURT,0,
f_11837_,CREEPER_PRIMED,0,
f_11838_,CROP_BREAK,0,
f_11839_,CROP_PLANTED,0,
f_11840_,CROSSBOW_HIT,0,
f_11841_,CROSSBOW_LOADING_END,0,
f_11842_,CROSSBOW_LOADING_MIDDLE,0,
f_11843_,CROSSBOW_LOADING_START,0,
f_11844_,CROSSBOW_QUICK_CHARGE_1,0,
f_11845_,CROSSBOW_QUICK_CHARGE_2,0,
f_118466_,INTENTIONAL_MISSING_TEXTURE,0,
f_118467_,LOGGER,0,
f_118468_,byPath,0,
f_118469_,tickableTextures,0,
f_11846_,CROSSBOW_QUICK_CHARGE_3,0,
f_118470_,prefixRegister,0,
f_118471_,resourceManager,0,
f_11847_,CROSSBOW_SHOOT,0,
f_11848_,AMBIENT_BASALT_DELTAS_MOOD,0,
f_11849_,ENDERMAN_HURT,0,
f_11850_,ENDERMAN_SCREAM,0,
f_11851_,ENDERMAN_STARE,0,
f_11852_,ENDERMAN_TELEPORT,0,
f_11853_,ENDERMITE_AMBIENT,0,
f_11854_,ENDERMITE_DEATH,0,
f_11855_,ENDERMITE_HURT,0,
f_11856_,ENDERMITE_STEP,0,
f_11857_,ENDER_PEARL_THROW,0,
f_11858_,END_GATEWAY_SPAWN,0,
f_11859_,END_PORTAL_FRAME_FILL,0,
f_11860_,END_PORTAL_SPAWN,0,
f_11861_,EVOKER_AMBIENT,0,
f_11862_,EVOKER_CAST_SPELL,0,
f_11863_,EVOKER_CELEBRATE,0,
f_11864_,EVOKER_DEATH,0,
f_118656_,LOCATION,0,
f_11865_,EVOKER_FANGS_ATTACK,0,
f_11866_,EVOKER_HURT,0,
f_118673_,LOCATION,0,
f_11867_,EVOKER_PREPARE_ATTACK,0,
f_11868_,EVOKER_PREPARE_SUMMON,0,
f_11869_,EVOKER_PREPARE_WOLOLO,0,
f_11870_,EXPERIENCE_BOTTLE_THROW,0,
f_11871_,EXPERIENCE_ORB_PICKUP,0,
f_11872_,FENCE_GATE_CLOSE,0,
f_11873_,FENCE_GATE_OPEN,0,
f_11874_,FIRECHARGE_USE,0,
f_11875_,DROWNED_STEP,0,
f_11876_,DROWNED_SWIM,0,
f_11877_,EGG_THROW,0,
f_11878_,ELDER_GUARDIAN_AMBIENT,0,
f_118799_,BACK_SPRITE_LOCATION,0,
f_11879_,ELDER_GUARDIAN_AMBIENT_LAND,0,
f_11880_,ELDER_GUARDIAN_CURSE,0,
f_11881_,ELDER_GUARDIAN_DEATH,0,
f_11882_,ELDER_GUARDIAN_DEATH_LAND,0,
f_11883_,ELDER_GUARDIAN_FLOP,0,
f_118847_,val$sessionService,0,
f_118848_,this$0,0,
f_11884_,ELDER_GUARDIAN_HURT,0,
f_11885_,ELDER_GUARDIAN_HURT_LAND,0,
f_118860_,SPLASHES_LOCATION,0,
f_118861_,RANDOM,0,
f_118862_,splashes,0,
f_118863_,user,0,
f_11886_,ELYTRA_FLYING,0,
f_11887_,ENCHANTMENT_TABLE_USE,0,
f_118884_,textureAtlas,0,
f_11888_,ENDER_CHEST_CLOSE,0,
f_11889_,ENDER_CHEST_OPEN,0,
f_118909_,LOGGER,0,
f_11890_,ENDER_DRAGON_AMBIENT,0,
f_118910_,storage,0,
f_118911_,defaultRightToLeft,0,
f_11891_,ENDER_DRAGON_DEATH,0,
f_11892_,DRAGON_FIREBALL_EXPLODE,0,
f_118934_,language,0,
f_11893_,ENDER_DRAGON_FLAP,0,
f_118944_,region,0,
f_118945_,name,0,
f_118946_,bidirectional,0,
f_11894_,ENDER_DRAGON_GROWL,0,
f_11895_,ENDER_DRAGON_HURT,0,
f_118964_,LOGGER,0,
f_118965_,DEFAULT_LANGUAGE,0,
f_118966_,languages,0,
f_118967_,currentCode,0,
f_11896_,ENDER_DRAGON_SHOOT,0,
f_11897_,ENDER_EYE_DEATH,0,
f_118985_,ERROR_NOT_COMPLETE,0,
f_118986_,EXAMPLES,0,
f_11898_,ENDER_EYE_LAUNCH,0,
f_11899_,ENDERMAN_AMBIENT,0,
f_119001_,index,0,
f_119002_,time,0,
f_11900_,ENDERMAN_DEATH,0,
f_119011_,SERIALIZER,0,
f_119012_,EMPTY,0,
f_119013_,frames,0,
f_119014_,frameWidth,0,
f_119015_,frameHeight,0,
f_119016_,defaultFrameTime,0,
f_119017_,interpolatedFrames,0,
f_11901_,AMBIENT_CRIMSON_FOREST_ADDITIONS,0,
f_11902_,ROOTS_BREAK,0,
f_11903_,ROOTS_STEP,0,
f_11904_,ROOTS_PLACE,0,
f_11905_,ROOTS_HIT,0,
f_119065_,SERIALIZER,0,
f_119066_,hat,0,
f_11906_,ROOTS_FALL,0,
f_119074_,BY_NAME,0,
f_119075_,name,0,
f_11907_,FURNACE_FIRE_CRACKLE,0,
f_11908_,GENERIC_BIG_FALL,0,
f_119097_,languages,0,
f_11909_,GENERIC_BURN,0,
f_119108_,SERIALIZER,0,
f_119109_,blur,0,
f_11910_,GENERIC_DEATH,0,
f_119110_,clamp,0,
f_11911_,GENERIC_DRINK,0,
f_11912_,GENERIC_EAT,0,
f_11913_,GENERIC_EXPLODE,0,
f_119142_,BY_INDEX,0,
f_119143_,transformation,0,
f_119144_,actualRotation,0,
f_119145_,index,0,
f_11914_,GENERIC_EXTINGUISH_FIRE,0,
f_11915_,GENERIC_HURT,0,
f_119167_,itemTransforms,0,
f_119168_,overrides,0,
f_119169_,particleTexture,0,
f_11916_,GENERIC_SMALL_FALL,0,
f_119170_,usesBlockLight,0,
f_11917_,GENERIC_SPLASH,0,
f_119187_,atlasLocation,0,
f_119188_,texture,0,
f_119189_,renderType,0,
f_11918_,GENERIC_SWIM,0,
f_11919_,GHAST_AMBIENT,0,
f_119209_,blockColors,0,
f_11920_,GHAST_DEATH,0,
f_119210_,loadingStack,0,
f_119211_,context,0,
f_119212_,unbakedCache,0,
f_119213_,bakedCache,0,
f_119214_,topLevelModels,0,
f_119215_,bakedTopLevelModels,0,
f_119217_,nextModelGroup,0,
f_119218_,modelGroups,0,
f_119219_,FIRE_0,0,
f_11921_,GHAST_HURT,0,
f_119220_,FIRE_1,0,
f_119221_,LAVA_FLOW,0,
f_119222_,WATER_FLOW,0,
f_119223_,WATER_OVERLAY,0,
f_119224_,BANNER_BASE,0,
f_119225_,SHIELD_BASE,0,
f_119226_,NO_PATTERN_SHIELD,0,
f_119227_,DESTROY_STAGES,0,
f_119228_,BREAKING_LOCATIONS,0,
f_119229_,DESTROY_TYPES,0,
f_11922_,GHAST_SCREAM,0,
f_119230_,MISSING_MODEL_LOCATION,0,
f_119231_,MISSING_MODEL_MESH,0,
f_119232_,GENERATION_MARKER,0,
f_119233_,BLOCK_ENTITY_MARKER,0,
f_119235_,LOGGER,0,
f_119237_,BUILTIN_MODELS,0,
f_119238_,COMMA_SPLITTER,0,
f_119239_,EQUAL_SPLITTER,0,
f_11923_,GHAST_SHOOT,0,
f_119240_,ITEM_FRAME_FAKE_DEFINITION,0,
f_119241_,ITEM_MODEL_GENERATOR,0,
f_119242_,STATIC_DEFINITIONS,0,
f_11924_,GHAST_WARN,0,
f_11925_,GILDED_BLACKSTONE_BREAK,0,
f_11926_,GILDED_BLACKSTONE_FALL,0,
f_11927_,GILDED_BLACKSTONE_HIT,0,
f_11928_,FIREWORK_ROCKET_BLAST,0,
f_11929_,FIREWORK_ROCKET_BLAST_FAR,0,
f_11930_,FIREWORK_ROCKET_LARGE_BLAST,0,
f_11931_,FIREWORK_ROCKET_LARGE_BLAST_FAR,0,
f_11932_,FIREWORK_ROCKET_LAUNCH,0,
f_11933_,FIREWORK_ROCKET_SHOOT,0,
f_11934_,FIREWORK_ROCKET_TWINKLE,0,
f_11935_,FIREWORK_ROCKET_TWINKLE_FAR,0,
f_11936_,FIRE_AMBIENT,0,
f_119374_,models,0,
f_119375_,coloringValues,0,
f_11937_,FIRE_EXTINGUISH,0,
f_11938_,FISH_SWIM,0,
f_119397_,bakedRegistry,0,
f_119398_,atlases,0,
f_119399_,blockModelShaper,0,
f_11939_,FISHING_BOBBER_RETRIEVE,0,
f_119401_,blockColors,0,
f_119402_,maxMipmapLevels,0,
f_119403_,missingModel,0,
f_119404_,modelGroups,0,
f_11940_,FISHING_BOBBER_SPLASH,0,
f_11941_,FISHING_BOBBER_THROW,0,
f_11942_,FLINTANDSTEEL_USE,0,
f_119435_,variant,0,
f_11943_,FOX_AGGRO,0,
f_11944_,FOX_AMBIENT,0,
f_119453_,hasAmbientOcclusion,0,
f_119454_,isGui3d,0,
f_119455_,usesBlockLight,0,
f_119456_,particleIcon,0,
f_119457_,transforms,0,
f_119458_,overrides,0,
f_119459_,selectors,0,
f_11945_,FOX_BITE,0,
f_119460_,selectorCache,0,
f_11946_,FOX_DEATH,0,
f_119474_,selectors,0,
f_11947_,FOX_EAT,0,
f_119480_,unculledFaces,0,
f_119481_,culledFaces,0,
f_119482_,hasAmbientOcclusion,0,
f_119483_,isGui3d,0,
f_119484_,usesBlockLight,0,
f_119485_,particleIcon,0,
f_119486_,transforms,0,
f_119487_,overrides,0,
f_11948_,FOX_HURT,0,
f_11949_,FOX_SCREECH,0,
f_119508_,unculledFaces,0,
f_119509_,culledFaces,0,
f_11950_,FOX_SLEEP,0,
f_119510_,overrides,0,
f_119511_,hasAmbientOcclusion,0,
f_119512_,particleIcon,0,
f_119513_,usesBlockLight,0,
f_119514_,isGui3d,0,
f_119515_,transforms,0,
f_11951_,FOX_SNIFF,0,
f_11952_,FOX_SPIT,0,
f_11953_,FOX_TELEPORT,0,
f_119540_,totalWeight,0,
f_119541_,list,0,
f_119542_,wrapped,0,
f_11954_,AMBIENT_CRIMSON_FOREST_LOOP,0,
f_119556_,list,0,
f_11955_,HOE_TILL,0,
f_11956_,HOGLIN_AMBIENT,0,
f_119570_,sound,0,
f_119571_,source,0,
f_119572_,location,0,
f_119573_,volume,0,
f_119574_,pitch,0,
f_119575_,x,0,
f_119576_,y,0,
f_119577_,z,0,
f_119578_,looping,0,
f_119579_,delay,0,
f_11957_,HOGLIN_ANGRY,0,
f_119580_,attenuation,0,
f_119582_,relative,0,
f_11958_,HOGLIN_ATTACK,0,
f_11959_,HOGLIN_CONVERTED_TO_ZOMBIFIED,0,
f_119604_,stopped,0,
f_11960_,HOGLIN_DEATH,0,
f_119618_,bee,0,
f_119619_,hasSwitched,0,
f_11961_,HOGLIN_HURT,0,
f_119629_,player,0,
f_11962_,HOGLIN_RETREAT,0,
f_119630_,soundManager,0,
f_119631_,biomeManager,0,
f_119632_,random,0,
f_119633_,loopSounds,0,
f_119634_,moodSettings,0,
f_119635_,additionsSettings,0,
f_119636_,moodiness,0,
f_119637_,previousBiome,0,
f_11963_,HOGLIN_STEP,0,
f_11964_,HONEY_BLOCK_BREAK,0,
f_119655_,fadeDirection,0,
f_119656_,fade,0,
f_11965_,HONEY_BLOCK_FALL,0,
f_119662_,player,0,
f_119663_,wasInBubbleColumn,0,
f_119664_,firstTick,0,
f_11966_,HONEY_BLOCK_HIT,0,
f_119670_,player,0,
f_119671_,time,0,
f_119675_,entity,0,
f_11967_,HONEY_BLOCK_PLACE,0,
f_119688_,guardian,0,
f_11968_,HONEY_BLOCK_SLIDE,0,
f_119693_,minecart,0,
f_119694_,pitch,0,
f_11969_,HONEY_BLOCK_STEP,0,
f_119700_,player,0,
f_119701_,minecart,0,
f_11970_,HONEY_DRINK,0,
f_11971_,HORSE_AMBIENT,0,
f_11972_,HORSE_ANGRY,0,
f_11973_,HORSE_ARMOR,0,
f_11974_,HORSE_BREATHE,0,
f_11975_,HORSE_DEATH,0,
f_11976_,HORSE_EAT,0,
f_119770_,location,0,
f_119771_,volume,0,
f_119772_,pitch,0,
f_119773_,weight,0,
f_119774_,type,0,
f_119775_,stream,0,
f_119776_,preload,0,
f_119777_,attenuationDistance,0,
f_11977_,HORSE_GALLOP,0,
f_11978_,HORSE_HURT,0,
f_11979_,HORSE_JUMP,0,
f_119803_,name,0,
f_11980_,HORSE_LAND,0,
f_119815_,sounds,0,
f_119816_,replace,0,
f_119817_,subtitle,0,
f_11981_,GILDED_BLACKSTONE_PLACE,0,
f_11982_,GILDED_BLACKSTONE_STEP,0,
f_11983_,GLASS_BREAK,0,
f_11984_,GLASS_FALL,0,
f_119852_,player,0,
f_119853_,soundManager,0,
f_119854_,tickDelay,0,
f_119859_,player,0,
f_11985_,GLASS_HIT,0,
f_119864_,player,0,
f_119865_,fade,0,
f_11986_,GLASS_PLACE,0,
f_11987_,GLASS_STEP,0,
f_11988_,GRASS_BREAK,0,
f_119898_,left,0,
f_119899_,up,0,
f_11989_,GRASS_FALL,0,
f_119900_,forwards,0,
f_11990_,GRASS_HIT,0,
f_11991_,GRASS_PLACE,0,
f_11992_,GRASS_STEP,0,
f_11993_,GRAVEL_BREAK,0,
f_119941_,CREATIVE_NAMES,0,
f_119942_,CREATIVE_TAGS,0,
f_119944_,searchTrees,0,
f_11994_,GRAVEL_FALL,0,
f_119956_,list,0,
f_119957_,DEBUG_COMPARISONS,0,
f_119958_,DEBUG_ARRAY,0,
f_119959_,LOGGER,0,
f_11995_,GRAVEL_HIT,0,
f_119960_,chars,0,
f_119961_,wordStarts,0,
f_119962_,suffixToT,0,
f_119963_,offsets,0,
f_119964_,maxStringLength,0,
f_11996_,GRAVEL_PLACE,0,
f_11997_,GRAVEL_STEP,0,
f_11998_,GRINDSTONE_USE,0,
f_11999_,GUARDIAN_AMBIENT,0,
f_120001_,playerData,0,
f_12000_,GUARDIAN_AMBIENT_LAND,0,
f_120014_,LOGGER,0,
f_120015_,minecraft,0,
f_120016_,paused,0,
f_120017_,publishedPort,0,
f_120018_,lanPinger,0,
f_120019_,uuid,0,
f_12001_,GUARDIAN_ATTACK,0,
f_12002_,GUARDIAN_DEATH,0,
f_12003_,GUARDIAN_DEATH_LAND,0,
f_12004_,GUARDIAN_FLOP,0,
f_12005_,GUARDIAN_HURT,0,
f_12006_,GUARDIAN_HURT_LAND,0,
f_120072_,motd,0,
f_120073_,address,0,
f_120074_,pingTime,0,
f_12007_,AMBIENT_CRIMSON_FOREST_MOOD,0,
f_120081_,UNIQUE_THREAD_ID,0,
f_120082_,LOGGER,0,
f_120086_,serverList,0,
f_120087_,pingGroup,0,
f_120088_,socket,0,
f_12008_,IRON_GOLEM_HURT,0,
f_120092_,servers,0,
f_120093_,isDirty,0,
f_12009_,IRON_GOLEM_REPAIR,0,
f_120101_,UNIQUE_THREAD_ID,0,
f_120102_,LOGGER,0,
f_120103_,motd,0,
f_120104_,socket,0,
f_120105_,isRunning,0,
f_120106_,serverAddress,0,
f_12010_,IRON_GOLEM_STEP,0,
f_12011_,IRON_TRAPDOOR_CLOSE,0,
f_120121_,channels,0,
f_120122_,library,0,
f_120123_,executor,0,
f_12012_,IRON_TRAPDOOR_OPEN,0,
f_12013_,ITEM_FRAME_ADD_ITEM,0,
f_120145_,this$0,0,
f_120146_,channel,0,
f_120147_,stopped,0,
f_12014_,ITEM_FRAME_BREAK,0,
f_120159_,provider,0,
f_12015_,ITEM_FRAME_PLACE,0,
f_120160_,stream,0,
f_120161_,bufferedInputStream,0,
f_12016_,ITEM_FRAME_REMOVE_ITEM,0,
f_120177_,random,0,
f_120178_,minecraft,0,
f_120179_,currentMusic,0,
f_12017_,ITEM_FRAME_ROTATE_ITEM,0,
f_120180_,nextSongDelay,0,
f_120189_,resourceManager,0,
f_12018_,ITEM_BREAK,0,
f_120190_,cache,0,
f_12019_,ITEM_PICKUP,0,
f_12020_,LADDER_BREAK,0,
f_120214_,MARKER,0,
f_120215_,LOGGER,0,
f_120216_,ONLY_WARN_ONCE,0,
f_120217_,soundManager,0,
f_120218_,options,0,
f_120219_,loaded,0,
f_12021_,LADDER_FALL,0,
f_120220_,library,0,
f_120221_,listener,0,
f_120222_,soundBuffers,0,
f_120223_,executor,0,
f_120224_,channelAccess,0,
f_120225_,tickCount,0,
f_120226_,instanceToChannel,0,
f_120227_,instanceBySource,0,
f_120228_,tickingSounds,0,
f_120229_,queuedSounds,0,
f_12022_,LADDER_HIT,0,
f_120230_,soundDeleteTime,0,
f_120231_,listeners,0,
f_120232_,queuedTickableSounds,0,
f_120233_,preloadQueue,0,
f_12023_,LADDER_PLACE,0,
f_12024_,LADDER_STEP,0,
f_12025_,LANTERN_BREAK,0,
f_12026_,LANTERN_FALL,0,
f_12027_,LANTERN_HIT,0,
f_12028_,LANTERN_PLACE,0,
f_12029_,LANTERN_STEP,0,
f_12030_,LAVA_AMBIENT,0,
f_12031_,LAVA_EXTINGUISH,0,
f_120329_,thread,0,
f_12032_,LAVA_POP,0,
f_120330_,shutdown,0,
f_12033_,LEASH_KNOT_BREAK,0,
f_120344_,EMPTY_SOUND,0,
f_120345_,LOGGER,0,
f_120346_,GSON,0,
f_120347_,SOUND_EVENT_REGISTRATION_TYPE,0,
f_120348_,registry,0,
f_120349_,soundEngine,0,
f_12034_,HORSE_SADDLE,0,
f_12035_,HORSE_STEP,0,
f_12036_,HORSE_STEP_WOOD,0,
f_12037_,HOSTILE_BIG_FALL,0,
f_12038_,HOSTILE_DEATH,0,
f_12039_,HOSTILE_HURT,0,
f_12040_,HOSTILE_SMALL_FALL,0,
f_120411_,$SwitchMap$net$minecraft$client$resources$sounds$Sound$Type,0,
f_120413_,registry,0,
f_12041_,HOSTILE_SPLASH,0,
f_120429_,val$soundLocation,0,
f_12042_,HOSTILE_SWIM,0,
f_120430_,val$sound,0,
f_120431_,this$0,0,
f_12043_,HUSK_AMBIENT,0,
f_120441_,list,0,
f_120444_,subtitle,0,
f_12044_,HUSK_CONVERTED_TO_ZOMBIE,0,
f_12045_,HUSK_DEATH,0,
f_120460_,CRAFT_TITLE,0,
f_120461_,CRAFT_DESCRIPTION,0,
f_120462_,tutorial,0,
f_120463_,toast,0,
f_120464_,timeWaiting,0,
f_12046_,HUSK_HURT,0,
f_120475_,ERROR_NOT_COMPLETE,0,
f_120476_,EXAMPLES,0,
f_12047_,HUSK_STEP,0,
f_120489_,TITLE,0,
f_12048_,ILLUSIONER_AMBIENT,0,
f_120490_,DESCRIPTION,0,
f_120491_,tutorial,0,
f_120492_,toast,0,
f_120493_,timeWaiting,0,
f_12049_,ILLUSIONER_CAST_SPELL,0,
f_120506_,MOVE_TITLE,0,
f_120507_,MOVE_DESCRIPTION,0,
f_120508_,LOOK_TITLE,0,
f_120509_,LOOK_DESCRIPTION,0,
f_12050_,ILLUSIONER_DEATH,0,
f_120510_,tutorial,0,
f_120511_,moveToast,0,
f_120512_,lookToast,0,
f_120513_,timeWaiting,0,
f_120514_,timeMoved,0,
f_120515_,timeLooked,0,
f_120516_,moved,0,
f_120517_,turned,0,
f_120518_,moveCompleted,0,
f_120519_,lookCompleted,0,
f_12051_,ILLUSIONER_HURT,0,
f_12052_,ILLUSIONER_MIRROR_MOVE,0,
f_120530_,TITLE,0,
f_120531_,DESCRIPTION,0,
f_120532_,tutorial,0,
f_120533_,toast,0,
f_120534_,timeWaiting,0,
f_12053_,ILLUSIONER_PREPARE_BLINDNESS,0,
f_120541_,TITLE,0,
f_120542_,DESCRIPTION,0,
f_120543_,tutorial,0,
f_120544_,toast,0,
f_120545_,timeWaiting,0,
f_120546_,resetCount,0,
f_12054_,ILLUSIONER_PREPARE_MIRROR,0,
f_120559_,minecraft,0,
f_12055_,IRON_DOOR_CLOSE,0,
f_120560_,instance,0,
f_120561_,timedToasts,0,
f_12056_,IRON_DOOR_OPEN,0,
f_12057_,IRON_GOLEM_ATTACK,0,
f_12058_,IRON_GOLEM_DAMAGE,0,
f_120599_,toast,0,
f_12059_,IRON_GOLEM_DEATH,0,
f_120600_,durationTicks,0,
f_120601_,progress,0,
f_12060_,AMBIENT_NETHER_WASTES_ADDITIONS,0,
f_12061_,MAGMA_CUBE_SQUISH_SMALL,0,
f_12062_,METAL_BREAK,0,
f_120630_,name,0,
f_120631_,constructor,0,
f_12063_,METAL_FALL,0,
f_120648_,reason,0,
f_120649_,message,0,
f_12064_,METAL_HIT,0,
f_120650_,parent,0,
f_120651_,textHeight,0,
f_12065_,METAL_PLACE,0,
f_12066_,METAL_PRESSURE_PLATE_CLICK_OFF,0,
f_12067_,METAL_PRESSURE_PLATE_CLICK_ON,0,
f_120687_,LOGGER,0,
f_120688_,onlineScreen,0,
f_120689_,aborted,0,
f_12068_,METAL_STEP,0,
f_120690_,connection,0,
f_12069_,MINECART_INSIDE,0,
f_12070_,MINECART_RIDING,0,
f_120710_,val$hostname,0,
f_120711_,val$port,0,
f_120712_,val$minecraft,0,
f_120713_,val$server,0,
f_120714_,this$0,0,
f_12071_,MOOSHROOM_CONVERT,0,
f_12072_,MOOSHROOM_EAT,0,
f_120731_,text,0,
f_120732_,x,0,
f_120733_,y,0,
f_120734_,color,0,
f_12073_,MOOSHROOM_MILK,0,
f_12074_,MOOSHROOM_MILK_SUSPICIOUSLY,0,
f_12075_,MOOSHROOM_SHEAR,0,
f_12076_,MULE_AMBIENT,0,
f_12077_,MULE_ANGRY,0,
f_120785_,permitsPerSecond,0,
f_120786_,params,0,
f_12078_,MULE_CHEST,0,
f_120794_,narration,0,
f_120795_,rateLimiter,0,
f_12079_,MULE_DEATH,0,
f_120803_,EXAMPLES,0,
f_120804_,ERROR_INVALID,0,
f_12080_,MULE_EAT,0,
f_120816_,ERROR_NOT_COMPLETE,0,
f_120817_,EXAMPLES,0,
f_120818_,centerCorrect,0,
f_12081_,MULE_HURT,0,
f_12082_,MUSIC_CREATIVE,0,
f_120834_,ERROR_NOT_COMPLETE,0,
f_120835_,ERROR_MIXED_TYPE,0,
f_120836_,EXAMPLES,0,
f_120837_,centerCorrect,0,
f_12083_,MUSIC_CREDITS,0,
f_12084_,MUSIC_DISC_11,0,
f_120858_,ERROR_EXPECTED_DOUBLE,0,
f_120859_,ERROR_EXPECTED_INT,0,
f_12085_,MUSIC_DISC_13,0,
f_120860_,relative,0,
f_120861_,value,0,
f_12086_,MUSIC_DISC_BLOCKS,0,
f_120879_,x,0,
f_12087_,LEASH_KNOT_PLACE,0,
f_120880_,y,0,
f_120881_,z,0,
f_12088_,LEVER_CLICK,0,
f_12089_,LIGHTNING_BOLT_IMPACT,0,
f_120902_,EXAMPLES,0,
f_120903_,ERROR_UNKNOWN_TAG,0,
f_120904_,ERROR_UNKNOWN_FUNCTION,0,
f_12090_,LIGHTNING_BOLT_THUNDER,0,
f_12091_,LINGERING_POTION_THROW,0,
f_12092_,LLAMA_AMBIENT,0,
f_120937_,val$id,0,
f_12093_,LLAMA_ANGRY,0,
f_120946_,val$id,0,
f_12094_,LLAMA_CHEST,0,
f_120957_,EXAMPLES,0,
f_12095_,LLAMA_DEATH,0,
f_12096_,LLAMA_EAT,0,
f_120972_,ERROR_STACK_TOO_BIG,0,
f_120973_,item,0,
f_12097_,LLAMA_HURT,0,
f_12098_,LLAMA_SPIT,0,
f_120992_,ERROR_UNKNOWN_ITEM,0,
f_120993_,SUGGEST_NOTHING,0,
f_12099_,LLAMA_STEP,0,
f_12100_,LLAMA_SWAG,0,
f_12101_,MAGMA_CUBE_DEATH_SMALL,0,
f_12102_,LODESTONE_BREAK,0,
f_121033_,EXAMPLES,0,
f_12103_,LODESTONE_STEP,0,
f_12104_,LODESTONE_PLACE,0,
f_12105_,LODESTONE_HIT,0,
f_12106_,LODESTONE_FALL,0,
f_121078_,matrix,0,
f_121079_,decomposed,0,
f_12107_,LODESTONE_COMPASS_LOCK,0,
f_121080_,translation,0,
f_121081_,leftRotation,0,
f_121082_,scale,0,
f_121083_,rightRotation,0,
f_121084_,IDENTITY,0,
f_12108_,MAGMA_CUBE_DEATH,0,
f_12109_,MAGMA_CUBE_HURT,0,
f_12110_,MAGMA_CUBE_HURT_SMALL,0,
f_121111_,maxResults,0,
f_121112_,includesEntities,0,
f_121113_,worldLimited,0,
f_121114_,predicate,0,
f_121115_,range,0,
f_121116_,position,0,
f_121117_,aabb,0,
f_121118_,order,0,
f_121119_,currentEntity,0,
f_12111_,MAGMA_CUBE_JUMP,0,
f_121120_,playerName,0,
f_121121_,entityUUID,0,
f_121122_,type,0,
f_121123_,usesSelector,0,
f_12112_,MAGMA_CUBE_SQUISH,0,
f_12113_,AMBIENT_NETHER_WASTES_LOOP,0,
f_12114_,NETHER_WART_PLANTED,0,
f_12115_,STEM_BREAK,0,
f_12116_,STEM_STEP,0,
f_121170_,predicate,0,
f_121171_,order,0,
f_121172_,currentEntity,0,
f_121173_,playerName,0,
f_121174_,startPosition,0,
f_121175_,entityUUID,0,
f_121176_,suggestions,0,
f_121177_,hasNameEquals,0,
f_121178_,hasNameNotEquals,0,
f_121179_,isLimited,0,
f_12117_,STEM_PLACE,0,
f_121180_,isSorted,0,
f_121181_,hasGamemodeEquals,0,
f_121182_,hasGamemodeNotEquals,0,
f_121183_,hasTeamEquals,0,
f_121184_,hasTeamNotEquals,0,
f_121185_,type,0,
f_121186_,typeInverse,0,
f_121187_,hasScores,0,
f_121188_,hasAdvancements,0,
f_121189_,usesSelectors,0,
f_12118_,STEM_HIT,0,
f_121190_,ERROR_INVALID_NAME_OR_UUID,0,
f_121191_,ERROR_UNKNOWN_SELECTOR_TYPE,0,
f_121192_,ERROR_SELECTORS_NOT_ALLOWED,0,
f_121193_,ERROR_MISSING_SELECTOR_TYPE,0,
f_121194_,ERROR_EXPECTED_END_OF_OPTIONS,0,
f_121195_,ERROR_EXPECTED_OPTION_VALUE,0,
f_121197_,ORDER_NEAREST,0,
f_121198_,ORDER_FURTHEST,0,
f_121199_,ORDER_RANDOM,0,
f_12119_,STEM_FALL,0,
f_121200_,SUGGEST_NOTHING,0,
f_121201_,reader,0,
f_121202_,allowSelectors,0,
f_121203_,maxResults,0,
f_121204_,includesEntities,0,
f_121205_,worldLimited,0,
f_121206_,distance,0,
f_121207_,level,0,
f_121208_,x,0,
f_121209_,y,0,
f_12120_,NYLIUM_BREAK,0,
f_121210_,z,0,
f_121211_,deltaX,0,
f_121212_,deltaY,0,
f_121213_,deltaZ,0,
f_121214_,rotX,0,
f_121215_,rotY,0,
f_12121_,NYLIUM_STEP,0,
f_12122_,NYLIUM_PLACE,0,
f_12123_,NYLIUM_HIT,0,
f_12124_,NYLIUM_FALL,0,
f_12125_,NETHER_SPROUTS_BREAK,0,
f_12126_,NETHER_SPROUTS_STEP,0,
f_12127_,NETHER_SPROUTS_PLACE,0,
f_12128_,NETHER_SPROUTS_HIT,0,
f_12129_,NETHER_SPROUTS_FALL,0,
f_12130_,FUNGUS_BREAK,0,
f_12131_,FUNGUS_STEP,0,
f_12132_,FUNGUS_PLACE,0,
f_12133_,FUNGUS_HIT,0,
f_12134_,FUNGUS_FALL,0,
f_12135_,WEEPING_VINES_BREAK,0,
f_12136_,WEEPING_VINES_STEP,0,
f_12137_,WEEPING_VINES_PLACE,0,
f_121384_,ERROR_UNKNOWN_OPTION,0,
f_121385_,ERROR_INAPPLICABLE_OPTION,0,
f_121386_,ERROR_RANGE_NEGATIVE,0,
f_121387_,ERROR_LEVEL_NEGATIVE,0,
f_121388_,ERROR_LIMIT_TOO_SMALL,0,
f_121389_,ERROR_SORT_UNKNOWN,0,
f_12138_,WEEPING_VINES_HIT,0,
f_121390_,ERROR_GAME_MODE_INVALID,0,
f_121391_,ERROR_ENTITY_TYPE_INVALID,0,
f_121392_,OPTIONS,0,
f_12139_,WEEPING_VINES_FALL,0,
f_12140_,MUSIC_DISC_CAT,0,
f_12141_,MUSIC_DISC_CHIRP,0,
f_12142_,MUSIC_DISC_FAR,0,
f_12143_,MUSIC_DISC_MALL,0,
f_12144_,MUSIC_DISC_MELLOHI,0,
f_12145_,MUSIC_DISC_PIGSTEP,0,
f_12146_,MUSIC_DISC_STAL,0,
f_12147_,MUSIC_DISC_STRAD,0,
f_12148_,MUSIC_DISC_WAIT,0,
f_12149_,MUSIC_DISC_WARD,0,
f_12150_,MUSIC_DRAGON,0,
f_12151_,MUSIC_END,0,
f_12152_,MUSIC_GAME,0,
f_12153_,MUSIC_MENU,0,
f_12154_,MUSIC_BIOME_BASALT_DELTAS,0,
f_12155_,MUSIC_BIOME_NETHER_WASTES,0,
f_121565_,modifier,0,
f_121567_,description,0,
f_12156_,MUSIC_BIOME_SOUL_SAND_VALLEY,0,
f_12157_,MUSIC_BIOME_CRIMSON_FOREST,0,
f_12158_,MUSIC_BIOME_WARPED_FOREST,0,
f_12159_,MUSIC_UNDER_WATER,0,
f_12160_,NETHER_BRICKS_BREAK,0,
f_12161_,NETHER_BRICKS_STEP,0,
f_12162_,NETHER_BRICKS_PLACE,0,
f_12163_,NETHER_BRICKS_HIT,0,
f_121641_,ASK_SERVER,0,
f_121642_,ALL_RECIPES,0,
f_121643_,AVAILABLE_SOUNDS,0,
f_121645_,SUMMONABLE_ENTITIES,0,
f_121646_,PROVIDERS_BY_NAME,0,
f_121647_,DEFAULT_NAME,0,
f_12164_,NETHER_BRICKS_FALL,0,
f_12165_,NETHER_WART_BREAK,0,
f_12166_,AMBIENT_NETHER_WASTES_MOOD,0,
f_121675_,delegate,0,
f_121676_,name,0,
f_12167_,NOTE_BLOCK_IRON_XYLOPHONE,0,
f_12168_,NOTE_BLOCK_COW_BELL,0,
f_12169_,NOTE_BLOCK_DIDGERIDOO,0,
f_12170_,NOTE_BLOCK_BIT,0,
f_12171_,NOTE_BLOCK_BANJO,0,
f_12172_,OCELOT_HURT,0,
f_12173_,OCELOT_AMBIENT,0,
f_12174_,OCELOT_DEATH,0,
f_12175_,PAINTING_BREAK,0,
f_12176_,PAINTING_PLACE,0,
f_121778_,$SwitchMap$com$mojang$brigadier$arguments$StringArgumentType$StringType,0,
f_12177_,PANDA_PRE_SNEEZE,0,
f_121783_,AXIS_VALUES,0,
f_121784_,VALUES,0,
f_12178_,PANDA_SNEEZE,0,
f_12179_,PANDA_AMBIENT,0,
f_12180_,PANDA_DEATH,0,
f_12181_,PANDA_EAT,0,
f_12182_,PANDA_STEP,0,
f_12183_,PANDA_CANT_BREED,0,
f_121840_,LOGGER,0,
f_12184_,PANDA_AGGRESSIVE_AMBIENT,0,
f_121852_,CODEC,0,
f_121853_,ZERO,0,
f_121854_,LOGGER,0,
f_121855_,PACKED_X_LENGTH,0,
f_121856_,PACKED_Z_LENGTH,0,
f_121857_,PACKED_Y_LENGTH,0,
f_121858_,PACKED_X_MASK,0,
f_121859_,PACKED_Y_MASK,0,
f_12185_,PANDA_WORRIED_AMBIENT,0,
f_121860_,PACKED_Z_MASK,0,
f_121861_,Z_OFFSET,0,
f_121862_,X_OFFSET,0,
f_12186_,PANDA_HURT,0,
f_12187_,PANDA_BITE,0,
f_12188_,PARROT_AMBIENT,0,
f_12189_,PARROT_DEATH,0,
f_12190_,PARROT_EAT,0,
f_12191_,PARROT_FLY,0,
f_12192_,PARROT_HURT,0,
f_12193_,WART_BLOCK_BREAK,0,
f_12194_,WART_BLOCK_STEP,0,
f_12195_,WART_BLOCK_PLACE,0,
f_12196_,WART_BLOCK_HIT,0,
f_12197_,WART_BLOCK_FALL,0,
f_12198_,NETHERITE_BLOCK_BREAK,0,
f_12199_,NETHERITE_BLOCK_STEP,0,
f_12200_,NETHERITE_BLOCK_PLACE,0,
f_12201_,NETHERITE_BLOCK_HIT,0,
f_12202_,NETHERITE_BLOCK_FALL,0,
f_12203_,NETHERRACK_BREAK,0,
f_12204_,NETHERRACK_STEP,0,
f_12205_,NETHERRACK_PLACE,0,
f_12206_,NETHERRACK_HIT,0,
f_12207_,NETHERRACK_FALL,0,
f_12208_,NOTE_BLOCK_BASEDRUM,0,
f_122090_,cursor,0,
f_12209_,NOTE_BLOCK_BASS,0,
f_122106_,cursor,0,
f_12210_,NOTE_BLOCK_BELL,0,
f_12211_,NOTE_BLOCK_CHIME,0,
f_12212_,NOTE_BLOCK_FLUTE,0,
f_12213_,NOTE_BLOCK_GUITAR,0,
f_12214_,NOTE_BLOCK_HARP,0,
f_12215_,NOTE_BLOCK_HAT,0,
f_12216_,NOTE_BLOCK_PLING,0,
f_12217_,NOTE_BLOCK_SNARE,0,
f_12218_,NOTE_BLOCK_XYLOPHONE,0,
f_12219_,AMBIENT_SOUL_SAND_VALLEY_ADDITIONS,0,
f_12220_,PARROT_IMITATE_WITCH,0,
f_12221_,PARROT_IMITATE_WITHER,0,
f_12222_,PARROT_IMITATE_WITHER_SKELETON,0,
f_12223_,PARROT_IMITATE_ZOGLIN,0,
f_12224_,PARROT_IMITATE_ZOMBIE,0,
f_12225_,PARROT_IMITATE_ZOMBIE_VILLAGER,0,
f_12226_,PARROT_STEP,0,
f_12227_,PHANTOM_AMBIENT,0,
f_122286_,originX,0,
f_122287_,originY,0,
f_122288_,originZ,0,
f_122289_,width,0,
f_12228_,PHANTOM_BITE,0,
f_122290_,height,0,
f_122291_,depth,0,
f_122292_,end,0,
f_122293_,index,0,
f_122294_,x,0,
f_122295_,y,0,
f_122296_,z,0,
f_12229_,PHANTOM_DEATH,0,
f_12230_,PHANTOM_FLAP,0,
f_12231_,PHANTOM_HURT,0,
f_12232_,PHANTOM_SWOOP,0,
f_122339_,data3d,0,
f_12233_,PIG_AMBIENT,0,
f_122340_,oppositeIndex,0,
f_122341_,data2d,0,
f_122342_,name,0,
f_122343_,axis,0,
f_122344_,axisDirection,0,
f_122345_,normal,0,
f_122346_,VALUES,0,
f_122348_,BY_3D_DATA,0,
f_122349_,BY_2D_DATA,0,
f_12234_,PIG_DEATH,0,
f_12235_,PIG_HURT,0,
f_12236_,PIG_SADDLE,0,
f_12237_,PIG_STEP,0,
f_12238_,PIGLIN_ADMIRING_ITEM,0,
f_12239_,PIGLIN_AMBIENT,0,
f_12240_,PIGLIN_ANGRY,0,
f_12241_,PIGLIN_CELEBRATE,0,
f_12242_,PIGLIN_DEATH,0,
f_12243_,PIGLIN_JEALOUS,0,
f_122447_,CODEC,0,
f_122448_,VALUES,0,
f_12244_,PIGLIN_HURT,0,
f_122450_,name,0,
f_12245_,PIGLIN_RETREAT,0,
f_12246_,PARROT_IMITATE_BLAZE,0,
f_12247_,PARROT_IMITATE_CREEPER,0,
f_12248_,PARROT_IMITATE_DROWNED,0,
f_12249_,PARROT_IMITATE_ELDER_GUARDIAN,0,
f_12250_,PARROT_IMITATE_ENDER_DRAGON,0,
f_12251_,PARROT_IMITATE_ENDERMITE,0,
f_12252_,PARROT_IMITATE_EVOKER,0,
f_122531_,step,0,
f_122532_,name,0,
f_12253_,PARROT_IMITATE_GHAST,0,
f_122548_,faces,0,
f_122549_,axis,0,
f_12254_,PARROT_IMITATE_GUARDIAN,0,
f_12255_,PARROT_IMITATE_HOGLIN,0,
f_12256_,PARROT_IMITATE_HUSK,0,
f_12257_,PARROT_IMITATE_ILLUSIONER,0,
f_122586_,directions,0,
f_12258_,PARROT_IMITATE_MAGMA_CUBE,0,
f_12259_,PARROT_IMITATE_PHANTOM,0,
f_122609_,LOOKUP_TOP_FRONT,0,
f_12260_,PARROT_IMITATE_PIGLIN,0,
f_122610_,name,0,
f_122611_,top,0,
f_122612_,front,0,
f_12261_,PARROT_IMITATE_PIGLIN_BRUTE,0,
f_12262_,PARROT_IMITATE_PILLAGER,0,
f_122633_,CODEC,0,
f_122634_,dimension,0,
f_122635_,pos,0,
f_12263_,PARROT_IMITATE_RAVAGER,0,
f_12264_,PARROT_IMITATE_SHULKER,0,
f_122653_,nextId,0,
f_122654_,tToId,0,
f_122655_,idToT,0,
f_12265_,PARROT_IMITATE_SILVERFISH,0,
f_12266_,PARROT_IMITATE_SKELETON,0,
f_122672_,byId,0,
f_122673_,toId,0,
f_12267_,PARROT_IMITATE_SLIME,0,
f_12268_,PARROT_IMITATE_SPIDER,0,
f_12269_,PARROT_IMITATE_STRAY,0,
f_12270_,PARROT_IMITATE_VEX,0,
f_12271_,PARROT_IMITATE_VINDICATOR,0,
f_12272_,AMBIENT_SOUL_SAND_VALLEY_LOOP,0,
f_12273_,PLAYER_HURT_ON_FIRE,0,
f_12274_,PLAYER_HURT_SWEET_BERRY_BUSH,0,
f_12275_,PLAYER_LEVELUP,0,
f_12276_,PLAYER_SMALL_FALL,0,
f_122773_,list,0,
f_122774_,defaultValue,0,
f_12277_,PLAYER_SPLASH,0,
f_12278_,PLAYER_SPLASH_HIGH_SPEED,0,
f_12279_,PLAYER_SWIM,0,
f_12280_,POLAR_BEAR_AMBIENT,0,
f_12281_,POLAR_BEAR_AMBIENT_BABY,0,
f_12282_,POLAR_BEAR_DEATH,0,
f_12283_,POLAR_BEAR_HURT,0,
f_12284_,POLAR_BEAR_STEP,0,
f_12285_,POLAR_BEAR_WARNING,0,
f_12286_,PORTAL_AMBIENT,0,
f_12287_,PORTAL_TRAVEL,0,
f_12288_,PORTAL_TRIGGER,0,
f_12289_,PUFFER_FISH_AMBIENT,0,
f_12290_,PUFFER_FISH_BLOW_OUT,0,
f_12291_,PUFFER_FISH_BLOW_UP,0,
f_12292_,PUFFER_FISH_DEATH,0,
f_12293_,PUFFER_FISH_FLOP,0,
f_12294_,PUFFER_FISH_HURT,0,
f_12295_,PUFFER_FISH_STING,0,
f_12296_,PUMPKIN_CARVE,0,
f_12297_,RABBIT_AMBIENT,0,
f_12298_,RABBIT_ATTACK,0,
f_12299_,PIGLIN_STEP,0,
f_12300_,PIGLIN_CONVERTED_TO_ZOMBIFIED,0,
f_12301_,PIGLIN_BRUTE_AMBIENT,0,
f_12302_,PIGLIN_BRUTE_ANGRY,0,
f_12303_,PIGLIN_BRUTE_DEATH,0,
f_123047_,LOGGER,0,
f_12304_,PIGLIN_BRUTE_HURT,0,
f_12305_,PIGLIN_BRUTE_STEP,0,
f_12306_,PIGLIN_BRUTE_CONVERTED_TO_ZOMBIFIED,0,
f_12307_,PILLAGER_AMBIENT,0,
f_12308_,PILLAGER_CELEBRATE,0,
f_12309_,PILLAGER_DEATH,0,
f_12310_,PILLAGER_HURT,0,
f_12311_,PISTON_CONTRACT,0,
f_12312_,PISTON_EXTEND,0,
f_12313_,PLAYER_ATTACK_CRIT,0,
f_123146_,x,0,
f_123147_,y,0,
f_123148_,z,0,
f_12314_,PLAYER_ATTACK_KNOCKBACK,0,
f_12315_,PLAYER_ATTACK_NODAMAGE,0,
f_12316_,PLAYER_ATTACK_STRONG,0,
f_12317_,PLAYER_ATTACK_SWEEP,0,
f_12318_,PLAYER_ATTACK_WEAK,0,
f_12319_,PLAYER_BIG_FALL,0,
f_12320_,PLAYER_BREATH,0,
f_12321_,PLAYER_BURP,0,
f_12322_,PLAYER_DEATH,0,
f_12323_,PLAYER_HURT,0,
f_12324_,PLAYER_HURT_DROWN,0,
f_123254_,cursor,0,
f_123255_,val$minX,0,
f_123256_,val$minY,0,
f_123257_,val$minZ,0,
f_123258_,val$maxX,0,
f_123259_,val$maxY,0,
f_12325_,AMBIENT_SOUL_SAND_VALLEY_MOOD,0,
f_123260_,val$maxZ,0,
f_12326_,RESPAWN_ANCHOR_SET_SPAWN,0,
f_12327_,SALMON_AMBIENT,0,
f_123285_,x,0,
f_123286_,y,0,
f_123287_,CODEC,0,
f_123288_,ZERO,0,
f_123289_,z,0,
f_12328_,SALMON_DEATH,0,
f_12329_,SALMON_FLOP,0,
f_12330_,SALMON_HURT,0,
f_12331_,SAND_BREAK,0,
f_12332_,SAND_FALL,0,
f_12333_,SAND_HIT,0,
f_12334_,SAND_PLACE,0,
f_12335_,SAND_STEP,0,
f_123368_,defaultDispenseItemBehavior,0,
f_123369_,type,0,
f_12336_,SCAFFOLDING_BREAK,0,
f_12337_,SCAFFOLDING_FALL,0,
f_12338_,SCAFFOLDING_HIT,0,
f_123393_,NOOP,0,
f_12339_,SCAFFOLDING_PLACE,0,
f_12340_,SCAFFOLDING_STEP,0,
f_12341_,SHEEP_AMBIENT,0,
f_12342_,SHEEP_DEATH,0,
f_12343_,SHEEP_HURT,0,
f_12344_,SHEEP_SHEAR,0,
f_12345_,SHEEP_STEP,0,
f_12346_,SHIELD_BLOCK,0,
f_12347_,SHIELD_BREAK,0,
f_12348_,SHROOMLIGHT_BREAK,0,
f_12349_,SHROOMLIGHT_STEP,0,
f_12350_,SHROOMLIGHT_PLACE,0,
f_12351_,SHROOMLIGHT_HIT,0,
f_12352_,RABBIT_DEATH,0,
f_12353_,RABBIT_HURT,0,
f_12354_,RABBIT_JUMP,0,
f_12355_,RAID_HORN,0,
f_123568_,success,0,
f_12356_,RAVAGER_AMBIENT,0,
f_12357_,RAVAGER_ATTACK,0,
f_12358_,RAVAGER_CELEBRATE,0,
f_12359_,RAVAGER_DEATH,0,
f_12360_,RAVAGER_HURT,0,
f_12361_,RAVAGER_STEP,0,
f_123625_,type,0,
f_123626_,state,0,
f_12362_,RAVAGER_STUNNED,0,
f_12363_,RAVAGER_ROAR,0,
f_12364_,NETHER_GOLD_ORE_BREAK,0,
f_123656_,REDSTONE,0,
f_123657_,CODEC,0,
f_12365_,NETHER_GOLD_ORE_FALL,0,
f_12366_,NETHER_GOLD_ORE_HIT,0,
f_12367_,NETHER_GOLD_ORE_PLACE,0,
f_12368_,NETHER_GOLD_ORE_STEP,0,
f_12369_,NETHER_ORE_BREAK,0,
f_123701_,type,0,
f_123702_,itemStack,0,
f_12370_,NETHER_ORE_FALL,0,
f_12371_,NETHER_ORE_HIT,0,
f_12372_,NETHER_ORE_PLACE,0,
f_123737_,overrideLimiter,0,
f_12373_,NETHER_ORE_STEP,0,
f_123744_,FLAME,0,
f_123745_,SOUL_FIRE_FLAME,0,
f_123746_,SOUL,0,
f_123747_,FLASH,0,
f_123748_,HAPPY_VILLAGER,0,
f_123749_,COMPOSTER,0,
f_12374_,REDSTONE_TORCH_BURNOUT,0,
f_123750_,HEART,0,
f_123751_,INSTANT_EFFECT,0,
f_123752_,ITEM,0,
f_123753_,ITEM_SLIME,0,
f_123754_,ITEM_SNOWBALL,0,
f_123755_,LARGE_SMOKE,0,
f_123756_,LAVA,0,
f_123757_,MYCELIUM,0,
f_123758_,NOTE,0,
f_123759_,POOF,0,
f_12375_,RESPAWN_ANCHOR_AMBIENT,0,
f_123760_,PORTAL,0,
f_123761_,RAIN,0,
f_123762_,SMOKE,0,
f_123763_,SNEEZE,0,
f_123764_,SPIT,0,
f_123765_,SQUID_INK,0,
f_123766_,SWEEP_ATTACK,0,
f_123767_,TOTEM_OF_UNDYING,0,
f_123768_,UNDERWATER,0,
f_123769_,SPLASH,0,
f_12376_,RESPAWN_ANCHOR_CHARGE,0,
f_123771_,WITCH,0,
f_123772_,BUBBLE_POP,0,
f_123773_,CURRENT_DOWN,0,
f_123774_,BUBBLE_COLUMN_UP,0,
f_123775_,NAUTILUS,0,
f_123776_,DOLPHIN,0,
f_123777_,CAMPFIRE_COSY_SMOKE,0,
f_123778_,CAMPFIRE_SIGNAL_SMOKE,0,
f_123779_,DRIPPING_HONEY,0,
f_12377_,RESPAWN_ANCHOR_DEPLETE,0,
f_123780_,FALLING_HONEY,0,
f_123781_,LANDING_HONEY,0,
f_123782_,FALLING_NECTAR,0,
f_123783_,ASH,0,
f_123784_,CRIMSON_SPORE,0,
f_123785_,WARPED_SPORE,0,
f_123786_,DRIPPING_OBSIDIAN_TEAR,0,
f_123787_,FALLING_OBSIDIAN_TEAR,0,
f_123788_,LANDING_OBSIDIAN_TEAR,0,
f_123789_,REVERSE_PORTAL,0,
f_12378_,AMBIENT_WARPED_FOREST_ADDITIONS,0,
f_123790_,WHITE_ASH,0,
f_123791_,CODEC,0,
f_123792_,ANGRY_VILLAGER,0,
f_123794_,BLOCK,0,
f_123795_,BUBBLE,0,
f_123796_,CLOUD,0,
f_123797_,CRIT,0,
f_123798_,DAMAGE_INDICATOR,0,
f_123799_,DRAGON_BREATH,0,
f_12379_,SKELETON_HORSE_JUMP_WATER,0,
f_123800_,DRIPPING_LAVA,0,
f_123801_,FALLING_LAVA,0,
f_123802_,LANDING_LAVA,0,
f_123803_,DRIPPING_WATER,0,
f_123804_,FALLING_WATER,0,
f_123805_,DUST,0,
f_123806_,EFFECT,0,
f_123807_,ELDER_GUARDIAN,0,
f_123808_,ENCHANTED_HIT,0,
f_123809_,ENCHANT,0,
f_12380_,SKELETON_HORSE_STEP_WATER,0,
f_123810_,END_ROD,0,
f_123811_,ENTITY_EFFECT,0,
f_123812_,EXPLOSION_EMITTER,0,
f_123813_,EXPLOSION,0,
f_123814_,FALLING_DUST,0,
f_123815_,FIREWORK,0,
f_123816_,FISHING,0,
f_12381_,SKELETON_HURT,0,
f_123827_,val$codec,0,
f_12382_,SKELETON_SHOOT,0,
f_123834_,codec,0,
f_12383_,SKELETON_STEP,0,
f_12384_,SLIME_ATTACK,0,
f_12385_,SLIME_DEATH,0,
f_12386_,SLIME_HURT,0,
f_12387_,SLIME_JUMP,0,
f_12388_,SLIME_SQUISH,0,
f_12389_,SLIME_BLOCK_BREAK,0,
f_123905_,LOGGER,0,
f_12390_,SLIME_BLOCK_FALL,0,
f_12391_,SLIME_BLOCK_HIT,0,
f_123926_,LOGGER,0,
f_12392_,SLIME_BLOCK_PLACE,0,
f_12393_,SLIME_BLOCK_STEP,0,
f_12394_,SOUL_SAND_BREAK,0,
f_12395_,SOUL_SAND_STEP,0,
f_12396_,SOUL_SAND_PLACE,0,
f_12397_,SOUL_SAND_HIT,0,
f_12398_,SOUL_SAND_FALL,0,
f_12399_,SOUL_SOIL_BREAK,0,
f_12400_,SOUL_SOIL_STEP,0,
f_12401_,SOUL_SOIL_PLACE,0,
f_12402_,SOUL_SOIL_HIT,0,
f_12403_,SOUL_SOIL_FALL,0,
f_12404_,SOUL_ESCAPE,0,
f_12405_,SHROOMLIGHT_FALL,0,
f_12406_,SHOVEL_FLATTEN,0,
f_12407_,SHULKER_AMBIENT,0,
f_12408_,SHULKER_BOX_CLOSE,0,
f_12409_,SHULKER_BOX_OPEN,0,
f_12410_,SHULKER_BULLET_HIT,0,
f_12411_,SHULKER_BULLET_HURT,0,
f_12412_,SHULKER_CLOSE,0,
f_12413_,SHULKER_DEATH,0,
f_12414_,SHULKER_HURT,0,
f_12415_,SHULKER_HURT_CLOSED,0,
f_12416_,SHULKER_OPEN,0,
f_12417_,SHULKER_SHOOT,0,
f_12418_,SHULKER_TELEPORT,0,
f_12419_,SILVERFISH_AMBIENT,0,
f_12420_,SILVERFISH_DEATH,0,
f_12421_,SILVERFISH_HURT,0,
f_12422_,SILVERFISH_STEP,0,
f_12423_,SKELETON_AMBIENT,0,
f_12424_,SKELETON_DEATH,0,
f_12425_,SKELETON_HORSE_AMBIENT,0,
f_12426_,SKELETON_HORSE_DEATH,0,
f_12427_,SKELETON_HORSE_HURT,0,
f_12428_,SKELETON_HORSE_SWIM,0,
f_12429_,SKELETON_HORSE_AMBIENT_WATER,0,
f_12430_,SKELETON_HORSE_GALLOP_WATER,0,
f_12431_,AMBIENT_WARPED_FOREST_LOOP,0,
f_12432_,SPIDER_AMBIENT,0,
f_12433_,SPIDER_DEATH,0,
f_124348_,minCorner,0,
f_124349_,axis1Size,0,
f_12434_,SPIDER_HURT,0,
f_124350_,axis2Size,0,
f_124355_,min,0,
f_124356_,max,0,
f_12435_,SPIDER_STEP,0,
f_12436_,SPLASH_POTION_BREAK,0,
f_12437_,SPLASH_POTION_THROW,0,
f_12438_,SQUID_AMBIENT,0,
f_12439_,SQUID_DEATH,0,
f_12440_,SQUID_HURT,0,
f_12441_,SQUID_SQUIRT,0,
f_12442_,STONE_BREAK,0,
f_124431_,LOGGER,0,
f_124434_,subProviders,0,
f_12443_,STONE_BUTTON_CLICK_OFF,0,
f_12444_,STONE_BUTTON_CLICK_ON,0,
f_12445_,STONE_FALL,0,
f_12446_,STONE_HIT,0,
f_124477_,blockStateOutput,0,
f_124478_,modelOutput,0,
f_124479_,skippedAutoModelsOutput,0,
f_12447_,STONE_PLACE,0,
f_12448_,STONE_PRESSURE_PLATE_CLICK_OFF,0,
f_12449_,STONE_PRESSURE_PLATE_CLICK_ON,0,
f_12450_,STONE_STEP,0,
f_12451_,STRAY_AMBIENT,0,
f_12452_,STRAY_DEATH,0,
f_12453_,STRAY_HURT,0,
f_12454_,STRAY_STEP,0,
f_12455_,SWEET_BERRY_BUSH_BREAK,0,
f_12456_,SWEET_BERRY_BUSH_PLACE,0,
f_12457_,SWEET_BERRY_BUSH_PICK_BERRIES,0,
f_12458_,STRIDER_AMBIENT,0,
f_12459_,STRIDER_HAPPY,0,
f_12460_,STRIDER_RETREAT,0,
f_12461_,STRIDER_DEATH,0,
f_12462_,STRIDER_HURT,0,
f_12463_,STRIDER_STEP,0,
f_12464_,STRIDER_STEP_LAVA,0,
f_12465_,STRIDER_EAT,0,
f_12466_,STRIDER_SADDLE,0,
f_12467_,SLIME_DEATH_SMALL,0,
f_12468_,SLIME_HURT_SMALL,0,
f_12469_,SLIME_JUMP_SMALL,0,
f_12470_,SLIME_SQUISH_SMALL,0,
f_12471_,SMITHING_TABLE_USE,0,
f_12472_,SMOKER_SMOKE,0,
f_12473_,SNOWBALL_THROW,0,
f_12474_,SNOW_BREAK,0,
f_12475_,SNOW_FALL,0,
f_12476_,SNOW_GOLEM_AMBIENT,0,
f_12477_,SNOW_GOLEM_DEATH,0,
f_12478_,SNOW_GOLEM_HURT,0,
f_12479_,SNOW_GOLEM_SHOOT,0,
f_12480_,SNOW_GOLEM_SHEAR,0,
f_12481_,SNOW_HIT,0,
f_12482_,SNOW_PLACE,0,
f_12483_,SNOW_STEP,0,
f_12484_,AMBIENT_WARPED_FOREST_MOOD,0,
f_12485_,TURTLE_HURT_BABY,0,
f_12486_,TURTLE_LAY_EGG,0,
f_12487_,TURTLE_SHAMBLE,0,
f_12488_,TURTLE_SHAMBLE_BABY,0,
f_12489_,TURTLE_SWIM,0,
f_12490_,UI_BUTTON_CLICK,0,
f_12491_,UI_LOOM_SELECT_PATTERN,0,
f_12492_,UI_LOOM_TAKE_RESULT,0,
f_12493_,UI_CARTOGRAPHY_TABLE_TAKE_RESULT,0,
f_12494_,UI_STONECUTTER_TAKE_RESULT,0,
f_12495_,UI_STONECUTTER_SELECT_RECIPE,0,
f_12496_,UI_TOAST_CHALLENGE_COMPLETE,0,
f_12497_,UI_TOAST_IN,0,
f_12498_,UI_TOAST_OUT,0,
f_12499_,VEX_AMBIENT,0,
f_12500_,VEX_CHARGE,0,
f_125013_,$SwitchMap$net$minecraft$core$FrontAndTop,0,
f_125014_,$SwitchMap$net$minecraft$world$level$block$state$properties$RailShape,0,
f_125016_,this$0,0,
f_125017_,baseModel,0,
f_12501_,VEX_DEATH,0,
f_125029_,this$0,0,
f_12502_,VEX_HURT,0,
f_125030_,mapping,0,
f_125031_,fullBlock,0,
f_12503_,VILLAGER_AMBIENT,0,
f_12504_,VILLAGER_CELEBRATE,0,
f_12505_,VILLAGER_DEATH,0,
f_125069_,this$0,0,
f_12506_,VILLAGER_HURT,0,
f_125070_,logMapping,0,
f_12507_,VILLAGER_NO,0,
f_125080_,output,0,
f_12508_,VILLAGER_TRADE,0,
f_12509_,VILLAGER_YES,0,
f_12510_,VILLAGER_WORK_ARMORER,0,
f_12511_,THORNS_HIT,0,
f_12512_,TNT_PRIMED,0,
f_125139_,operation,0,
f_12513_,TOTEM_USE,0,
f_125140_,subconditions,0,
f_12514_,TRIDENT_HIT,0,
f_125157_,id,0,
f_12515_,TRIDENT_HIT_GROUND,0,
f_125169_,terms,0,
f_12516_,TRIDENT_RETURN,0,
f_12517_,TRIDENT_RIPTIDE_1,0,
f_12518_,TRIDENT_RIPTIDE_2,0,
f_125199_,block,0,
f_12519_,TRIDENT_RIPTIDE_3,0,
f_125200_,parts,0,
f_12520_,TRIDENT_THROW,0,
f_12521_,TRIDENT_THUNDER,0,
f_125224_,condition,0,
f_12522_,TRIPWIRE_ATTACH,0,
f_125236_,variants,0,
f_12523_,TRIPWIRE_CLICK_OFF,0,
f_125246_,block,0,
f_125247_,baseVariants,0,
f_125248_,seenProperties,0,
f_125249_,declaredPropertySets,0,
f_12524_,TRIPWIRE_CLICK_ON,0,
f_12525_,TRIPWIRE_DETACH,0,
f_12526_,TROPICAL_FISH_AMBIENT,0,
f_12527_,TROPICAL_FISH_DEATH,0,
f_12528_,TROPICAL_FISH_FLOP,0,
f_125291_,values,0,
f_12529_,TROPICAL_FISH_HURT,0,
f_12530_,TURTLE_AMBIENT_LAND,0,
f_12531_,TURTLE_DEATH,0,
f_125323_,property1,0,
f_12532_,TURTLE_DEATH_BABY,0,
f_12533_,TURTLE_EGG_BREAK,0,
f_125341_,property1,0,
f_125342_,property2,0,
f_12534_,TURTLE_EGG_CRACK,0,
f_12535_,TURTLE_EGG_HATCH,0,
f_12536_,TURTLE_HURT,0,
f_125377_,property1,0,
f_125378_,property2,0,
f_125379_,property3,0,
f_12537_,AMBIENT_UNDERWATER_ENTER,0,
f_12538_,WANDERING_TRADER_TRADE,0,
f_12539_,WANDERING_TRADER_YES,0,
f_12540_,WATER_AMBIENT,0,
f_125414_,property1,0,
f_125415_,property2,0,
f_125416_,property3,0,
f_125417_,property4,0,
f_12541_,WEATHER_RAIN,0,
f_12542_,WEATHER_RAIN_ABOVE,0,
f_12543_,WET_GRASS_BREAK,0,
f_125442_,property1,0,
f_125443_,property2,0,
f_125444_,property3,0,
f_125445_,property4,0,
f_125446_,property5,0,
f_12544_,WET_GRASS_FALL,0,
f_12545_,WET_GRASS_HIT,0,
f_12546_,WET_GRASS_PLACE,0,
f_125479_,EMPTY,0,
f_12547_,WET_GRASS_STEP,0,
f_125480_,COMPARE_BY_NAME,0,
f_125481_,values,0,
f_12548_,WITCH_AMBIENT,0,
f_125499_,values,0,
f_12549_,WITCH_CELEBRATE,0,
f_12550_,WITCH_DEATH,0,
f_125518_,X_ROT,0,
f_125519_,Y_ROT,0,
f_12551_,WITCH_DRINK,0,
f_125520_,MODEL,0,
f_125521_,UV_LOCK,0,
f_125522_,WEIGHT,0,
f_12552_,WITCH_HURT,0,
f_125534_,value,0,
f_12553_,WITCH_THROW,0,
f_125546_,key,0,
f_125547_,serializer,0,
f_12554_,WITHER_AMBIENT,0,
f_125558_,this$0,0,
f_125559_,value,0,
f_12555_,WITHER_BREAK_BLOCK,0,
f_125566_,parent,0,
f_12556_,WITHER_DEATH,0,
f_12557_,WITHER_HURT,0,
f_125585_,model,0,
f_125586_,requiredSlots,0,
f_125587_,suffix,0,
f_12558_,WITHER_SHOOT,0,
f_12559_,WITHER_SKELETON_AMBIENT,0,
f_12560_,WITHER_SKELETON_DEATH,0,
f_12561_,WITHER_SKELETON_HURT,0,
f_125621_,FENCE_GATE_OPEN,0,
f_125622_,FENCE_GATE_WALL_CLOSED,0,
f_125623_,FENCE_GATE_WALL_OPEN,0,
f_125624_,PRESSURE_PLATE_UP,0,
f_125625_,PRESSURE_PLATE_DOWN,0,
f_125626_,PARTICLE_ONLY,0,
f_125627_,SLAB_BOTTOM,0,
f_125628_,SLAB_TOP,0,
f_125629_,LEAVES,0,
f_12562_,WITHER_SKELETON_STEP,0,
f_125630_,STAIRS_STRAIGHT,0,
f_125631_,STAIRS_INNER,0,
f_125632_,STAIRS_OUTER,0,
f_125633_,TRAPDOOR_TOP,0,
f_125634_,TRAPDOOR_BOTTOM,0,
f_125635_,TRAPDOOR_OPEN,0,
f_125636_,ORIENTABLE_TRAPDOOR_TOP,0,
f_125637_,ORIENTABLE_TRAPDOOR_BOTTOM,0,
f_125638_,ORIENTABLE_TRAPDOOR_OPEN,0,
f_125639_,CROSS,0,
f_12563_,WITHER_SPAWN,0,
f_125640_,TINTED_CROSS,0,
f_125641_,FLOWER_POT_CROSS,0,
f_125642_,TINTED_FLOWER_POT_CROSS,0,
f_125643_,RAIL_FLAT,0,
f_125644_,RAIL_CURVED,0,
f_125645_,RAIL_RAISED_NE,0,
f_125646_,RAIL_RAISED_SW,0,
f_125647_,CUBE,0,
f_125648_,WALL_TORCH,0,
f_125649_,PISTON,0,
f_12564_,VILLAGER_WORK_BUTCHER,0,
f_125650_,PISTON_HEAD,0,
f_125651_,PISTON_HEAD_SHORT,0,
f_125652_,SEAGRASS,0,
f_125653_,TURTLE_EGG,0,
f_125654_,TWO_TURTLE_EGGS,0,
f_125655_,THREE_TURTLE_EGGS,0,
f_125656_,FOUR_TURTLE_EGGS,0,
f_125657_,SINGLE_FACE,0,
f_125658_,FLAT_ITEM,0,
f_125659_,FLAT_HANDHELD_ITEM,0,
f_12565_,VILLAGER_WORK_CARTOGRAPHER,0,
f_125660_,FLAT_HANDHELD_ROD_ITEM,0,
f_125661_,SHULKER_BOX_INVENTORY,0,
f_125662_,BED_INVENTORY,0,
f_125663_,BANNER_INVENTORY,0,
f_125664_,SKULL_INVENTORY,0,
f_125665_,CARPET,0,
f_125666_,CORAL_FAN,0,
f_125667_,CORAL_WALL_FAN,0,
f_125668_,GLAZED_TERRACOTTA,0,
f_125669_,CHORUS_FLOWER,0,
f_12566_,VILLAGER_WORK_CLERIC,0,
f_125670_,DAYLIGHT_DETECTOR,0,
f_125671_,STAINED_GLASS_PANE_NOSIDE,0,
f_125672_,STAINED_GLASS_PANE_NOSIDE_ALT,0,
f_125673_,STAINED_GLASS_PANE_POST,0,
f_125674_,STAINED_GLASS_PANE_SIDE,0,
f_125675_,STAINED_GLASS_PANE_SIDE_ALT,0,
f_125676_,COMMAND_BLOCK,0,
f_125677_,ANVIL,0,
f_125678_,STEMS,0,
f_125679_,ATTACHED_STEM,0,
f_12567_,VILLAGER_WORK_FARMER,0,
f_125680_,CROP,0,
f_125681_,FARMLAND,0,
f_125682_,FIRE_FLOOR,0,
f_125683_,FIRE_SIDE,0,
f_125684_,FIRE_SIDE_ALT,0,
f_125685_,FIRE_UP,0,
f_125686_,FIRE_UP_ALT,0,
f_125687_,CAMPFIRE,0,
f_125688_,LANTERN,0,
f_125689_,HANGING_LANTERN,0,
f_12568_,VILLAGER_WORK_FISHERMAN,0,
f_125690_,TORCH,0,
f_125691_,CUBE_DIRECTIONAL,0,
f_125692_,CUBE_ALL,0,
f_125693_,CUBE_MIRRORED_ALL,0,
f_125694_,CUBE_COLUMN,0,
f_125695_,CUBE_COLUMN_HORIZONTAL,0,
f_125696_,CUBE_TOP,0,
f_125697_,CUBE_BOTTOM_TOP,0,
f_125698_,CUBE_ORIENTABLE,0,
f_125699_,CUBE_ORIENTABLE_TOP_BOTTOM,0,
f_12569_,VILLAGER_WORK_FLETCHER,0,
f_125700_,CUBE_ORIENTABLE_VERTICAL,0,
f_125701_,BUTTON,0,
f_125702_,BUTTON_PRESSED,0,
f_125703_,BUTTON_INVENTORY,0,
f_125708_,FENCE_POST,0,
f_125709_,FENCE_SIDE,0,
f_12570_,VILLAGER_WORK_LEATHERWORKER,0,
f_125710_,FENCE_INVENTORY,0,
f_125711_,WALL_POST,0,
f_125712_,WALL_LOW_SIDE,0,
f_125713_,WALL_TALL_SIDE,0,
f_125714_,WALL_INVENTORY,0,
f_125715_,FENCE_GATE_CLOSED,0,
f_12571_,VILLAGER_WORK_LIBRARIAN,0,
f_12572_,VILLAGER_WORK_MASON,0,
f_125733_,slots,0,
f_125734_,forcedSlots,0,
f_12573_,VILLAGER_WORK_SHEPHERD,0,
f_12574_,VILLAGER_WORK_TOOLSMITH,0,
f_12575_,VILLAGER_WORK_WEAPONSMITH,0,
f_12576_,VINDICATOR_AMBIENT,0,
f_12577_,VINDICATOR_CELEBRATE,0,
f_12578_,VINDICATOR_DEATH,0,
f_12579_,VINDICATOR_HURT,0,
f_12580_,VINE_STEP,0,
f_12581_,LILY_PAD_PLACE,0,
f_12582_,WANDERING_TRADER_AMBIENT,0,
f_12583_,WANDERING_TRADER_DEATH,0,
f_12584_,WANDERING_TRADER_DISAPPEARED,0,
f_125856_,CROP,0,
f_125857_,DIRT,0,
f_125858_,FIRE,0,
f_125859_,LANTERN,0,
f_12585_,WANDERING_TRADER_DRINK_MILK,0,
f_125860_,PLATFORM,0,
f_125861_,UNSTICKY,0,
f_125862_,TORCH,0,
f_125863_,LAYER0,0,
f_125864_,LIT_LOG,0,
f_125865_,id,0,
f_125866_,parent,0,
f_125867_,ALL,0,
f_125868_,TEXTURE,0,
f_125869_,PARTICLE,0,
f_12586_,WANDERING_TRADER_DRINK_POTION,0,
f_125870_,END,0,
f_125871_,BOTTOM,0,
f_125872_,TOP,0,
f_125873_,FRONT,0,
f_125874_,BACK,0,
f_125875_,SIDE,0,
f_125876_,NORTH,0,
f_125877_,SOUTH,0,
f_125878_,EAST,0,
f_125879_,WEST,0,
f_12587_,WANDERING_TRADER_HURT,0,
f_125880_,UP,0,
f_125881_,DOWN,0,
f_125882_,CROSS,0,
f_125883_,PLANT,0,
f_125884_,WALL,0,
f_125885_,RAIL,0,
f_125886_,WOOL,0,
f_125887_,PATTERN,0,
f_125888_,PANE,0,
f_125889_,EDGE,0,
f_12588_,WANDERING_TRADER_NO,0,
f_125890_,FAN,0,
f_125891_,STEM,0,
f_125892_,UPPER_STEM,0,
f_12589_,WANDERING_TRADER_REAPPEARED,0,
f_125905_,CUBE,0,
f_125906_,CUBE_MIRRORED,0,
f_125907_,COLUMN,0,
f_125908_,COLUMN_HORIZONTAL,0,
f_125909_,CUBE_TOP_BOTTOM,0,
f_12590_,AMBIENT_UNDERWATER_EXIT,0,
f_125910_,CUBE_TOP,0,
f_125911_,ORIENTABLE_ONLY_TOP,0,
f_125912_,ORIENTABLE,0,
f_125913_,CARPET,0,
f_125914_,GLAZED_TERRACOTTA,0,
f_125915_,CORAL_FAN,0,
f_125916_,PARTICLE_ONLY,0,
f_125917_,ANVIL,0,
f_125918_,LEAVES,0,
f_125919_,LANTERN,0,
f_12591_,WOOL_STEP,0,
f_125920_,HANGING_LANTERN,0,
f_125921_,SEAGRASS,0,
f_125922_,COLUMN_ALT,0,
f_125923_,COLUMN_HORIZONTAL_ALT,0,
f_125924_,TOP_BOTTOM_WITH_WALL,0,
f_125925_,COLUMN_WITH_WALL,0,
f_125926_,mapping,0,
f_125927_,template,0,
f_12592_,ZOGLIN_AMBIENT,0,
f_12593_,ZOGLIN_ANGRY,0,
f_12594_,ZOGLIN_ATTACK,0,
f_12595_,ZOGLIN_DEATH,0,
f_12596_,ZOGLIN_HURT,0,
f_12597_,ZOGLIN_STEP,0,
f_12598_,ZOMBIE_AMBIENT,0,
f_12599_,ZOMBIE_ATTACK_WOODEN_DOOR,0,
f_12600_,ZOMBIE_ATTACK_IRON_DOOR,0,
f_12601_,ZOMBIE_BREAK_WOODEN_DOOR,0,
f_12602_,ZOMBIE_CONVERTED_TO_DROWNED,0,
f_12603_,ZOMBIE_DEATH,0,
f_12604_,ZOMBIE_DESTROY_EGG,0,
f_12605_,ZOMBIE_HORSE_AMBIENT,0,
f_12606_,ZOMBIE_HORSE_DEATH,0,
f_12607_,ZOMBIE_HORSE_HURT,0,
f_12608_,ZOMBIE_HURT,0,
f_12609_,ZOMBIE_INFECT,0,
f_126106_,result,0,
f_126107_,count,0,
f_126108_,rows,0,
f_126109_,key,0,
f_12610_,ZOMBIFIED_PIGLIN_AMBIENT,0,
f_126111_,group,0,
f_12611_,ZOMBIFIED_PIGLIN_ANGRY,0,
f_12612_,ZOMBIFIED_PIGLIN_DEATH,0,
f_12613_,ZOMBIFIED_PIGLIN_HURT,0,
f_12614_,ZOMBIE_STEP,0,
f_12615_,ZOMBIE_VILLAGER_AMBIENT,0,
f_12616_,ZOMBIE_VILLAGER_CONVERTED,0,
f_126173_,result,0,
f_126174_,count,0,
f_126175_,ingredients,0,
f_126177_,group,0,
f_12617_,WOLF_AMBIENT,0,
f_12618_,WOLF_DEATH,0,
f_12619_,WOLF_GROWL,0,
f_12620_,WOLF_HOWL,0,
f_12621_,WOLF_HURT,0,
f_12622_,WOLF_PANT,0,
f_126235_,result,0,
f_126236_,ingredient,0,
f_126237_,experience,0,
f_126238_,cookingTime,0,
f_12623_,WOLF_SHAKE,0,
f_126240_,group,0,
f_12624_,WOLF_STEP,0,
f_12625_,WOLF_WHINE,0,
f_12626_,WOODEN_DOOR_CLOSE,0,
f_12627_,WOODEN_DOOR_OPEN,0,
f_12628_,WOODEN_TRAPDOOR_CLOSE,0,
f_12629_,WOODEN_TRAPDOOR_OPEN,0,
f_126302_,result,0,
f_126303_,ingredient,0,
f_126304_,count,0,
f_126306_,group,0,
f_12630_,WOOD_BREAK,0,
f_12631_,WOODEN_BUTTON_CLICK_OFF,0,
f_12632_,WOODEN_BUTTON_CLICK_ON,0,
f_12633_,WOOD_FALL,0,
f_12634_,WOOD_HIT,0,
f_12635_,WOOD_PLACE,0,
f_12636_,WOODEN_PRESSURE_PLATE_CLICK_OFF,0,
f_12637_,WOODEN_PRESSURE_PLATE_CLICK_ON,0,
f_12638_,WOOD_STEP,0,
f_12639_,WOOL_BREAK,0,
f_12640_,WOOL_FALL,0,
f_12641_,WOOL_HIT,0,
f_126421_,LOGGER,0,
f_12642_,WOOL_PLACE,0,
f_12643_,AMBIENT_UNDERWATER_LOOP,0,
f_126443_,LOGGER,0,
f_126445_,filters,0,
f_12644_,ZOMBIE_VILLAGER_CURE,0,
f_12645_,ZOMBIE_VILLAGER_DEATH,0,
f_12646_,ZOMBIE_VILLAGER_HURT,0,
f_12647_,ZOMBIE_VILLAGER_STEP,0,
f_126482_,name,0,
f_126483_,payload,0,
f_126485_,hash,0,
f_12648_,AMBIENT_UNDERWATER_LOOP_ADDITIONS,0,
f_126499_,LOGGER,0,
f_12649_,AMBIENT_UNDERWATER_LOOP_ADDITIONS_RARE,0,
f_12650_,AMBIENT_UNDERWATER_LOOP_ADDITIONS_ULTRA_RARE,0,
f_12651_,ANCIENT_DEBRIS_BREAK,0,
f_126528_,blockTags,0,
f_12652_,ANCIENT_DEBRIS_STEP,0,
f_12653_,ANCIENT_DEBRIS_PLACE,0,
f_126541_,LOGGER,0,
f_126543_,builders,0,
f_12654_,ANCIENT_DEBRIS_HIT,0,
f_126568_,builder,0,
f_126592_,isFormat,0,
f_126593_,toString,0,
f_126594_,id,0,
f_126595_,color,0,
f_126619_,FORMATTING_BY_NAME,0,
f_126620_,STRIP_FORMATTING_PATTERN,0,
f_126621_,name,0,
f_126622_,code,0,
f_126673_,START,0,
f_12669_,name,0,
f_12680_,known,0,
f_12681_,highlight,0,
f_12682_,bookSettings,0,
f_126848_,CAVE,0,
f_126849_,CANYON,0,
f_126853_,NETHER_CAVE,0,
f_126858_,START,0,
f_127180_,START,0,
f_127183_,START,0,
f_127186_,EMPTY,0,
f_127192_,BRIDGE,0,
f_127193_,ROOF,0,
f_127194_,HIGH_WALL,0,
f_127195_,HIGH_RAMPART,0,
f_127198_,EMPTY,0,
f_127199_,ZOMBIE_PLAINS,0,
f_127200_,ZOMBIE_SAVANNA,0,
f_127201_,ZOMBIE_SNOWY,0,
f_127202_,ZOMBIE_TAIGA,0,
f_127203_,ZOMBIE_DESERT,0,
f_127204_,MOSSIFY_10_PERCENT,0,
f_127205_,MOSSIFY_20_PERCENT,0,
f_127206_,MOSSIFY_70_PERCENT,0,
f_127207_,STREET_PLAINS,0,
f_127208_,STREET_SAVANNA,0,
f_127209_,STREET_SNOWY_OR_TAIGA,0,
f_127210_,FARM_PLAINS,0,
f_127211_,FARM_SAVANNA,0,
f_127212_,FARM_SNOWY,0,
f_127213_,FARM_TAIGA,0,
f_127214_,FARM_DESERT,0,
f_127215_,OUTPOST_ROT,0,
f_127216_,BOTTOM_RAMPART,0,
f_127217_,TREASURE_ROOMS,0,
f_127218_,HOUSING,0,
f_127219_,SIDE_WALL_DEGRADATION,0,
f_127220_,STABLE_DEGRADATION,0,
f_127221_,BASTION_GENERIC_DEGRADATION,0,
f_127222_,RAMPART_DEGRADATION,0,
f_127223_,ENTRANCE_REPLACEMENT,0,
f_127228_,START,0,
f_127231_,START,0,
f_12725_,TAG_FIELDS,0,
f_12726_,states,0,
f_127303_,START,0,
f_127493_,absolutePos,0,
f_127494_,relativePos,0,
f_127495_,tick,0,
f_127499_,LOGGER,0,
f_127500_,title,0,
f_127501_,exception,0,
f_127503_,details,0,
f_127504_,saveFile,0,
f_127505_,trackingStackTrace,0,
f_127506_,uncategorizedStackTrace,0,
f_127539_,name,0,
f_127541_,beforeBatchFunction,0,
f_127593_,expectedDelay,0,
f_127594_,assertion,0,
f_127595_,testInfo,0,
f_127598_,testFunction,0,
f_127599_,structureBlockPos,0,
f_127600_,level,0,
f_127601_,listeners,0,
f_127602_,timeoutTicks,0,
f_127603_,sequences,0,
f_127604_,runAtTickTimeMap,0,
f_127605_,startTick,0,
f_127606_,tickCount,0,
f_127607_,started,0,
f_127608_,timer,0,
f_127609_,done,0,
f_127610_,rotation,0,
f_127611_,error,0,
f_12766_,open,0,
f_12767_,filtering,0,
f_127774_,parent,0,
f_127775_,events,0,
f_127776_,lastTick,0,
f_127784_,testInfos,0,
f_127793_,LOGGER,0,
f_127798_,tests,0,
f_127799_,listeners,0,
f_127824_,val$listener,0,
f_127833_,testStructuresDir,0,
f_12786_,LOGGER,0,
f_127914_,EXAMPLES,0,
f_128058_,level,0,
f_128059_,tracker,0,
f_128067_,batchName,0,
f_128068_,testName,0,
f_128069_,structureName,0,
f_128070_,required,0,
f_128071_,function,0,
f_128072_,maxTicks,0,
f_128073_,setupTicks,0,
f_128074_,rotation,0,
f_128085_,EXAMPLES,0,
f_12809_,LOGGER,0,
f_128101_,LOGGER,0,
f_128102_,GSON,0,
f_128103_,UNSUPPORTED_FORMAT_PATTERN,0,
f_128104_,instance,0,
f_12810_,server,0,
f_128119_,val$storage,0,
f_12811_,file,0,
f_12812_,dirty,0,
f_128137_,title,0,
f_128138_,entries,0,
f_128139_,stackTrace,0,
f_128178_,key,0,
f_128179_,value,0,
f_128185_,TYPE,0,
f_128186_,data,0,
f_128255_,TYPE,0,
f_128256_,ZERO,0,
f_128257_,ONE,0,
f_128258_,data,0,
f_128301_,cache,0,
f_128325_,CODEC,0,
f_128326_,TYPE,0,
f_128329_,tags,0,
f_128493_,ZERO,0,
f_128494_,TYPE,0,
f_128495_,data,0,
f_12852_,formatter,0,
f_128533_,TYPE,0,
f_128534_,INSTANCE,0,
f_12853_,value,0,
f_12854_,type,0,
f_128559_,ZERO,0,
f_128560_,TYPE,0,
f_128561_,data,0,
f_128599_,TYPE,0,
f_128600_,data,0,
f_128670_,TYPE,0,
f_128671_,data,0,
f_128712_,cache,0,
f_128714_,TYPE,0,
f_128716_,list,0,
f_128717_,type,0,
f_12872_,DECIMAL_FORMAT,0,
f_12873_,DEFAULT,0,
f_12874_,DIVIDE_BY_TEN,0,
f_12875_,DISTANCE,0,
f_12876_,TIME,0,
f_128800_,TYPE,0,
f_128801_,data,0,
f_128873_,TYPE,0,
f_128874_,data,0,
f_12888_,registry,0,
f_12889_,map,0,
f_12890_,displayName,0,
f_128915_,cache,0,
f_128918_,quota,0,
f_128919_,usage,0,
f_128958_,INSTANCE,0,
f_12908_,obtained,0,
f_129163_,val$tag,0,
f_129164_,this$0,0,
f_129200_,LOGGER,0,
f_12923_,AVIATE_ONE_CM,0,
f_129244_,TYPE,0,
f_129245_,data,0,
f_12924_,SWIM_ONE_CM,0,
f_12925_,STRIDER_ONE_CM,0,
f_12926_,JUMP,0,
f_12927_,DROP,0,
f_129286_,cache,0,
f_129288_,TYPE,0,
f_129289_,EMPTY,0,
f_12928_,DAMAGE_DEALT,0,
f_129290_,data,0,
f_12929_,DAMAGE_DEALT_ABSORBED,0,
f_12930_,DAMAGE_DEALT_RESISTED,0,
f_12931_,DAMAGE_TAKEN,0,
f_12932_,DAMAGE_BLOCKED_BY_SHIELD,0,
f_129334_,ERROR_TRAILING_DATA,0,
f_129335_,ERROR_EXPECTED_KEY,0,
f_129336_,ERROR_EXPECTED_VALUE,0,
f_129337_,ERROR_INSERT_MIXED_LIST,0,
f_129338_,ERROR_INSERT_MIXED_ARRAY,0,
f_129339_,ERROR_INVALID_ARRAY,0,
f_12933_,DAMAGE_ABSORBED,0,
f_129340_,DOUBLE_PATTERN_NOSUFFIX,0,
f_129341_,DOUBLE_PATTERN,0,
f_129342_,FLOAT_PATTERN,0,
f_129343_,BYTE_PATTERN,0,
f_129344_,LONG_PATTERN,0,
f_129345_,SHORT_PATTERN,0,
f_129346_,INT_PATTERN,0,
f_129347_,reader,0,
f_12934_,DAMAGE_RESISTED,0,
f_12935_,DEATHS,0,
f_12936_,MOB_KILLS,0,
f_12937_,ANIMALS_BRED,0,
f_129382_,val$id,0,
f_12938_,PLAYER_KILLS,0,
f_129395_,TYPES,0,
f_129399_,cipher,0,
f_12939_,FISH_CAUGHT,0,
f_129400_,heapIn,0,
f_129401_,heapOut,0,
f_12940_,TALKED_TO_VILLAGER,0,
f_129412_,cipher,0,
f_12941_,TRADED_WITH_VILLAGER,0,
f_129423_,cipher,0,
f_12942_,EAT_CAKE_SLICE,0,
f_129434_,inflater,0,
f_129435_,threshold,0,
f_12943_,FILL_CAULDRON,0,
f_129444_,encodeBuf,0,
f_129445_,deflater,0,
f_129446_,threshold,0,
f_12944_,USE_CAULDRON,0,
f_129459_,ROOT_MARKER,0,
f_12945_,CLEAN_ARMOR,0,
f_129460_,PACKET_MARKER,0,
f_129462_,NETWORK_WORKER_GROUP,0,
f_129463_,NETWORK_EPOLL_WORKER_GROUP,0,
f_129464_,LOCAL_WORKER_GROUP,0,
f_129465_,LOGGER,0,
f_129466_,receiving,0,
f_129468_,channel,0,
f_129469_,address,0,
f_12946_,CLEAN_BANNER,0,
f_129470_,packetListener,0,
f_129471_,disconnectedReason,0,
f_129472_,encrypted,0,
f_129473_,disconnectionHandled,0,
f_129474_,receivedPackets,0,
f_129475_,sentPackets,0,
f_129476_,averageReceivedPackets,0,
f_129477_,averageSentPackets,0,
f_129478_,tickCount,0,
f_129479_,handlingFault,0,
f_12947_,CLEAN_SHULKER_BOX,0,
f_12948_,INTERACT_WITH_BREWINGSTAND,0,
f_12949_,BLOCK_MINED,0,
f_12950_,RAID_WIN,0,
f_12951_,INTERACT_WITH_ANVIL,0,
f_12952_,INTERACT_WITH_GRINDSTONE,0,
f_12953_,TARGET_HIT,0,
f_129548_,val$connection,0,
f_12954_,INTERACT_WITH_SMITHING_TABLE,0,
f_12955_,INTERACT_WITH_BEACON,0,
f_12956_,INSPECT_DROPPER,0,
f_129573_,id,0,
f_12957_,INSPECT_HOPPER,0,
f_12958_,INSPECT_DISPENSER,0,
f_12959_,PLAY_NOTEBLOCK,0,
f_12960_,TUNE_NOTEBLOCK,0,
f_12961_,POT_FLOWER,0,
f_12962_,TRIGGER_TRAPPED_CHEST,0,
f_129630_,LOGGER,0,
f_12963_,OPEN_ENDERCHEST,0,
f_129643_,val$proxyUser,0,
f_129644_,val$proxyPass,0,
f_12964_,ENCHANT_ITEM,0,
f_129652_,val$minecraft,0,
f_12965_,PLAY_RECORD,0,
f_12966_,INTERACT_WITH_FURNACE,0,
f_129670_,LOGGER,0,
f_12967_,INTERACT_WITH_CRAFTING_TABLE,0,
f_12968_,OPEN_CHEST,0,
f_12969_,SLEEP_IN_BED,0,
f_129700_,val$dedicatedServer,0,
f_129705_,onlineMode,0,
f_129706_,preventProxyConnections,0,
f_129707_,pvp,0,
f_129708_,allowFlight,0,
f_129709_,motd,0,
f_12970_,OPEN_SHULKER_BOX,0,
f_129711_,playerIdleTimeout,0,
f_129712_,keyPair,0,
f_129714_,isDemo,0,
f_129717_,isReady,0,
f_12971_,OPEN_BARREL,0,
f_129724_,lastServerStatus,0,
f_129725_,serverThread,0,
f_129728_,mayHaveDelayedTasks,0,
f_12972_,INTERACT_WITH_BLAST_FURNACE,0,
f_129730_,packRepository,0,
f_129731_,scoreboard,0,
f_129732_,commandStorage,0,
f_129733_,customBossEvents,0,
f_129734_,functionManager,0,
f_129736_,enforceWhitelist,0,
f_129738_,executor,0,
f_129739_,serverId,0,
f_12973_,INTERACT_WITH_SMOKER,0,
f_129740_,resources,0,
f_129743_,DEMO_SETTINGS,0,
f_129744_,storageSource,0,
f_129745_,playerDataStorage,0,
f_129747_,proxy,0,
f_129749_,worldData,0,
f_12974_,INTERACT_WITH_LECTERN,0,
f_129750_,LOGGER,0,
f_129752_,tickables,0,
f_129754_,profiler,0,
f_129755_,connection,0,
f_129756_,progressListenerFactory,0,
f_129757_,status,0,
f_129758_,random,0,
f_129759_,fixerUpper,0,
f_12975_,INTERACT_WITH_CAMPFIRE,0,
f_129760_,localIp,0,
f_129761_,port,0,
f_129762_,levels,0,
f_129763_,playerList,0,
f_129764_,running,0,
f_129765_,stopped,0,
f_129766_,tickCount,0,
f_12976_,INTERACT_WITH_CARTOGRAPHY_TABLE,0,
f_12977_,INTERACT_WITH_LOOM,0,
f_12978_,INTERACT_WITH_STONECUTTER,0,
f_12979_,BELL_RING,0,
f_12980_,RAID_TRIGGER,0,
f_12981_,ITEM_CRAFTED,0,
f_12982_,ITEM_USED,0,
f_12983_,ITEM_BROKEN,0,
f_12984_,ITEM_PICKED_UP,0,
f_12985_,ITEM_DROPPED,0,
f_12986_,ENTITY_KILLED,0,
f_12987_,ENTITY_KILLED_BY,0,
f_12988_,CUSTOM,0,
f_12989_,LEAVE_GAME,0,
f_12991_,TIME_SINCE_DEATH,0,
f_12992_,TIME_SINCE_REST,0,
f_12993_,CROUCH_TIME,0,
f_12994_,WALK_ONE_CM,0,
f_12995_,CROUCH_ONE_CM,0,
f_12996_,SPRINT_ONE_CM,0,
f_12997_,WALK_ON_WATER_ONE_CM,0,
f_12998_,FALL_ONE_CM,0,
f_12999_,CLIMB_ONE_CM,0,
f_13000_,FLY_ONE_CM,0,
f_13001_,WALK_UNDER_WATER_ONE_CM,0,
f_13002_,MINECART_ONE_CM,0,
f_130036_,GAUSSIAN_SAMPLE_KERNEL,0,
f_13003_,BOAT_ONE_CM,0,
f_130049_,source,0,
f_13004_,PIG_ONE_CM,0,
f_13005_,HORSE_ONE_CM,0,
f_13013_,stats,0,
f_13027_,WARPED_STEMS,0,
f_13028_,BANNERS,0,
f_13029_,SAND,0,
f_13030_,STAIRS,0,
f_13031_,SLABS,0,
f_13032_,WALLS,0,
f_13033_,ANVIL,0,
f_13034_,RAILS,0,
f_13035_,LEAVES,0,
f_13036_,TRAPDOORS,0,
f_13037_,SMALL_FLOWERS,0,
f_13038_,BEDS,0,
f_13039_,FENCES,0,
f_13040_,TALL_FLOWERS,0,
f_13041_,FLOWERS,0,
f_13042_,PIGLIN_REPELLENTS,0,
f_13043_,GOLD_ORES,0,
f_13045_,FLOWER_POTS,0,
f_13046_,ENDERMAN_HOLDABLE,0,
f_13047_,ICE,0,
f_13048_,VALID_SPAWN,0,
f_13049_,IMPERMEABLE,0,
f_13050_,UNDERWATER_BONEMEALS,0,
f_13051_,CORAL_BLOCKS,0,
f_130528_,LOGGER,0,
f_13052_,WALL_CORALS,0,
f_130538_,LOGGER,0,
f_13054_,PREVENT_MOB_SPAWNING_INSIDE,0,
f_130553_,LOGGER,0,
f_130554_,EXCEED_REASON,0,
f_130555_,rateLimitPacketsPerSecond,0,
f_13055_,FENCE_GATES,0,
f_13056_,UNSTABLE_BOTTOM_CENTER,0,
f_13057_,MUSHROOM_GROW_BLOCK,0,
f_13058_,INFINIBURN_OVERWORLD,0,
f_130598_,CHAT,0,
f_13059_,INFINIBURN_NETHER,0,
f_13060_,INFINIBURN_END,0,
f_130617_,action,0,
f_130618_,value,0,
f_13061_,BASE_STONE_OVERWORLD,0,
f_13062_,BASE_STONE_NETHER,0,
f_130635_,allowFromServer,0,
f_130636_,name,0,
f_13063_,CORAL_PLANTS,0,
f_13064_,CORALS,0,
f_130653_,OPTION_ON,0,
f_130654_,OPTION_OFF,0,
f_130655_,GUI_DONE,0,
f_130656_,GUI_CANCEL,0,
f_130657_,GUI_YES,0,
f_130658_,GUI_NO,0,
f_130659_,GUI_PROCEED,0,
f_13065_,BAMBOO_PLANTABLE_ON,0,
f_130660_,GUI_BACK,0,
f_130661_,CONNECT_FAILED,0,
f_13066_,STANDING_SIGNS,0,
f_13067_,WALL_SIGNS,0,
f_130685_,GSON,0,
f_13068_,SIGNS,0,
f_13069_,DRAGON_IMMUNE,0,
f_13070_,WITHER_IMMUNE,0,
f_13071_,WITHER_SUMMON_BASE_BLOCKS,0,
f_13072_,BEEHIVES,0,
f_13073_,CROPS,0,
f_13074_,BEE_GROWABLES,0,
f_130759_,STOP_ITERATION,0,
f_13075_,PORTALS,0,
f_130760_,EMPTY,0,
f_13076_,FIRE,0,
f_13077_,NYLIUM,0,
f_130783_,val$text,0,
f_13078_,WART_BLOCKS,0,
f_130791_,val$text,0,
f_130792_,val$style,0,
f_13079_,BEACON_BASE_BLOCKS,0,
f_130801_,val$parts,0,
f_13080_,SOUL_SPEED_BLOCKS,0,
f_13081_,WALL_POST_OVERRIDE,0,
f_13082_,CLIMBABLE,0,
f_130831_,SHOW_TEXT,0,
f_130832_,SHOW_ITEM,0,
f_130833_,SHOW_ENTITY,0,
f_130835_,name,0,
f_130836_,allowFromServer,0,
f_13083_,SHULKER_BOXES,0,
f_13084_,HOGLIN_REPELLENTS,0,
f_13085_,SOUL_FIRE_BASE_BLOCKS,0,
f_13086_,STRIDER_WARM_BLOCKS,0,
f_130871_,type,0,
f_130872_,id,0,
f_130873_,name,0,
f_130874_,linesCache,0,
f_13087_,CAMPFIRES,0,
f_130888_,item,0,
f_130889_,count,0,
f_13088_,GUARDED_BY_PIGLINS,0,
f_130891_,itemStack,0,
f_13089_,WOOL,0,
f_13090_,PLANKS,0,
f_13091_,STONE_BRICKS,0,
f_13092_,WOODEN_BUTTONS,0,
f_13093_,BUTTONS,0,
f_13095_,WOODEN_DOORS,0,
f_13096_,WOODEN_STAIRS,0,
f_13097_,WOODEN_SLABS,0,
f_13098_,WOODEN_FENCES,0,
f_13099_,PRESSURE_PLATES,0,
f_13100_,WOODEN_PRESSURE_PLATES,0,
f_13101_,STONE_PRESSURE_PLATES,0,
f_13102_,WOODEN_TRAPDOORS,0,
f_13103_,DOORS,0,
f_13104_,SAPLINGS,0,
f_13105_,LOGS_THAT_BURN,0,
f_13106_,LOGS,0,
f_131075_,logger,0,
f_13107_,DARK_OAK_LOGS,0,
f_13108_,OAK_LOGS,0,
f_131099_,EMPTY,0,
f_13109_,BIRCH_LOGS,0,
f_131100_,DEFAULT_FONT,0,
f_131101_,color,0,
f_131102_,bold,0,
f_131103_,italic,0,
f_131104_,underlined,0,
f_131105_,strikethrough,0,
f_131106_,obfuscated,0,
f_131107_,clickEvent,0,
f_131108_,hoverEvent,0,
f_131109_,insertion,0,
f_13110_,ACACIA_LOGS,0,
f_131110_,font,0,
f_13111_,JUNGLE_LOGS,0,
f_13112_,SPRUCE_LOGS,0,
f_13113_,CRIMSON_STEMS,0,
f_131196_,$SwitchMap$net$minecraft$ChatFormatting,0,
f_13120_,SKELETONS,0,
f_13121_,RAIDERS,0,
f_131228_,plainText,0,
f_131229_,charStyles,0,
f_13122_,BEEHIVE_INHABITORS,0,
f_131230_,reverseCharModifier,0,
f_13123_,ARROWS,0,
f_13124_,IMPACT_PROJECTILES,0,
f_131255_,LEGACY_FORMAT_TO_COLOR,0,
f_131256_,NAMED_COLORS,0,
f_131257_,value,0,
f_131258_,name,0,
f_13131_,WATER,0,
f_13132_,LAVA,0,
f_131354_,LOGGER,0,
f_13137_,SAND,0,
f_13138_,STAIRS,0,
f_13139_,SLABS,0,
f_13140_,WALLS,0,
f_13141_,ANVIL,0,
f_13142_,RAILS,0,
f_13143_,LEAVES,0,
f_13144_,TRAPDOORS,0,
f_131456_,id,0,
f_131457_,uuid,0,
f_131458_,x,0,
f_131459_,y,0,
f_13145_,SMALL_FLOWERS,0,
f_131460_,z,0,
f_131461_,xa,0,
f_131462_,ya,0,
f_131463_,za,0,
f_131464_,xRot,0,
f_131465_,yRot,0,
f_131466_,type,0,
f_131467_,data,0,
f_13146_,BEDS,0,
f_13147_,FENCES,0,
f_13148_,TALL_FLOWERS,0,
f_13149_,FLOWERS,0,
f_13150_,PIGLIN_REPELLENTS,0,
f_131510_,id,0,
f_131511_,x,0,
f_131512_,y,0,
f_131513_,z,0,
f_131514_,value,0,
f_13151_,PIGLIN_LOVED,0,
f_13152_,GOLD_ORES,0,
f_13153_,NON_FLAMMABLE_WOOD,0,
f_13154_,SOUL_FIRE_BASE_BLOCKS,0,
f_13155_,BOATS,0,
f_13156_,FISHES,0,
f_13157_,SIGNS,0,
f_13158_,MUSIC_DISCS,0,
f_13159_,CREEPER_DROP_MUSIC_DISCS,0,
f_13160_,COALS,0,
f_131612_,id,0,
f_131613_,action,0,
f_13161_,ARROWS,0,
f_131628_,stats,0,
f_13162_,LECTERN_BOOKS,0,
f_13164_,BEACON_PAYMENT_ITEMS,0,
f_13165_,STONE_TOOL_MATERIALS,0,
f_13166_,STONE_CRAFTING_MATERIALS,0,
f_131671_,id,0,
f_131672_,pos,0,
f_131673_,progress,0,
f_13167_,WOOL,0,
f_13168_,PLANKS,0,
f_131690_,pos,0,
f_131691_,type,0,
f_131692_,tag,0,
f_13169_,STONE_BRICKS,0,
f_131709_,pos,0,
f_13170_,WOODEN_BUTTONS,0,
f_131710_,b0,0,
f_131711_,b1,0,
f_131712_,block,0,
f_13171_,BUTTONS,0,
f_131731_,pos,0,
f_131732_,blockState,0,
f_13173_,WOODEN_DOORS,0,
f_13174_,WOODEN_STAIRS,0,
f_131750_,id,0,
f_131751_,operation,0,
f_13175_,WOODEN_SLABS,0,
f_13176_,WOODEN_FENCES,0,
f_13177_,WOODEN_PRESSURE_PLATES,0,
f_13178_,WOODEN_TRAPDOORS,0,
f_131799_,logger,0,
f_13179_,DOORS,0,
f_131805_,difficulty,0,
f_131806_,locked,0,
f_13180_,SAPLINGS,0,
f_13181_,LOGS_THAT_BURN,0,
f_13182_,LOGS,0,
f_13183_,DARK_OAK_LOGS,0,
f_131842_,id,0,
f_131843_,suggestions,0,
f_13184_,OAK_LOGS,0,
f_13185_,BIRCH_LOGS,0,
f_13186_,ACACIA_LOGS,0,
f_13187_,JUNGLE_LOGS,0,
f_13188_,SPRUCE_LOGS,0,
f_131890_,flags,0,
f_131891_,redirect,0,
f_131892_,children,0,
f_13189_,CRIMSON_STEMS,0,
f_13190_,WARPED_STEMS,0,
f_13191_,BANNERS,0,
f_131930_,containerId,0,
f_131942_,containerId,0,
f_131943_,items,0,
f_131958_,containerId,0,
f_131959_,id,0,
f_131960_,value,0,
f_131977_,containerId,0,
f_131978_,slot,0,
f_131979_,itemStack,0,
f_131996_,item,0,
f_131997_,duration,0,
f_132088_,entityId,0,
f_132089_,eventId,0,
f_132105_,x,0,
f_132106_,y,0,
f_132107_,z,0,
f_132108_,power,0,
f_132109_,toBlow,0,
f_132110_,knockbackX,0,
f_132111_,knockbackY,0,
f_132112_,knockbackZ,0,
f_132153_,NO_RESPAWN_BLOCK_AVAILABLE,0,
f_132154_,START_RAINING,0,
f_132155_,STOP_RAINING,0,
f_132156_,CHANGE_GAME_MODE,0,
f_132157_,WIN_GAME,0,
f_132158_,DEMO_EVENT,0,
f_132159_,ARROW_HIT_PLAYER,0,
f_132160_,RAIN_LEVEL_CHANGE,0,
f_132161_,THUNDER_LEVEL_CHANGE,0,
f_132162_,PUFFER_FISH_STING,0,
f_132163_,GUARDIAN_ELDER_EFFECT,0,
f_132164_,IMMEDIATE_RESPAWN,0,
f_132165_,event,0,
f_132166_,param,0,
f_132182_,TYPES,0,
f_132183_,id,0,
f_132190_,containerId,0,
f_132191_,size,0,
f_132192_,entityId,0,
f_132258_,type,0,
f_132259_,pos,0,
f_132260_,data,0,
f_132261_,globalEvent,0,
f_132280_,x,0,
f_132281_,y,0,
f_132282_,z,0,
f_132283_,xDist,0,
f_132284_,yDist,0,
f_132285_,zDist,0,
f_132286_,maxSpeed,0,
f_132287_,count,0,
f_132288_,overrideLimiter,0,
f_132289_,particle,0,
f_132323_,x,0,
f_132324_,z,0,
f_132360_,playerId,0,
f_132362_,hardcore,0,
f_132365_,levels,0,
f_132369_,maxPlayers,0,
f_132370_,chunkRadius,0,
f_132371_,reducedDebugInfo,0,
f_132372_,showDeathScreen,0,
f_132415_,mapId,0,
f_132416_,scale,0,
f_132418_,locked,0,
f_132419_,decorations,0,
f_132448_,containerId,0,
f_132449_,offers,0,
f_132450_,villagerLevel,0,
f_132451_,villagerXp,0,
f_132452_,showProgress,0,
f_132453_,canRestock,0,
f_132476_,BUILT_IN,0,
f_132477_,LOGGER,0,
f_132478_,id,0,
f_132479_,name,0,
f_132480_,stable,0,
f_132481_,worldVersion,0,
f_132482_,protocolVersion,0,
f_132484_,buildTime,0,
f_132499_,entityId,0,
f_132500_,xa,0,
f_132501_,ya,0,
f_132502_,za,0,
f_132503_,yRot,0,
f_132504_,xRot,0,
f_132505_,onGround,0,
f_132506_,hasRot,0,
f_132507_,hasPos,0,
f_132577_,x,0,
f_132578_,y,0,
f_132579_,z,0,
f_132580_,yRot,0,
f_132581_,xRot,0,
f_132598_,hand,0,
f_132611_,containerId,0,
f_132612_,type,0,
f_132613_,title,0,
f_132630_,pos,0,
f_132643_,containerId,0,
f_132644_,recipe,0,
f_132659_,invulnerable,0,
f_132660_,isFlying,0,
f_132661_,canFly,0,
f_132662_,instabuild,0,
f_132663_,flyingSpeed,0,
f_132664_,walkingSpeed,0,
f_132768_,x,0,
f_132769_,y,0,
f_132770_,z,0,
f_132771_,entity,0,
f_132772_,fromAnchor,0,
f_132773_,toAnchor,0,
f_132774_,atEntity,0,
f_132796_,x,0,
f_132797_,y,0,
f_132798_,z,0,
f_132799_,yRot,0,
f_132800_,xRot,0,
f_132801_,relativeArguments,0,
f_132802_,id,0,
f_132849_,state,0,
f_132850_,recipes,0,
f_132851_,toHighlight,0,
f_132852_,bookSettings,0,
f_132895_,entityId,0,
f_132896_,effect,0,
f_132963_,entityId,0,
f_132964_,yHeadRot,0,
f_132980_,sectionPos,0,
f_132981_,positions,0,
f_132982_,states,0,
f_133003_,tab,0,
f_133055_,cameraId,0,
f_133069_,slot,0,
f_133082_,x,0,
f_133083_,z,0,
f_133098_,radius,0,
f_133111_,pos,0,
f_133112_,angle,0,
f_133127_,slot,0,
f_133128_,objectiveName,0,
f_133143_,id,0,
f_133144_,packedItems,0,
f_133160_,sourceId,0,
f_133161_,destId,0,
f_133176_,id,0,
f_133177_,xa,0,
f_133178_,ya,0,
f_133179_,za,0,
f_133198_,entity,0,
f_133199_,slots,0,
f_133214_,experienceProgress,0,
f_133215_,totalExperience,0,
f_133216_,experienceLevel,0,
f_133233_,health,0,
f_133234_,food,0,
f_133235_,saturation,0,
f_133252_,objectiveName,0,
f_133253_,displayName,0,
f_133254_,renderType,0,
f_133255_,method,0,
f_133272_,vehicle,0,
f_133273_,passengers,0,
f_133287_,name,0,
f_133294_,players,0,
f_133295_,method,0,
f_133323_,owner,0,
f_133324_,objectiveName,0,
f_133325_,score,0,
f_133345_,gameTime,0,
f_133346_,dayTime,0,
f_133408_,sound,0,
f_133409_,source,0,
f_133410_,id,0,
f_133411_,volume,0,
f_133412_,pitch,0,
f_133433_,sound,0,
f_133434_,source,0,
f_133435_,x,0,
f_133436_,y,0,
f_133437_,z,0,
f_133438_,volume,0,
f_133439_,pitch,0,
f_133464_,name,0,
f_133465_,source,0,
f_133480_,header,0,
f_133481_,footer,0,
f_133493_,transactionId,0,
f_133494_,tag,0,
f_133510_,itemId,0,
f_133511_,playerId,0,
f_133512_,amount,0,
f_133529_,id,0,
f_133530_,x,0,
f_133531_,y,0,
f_133532_,z,0,
f_133533_,yRot,0,
f_133534_,xRot,0,
f_133535_,onGround,0,
f_133554_,reset,0,
f_133555_,added,0,
f_133556_,removed,0,
f_133557_,progress,0,
f_133576_,entityId,0,
f_133577_,attributes,0,
f_133593_,attribute,0,
f_133594_,base,0,
f_133595_,modifiers,0,
f_133604_,entityId,0,
f_133606_,effectAmplifier,0,
f_133607_,effectDurationTicks,0,
f_133608_,flags,0,
f_133629_,recipes,0,
f_133662_,NAMES_FIRST_PART,0,
f_133663_,NAMES_SECOND_PART,0,
f_133672_,LOGGER,0,
f_133725_,COPY_COUNTER_PATTERN,0,
f_133726_,RESERVED_WINDOWS_FILENAMES,0,
f_133785_,id,0,
f_133814_,difficulty,0,
f_133827_,message,0,
f_133840_,action,0,
f_133889_,id,0,
f_133890_,command,0,
f_133923_,containerId,0,
f_133924_,buttonId,0,
f_133939_,containerId,0,
f_133940_,slotNum,0,
f_133941_,buttonNum,0,
f_133944_,clickType,0,
f_133967_,containerId,0,
f_133997_,slot,0,
f_134030_,entityId,0,
f_134031_,action,0,
f_134034_,usingSecondaryAction,0,
f_134073_,pos,0,
f_134074_,levels,0,
f_134075_,keepJigsaws,0,
f_134105_,locked,0,
f_134118_,x,0,
f_134119_,y,0,
f_134120_,z,0,
f_134121_,yRot,0,
f_134122_,xRot,0,
f_134123_,onGround,0,
f_134124_,hasPos,0,
f_134125_,hasRot,0,
f_134185_,x,0,
f_134186_,y,0,
f_134187_,z,0,
f_134188_,yRot,0,
f_134189_,xRot,0,
f_134206_,left,0,
f_134207_,right,0,
f_134222_,slot,0,
f_134235_,containerId,0,
f_134236_,recipe,0,
f_134237_,shiftDown,0,
f_134254_,isFlying,0,
f_134267_,pos,0,
f_134268_,direction,0,
f_134269_,action,0,
f_134301_,id,0,
f_134302_,action,0,
f_134303_,data,0,
f_134339_,xxa,0,
f_134340_,zza,0,
f_134341_,isJumping,0,
f_134342_,isShiftKeyDown,0,
f_134361_,bookType,0,
f_134362_,isOpen,0,
f_134363_,isFiltering,0,
f_134380_,recipe,0,
f_134393_,name,0,
f_134430_,action,0,
f_134431_,tab,0,
f_134459_,item,0,
f_13445_,LOGGER,0,
f_134472_,primary,0,
f_134473_,secondary,0,
f_134488_,slot,0,
f_13448_,idToValue,0,
f_13449_,directory,0,
f_134501_,pos,0,
f_134502_,command,0,
f_134503_,trackOutput,0,
f_134504_,conditional,0,
f_134505_,automatic,0,
f_134506_,mode,0,
f_134529_,entity,0,
f_134530_,command,0,
f_134531_,trackOutput,0,
f_134549_,slotNum,0,
f_134550_,itemStack,0,
f_134565_,pos,0,
f_134566_,name,0,
f_134567_,target,0,
f_134568_,pool,0,
f_134569_,finalState,0,
f_134570_,joint,0,
f_134593_,pos,0,
f_134594_,updateType,0,
f_134595_,mode,0,
f_134596_,name,0,
f_134597_,offset,0,
f_134598_,size,0,
f_134599_,mirror,0,
f_134600_,rotation,0,
f_134601_,data,0,
f_134602_,ignoreEntities,0,
f_134603_,showAir,0,
f_134604_,showBoundingBox,0,
f_134605_,integrity,0,
f_134606_,seed,0,
f_134645_,pos,0,
f_134646_,lines,0,
f_134664_,hand,0,
f_134677_,uuid,0,
f_134691_,blockHit,0,
f_134692_,hand,0,
f_134707_,hand,0,
f_134720_,protocolVersion,0,
f_134721_,hostName,0,
f_134722_,port,0,
f_134723_,intention,0,
f_134745_,transactionId,0,
f_134758_,report,0,
f_134764_,gameProfile,0,
f_134777_,serverId,0,
f_134778_,publicKey,0,
f_134796_,compressionThreshold,0,
f_134809_,reason,0,
f_134852_,keybytes,0,
f_134886_,status,0,
f_134900_,description,0,
f_134901_,players,0,
f_134902_,version,0,
f_134903_,favicon,0,
f_134919_,sample,0,
f_134962_,name,0,
f_134963_,protocol,0,
f_135010_,id,0,
f_135011_,serializer,0,
f_135027_,BYTE,0,
f_135028_,INT,0,
f_135029_,FLOAT,0,
f_135030_,STRING,0,
f_135031_,COMPONENT,0,
f_135032_,OPTIONAL_COMPONENT,0,
f_135033_,ITEM_STACK,0,
f_135034_,BLOCK_STATE,0,
f_135035_,BOOLEAN,0,
f_135036_,PARTICLE,0,
f_135037_,ROTATIONS,0,
f_135038_,BLOCK_POS,0,
f_135039_,OPTIONAL_BLOCK_POS,0,
f_135040_,DIRECTION,0,
f_135041_,OPTIONAL_UUID,0,
f_135042_,COMPOUND_TAG,0,
f_135043_,VILLAGER_DATA,0,
f_135044_,OPTIONAL_UNSIGNED_INT,0,
f_135045_,POSE,0,
f_135046_,SERIALIZERS,0,
f_13527_,byClass,0,
f_13528_,baseClass,0,
f_13529_,allInstances,0,
f_135342_,LOGGER,0,
f_135344_,entity,0,
f_135345_,itemsById,0,
f_135348_,isDirty,0,
f_135390_,accessor,0,
f_135391_,value,0,
f_135392_,dirty,0,
f_135425_,LOGGER,0,
f_135426_,stackedContents,0,
f_135427_,inventory,0,
f_135428_,menu,0,
f_13545_,EMPTY_SLOT,0,
f_135465_,delegate,0,
f_13546_,keys,0,
f_13547_,values,0,
f_13548_,byId,0,
f_13549_,nextId,0,
f_13550_,size,0,
f_135570_,registryKey,0,
f_135571_,elementCodec,0,
f_135572_,allowInline,0,
f_135775_,VALUES,0,
f_135776_,registryName,0,
f_135777_,location,0,
f_135803_,CODEC,0,
f_135804_,namespace,0,
f_135805_,path,0,
f_135806_,ERROR_INVALID,0,
f_135866_,STDOUT,0,
f_135867_,isBootstrapped,0,
f_135868_,LOGGER,0,
f_135891_,val$language,0,
f_135892_,val$missing,0,
f_135899_,entries,0,
f_135900_,message,0,
f_135913_,filename,0,
f_135914_,jsonKeys,0,
f_135928_,msg,0,
f_135929_,source,0,
f_135938_,LOGGER,0,
f_135939_,file,0,
f_135940_,agreed,0,
f_135947_,LOGGER,0,
f_135948_,name,0,
f_135958_,LOGGER,0,
f_135959_,GSON,0,
f_135962_,playerList,0,
f_135965_,visible,0,
f_135967_,progressChanged,0,
f_135968_,player,0,
f_135969_,lastSelectedTab,0,
f_135970_,isFirstPacket,0,
f_136017_,RUNNING_ON_DIFFERENT_THREAD,0,
f_136021_,LOGGER,0,
f_136022_,GSON,0,
f_136023_,advancements,0,
f_136043_,LOGGER,0,
f_136046_,functions,0,
f_136047_,tagsLoader,0,
f_136048_,tags,0,
f_136049_,functionCompilationLevel,0,
f_136050_,dispatcher,0,
f_136099_,TICK_FUNCTION_TAG,0,
f_136100_,LOAD_FUNCTION_TAG,0,
f_136101_,server,0,
f_136105_,ticking,0,
f_136106_,postReload,0,
f_136107_,library,0,
f_13610_,output,0,
f_13611_,columnCount,0,
f_136180_,NETTY_LEAK_DETECTION,0,
f_136181_,MAXIMUM_TICK_TIME_NANOS,0,
f_136182_,CHECK_DATA_FIXER_SCHEMA,0,
f_136183_,IS_RUNNING_IN_IDE,0,
f_136184_,ILLEGAL_FILE_CHARACTERS,0,
f_136185_,CURRENT_VERSION,0,
f_136193_,server,0,
f_136194_,trackedObjectives,0,
f_136195_,dirtyListeners,0,
f_136249_,tick,0,
f_136250_,runnable,0,
f_136256_,id,0,
f_136257_,players,0,
f_136258_,value,0,
f_136259_,max,0,
f_13626_,headers,0,
f_136290_,events,0,
f_136308_,SUGGEST_ADVANCEMENTS,0,
f_13632_,lockFile,0,
f_13633_,lock,0,
f_13634_,DUMMY,0,
f_136366_,key,0,
f_136417_,parents,0,
f_136418_,children,0,
f_136434_,ERROR_NOT_LIVING_ENTITY,0,
f_136435_,ERROR_NO_SUCH_ATTRIBUTE,0,
f_136436_,ERROR_NO_SUCH_MODIFIER,0,
f_136437_,ERROR_MODIFIER_ALREADY_PRESENT,0,
f_13650_,result,0,
f_136524_,ERROR_INVALID_IP,0,
f_136525_,ERROR_ALREADY_BANNED,0,
f_136556_,ERROR_ALREADY_BANNED,0,
f_136570_,SUGGEST_BOSS_BAR,0,
f_136571_,ERROR_ALREADY_EXISTS,0,
f_136572_,ERROR_DOESNT_EXIST,0,
f_136573_,ERROR_NO_PLAYER_CHANGE,0,
f_136574_,ERROR_NO_NAME_CHANGE,0,
f_136575_,ERROR_NO_COLOR_CHANGE,0,
f_136576_,ERROR_NO_STYLE_CHANGE,0,
f_136577_,ERROR_NO_VALUE_CHANGE,0,
f_136578_,ERROR_NO_MAX_CHANGE,0,
f_136579_,ERROR_ALREADY_HIDDEN,0,
f_136580_,ERROR_ALREADY_VISIBLE,0,
f_136694_,ERROR_SINGLE,0,
f_136695_,ERROR_MULTIPLE,0,
f_136722_,FILTER_AIR,0,
f_136723_,ERROR_OVERLAP,0,
f_136724_,ERROR_AREA_TOO_LARGE,0,
f_136725_,ERROR_FAILED,0,
f_136779_,pos,0,
f_136780_,state,0,
f_136789_,canOverlap,0,
f_13678_,trigger,0,
f_13679_,advancement,0,
f_136800_,ERROR_UNKNOWN_PACK,0,
f_136801_,ERROR_PACK_ALREADY_ENABLED,0,
f_136802_,ERROR_PACK_ALREADY_DISABLED,0,
f_136803_,SELECTED_PACKS,0,
f_136804_,UNSELECTED_PACKS,0,
f_13680_,criterion,0,
f_136886_,ERROR_NOT_OP,0,
f_136900_,LOGGER,0,
f_136901_,ERROR_NOT_RUNNING,0,
f_136902_,ERROR_ALREADY_RUNNING,0,
f_13691_,EMPTY,0,
f_136933_,ERROR_ALREADY_DIFFICULT,0,
f_136949_,ERROR_GIVE_FAILED,0,
f_136950_,ERROR_CLEAR_EVERYTHING_FAILED,0,
f_136951_,ERROR_CLEAR_SPECIFIC_FAILED,0,
f_137002_,ERROR_NOT_LIVING_ENTITY,0,
f_137003_,ERROR_NO_ITEM,0,
f_137004_,ERROR_INCOMPATIBLE,0,
f_137005_,ERROR_LEVEL_TOO_HIGH,0,
f_137006_,ERROR_NOTHING_HAPPENED,0,
f_137030_,ERROR_AREA_TOO_LARGE,0,
f_137031_,ERROR_CONDITIONAL_FAILED,0,
f_137032_,ERROR_CONDITIONAL_FAILED_COUNT,0,
f_137034_,SUGGEST_PREDICATE,0,
f_137304_,ERROR_SET_POINTS_INVALID,0,
f_137344_,add,0,
f_137345_,set,0,
f_137346_,name,0,
f_137347_,query,0,
f_137372_,ERROR_AREA_TOO_LARGE,0,
f_137373_,HOLLOW_CORE,0,
f_137374_,ERROR_FAILED,0,
f_137410_,filter,0,
f_137440_,timeSource,0,
f_137441_,NIL_UUID,0,
f_137444_,BACKGROUND_EXECUTOR,0,
f_137445_,IO_POOL,0,
f_137446_,LOGGER,0,
f_137608_,val$target,0,
f_13765_,GSON,0,
f_137668_,ERROR_TOO_MANY_CHUNKS,0,
f_137669_,ERROR_NOT_TICKING,0,
f_137670_,ERROR_ALL_ADDED,0,
f_137671_,ERROR_NONE_REMOVED,0,
f_137712_,SUGGEST_FUNCTION,0,
f_137760_,val$base,0,
f_137785_,ERROR_FAILED,0,
f_137877_,SUGGEST_LOOT_TABLE,0,
f_137878_,ERROR_NO_HELD_ITEMS,0,
f_137879_,ERROR_NO_LOOT_TABLE,0,
f_138072_,ERROR_ALREADY_OP,0,
f_138091_,ERROR_NOT_BANNED,0,
f_138105_,ERROR_INVALID,0,
f_138106_,ERROR_NOT_BANNED,0,
f_138120_,ERROR_FAILED,0,
f_138149_,ERROR_TOO_FAR,0,
f_138181_,ERROR_FAILED,0,
f_138182_,ERROR_ALREADY_PUBLISHED,0,
f_138197_,ERROR_GIVE_FAILED,0,
f_138198_,ERROR_TAKE_FAILED,0,
f_138220_,LOGGER,0,
f_138269_,ERROR_FAILED,0,
f_138282_,ERROR_ALREADY_OFF,0,
f_138290_,ERROR_ALREADY_ON,0,
f_138298_,parent,0,
f_138299_,display,0,
f_138300_,rewards,0,
f_138302_,criteria,0,
f_138303_,requirements,0,
f_138333_,parent,0,
f_138334_,display,0,
f_138335_,rewards,0,
f_138336_,criteria,0,
f_138337_,requirements,0,
f_138338_,requirementsStrategy,0,
f_138415_,ERROR_SAME_TICK,0,
f_138416_,ERROR_CANT_REMOVE,0,
f_138417_,SUGGEST_SCHEDULE,0,
f_138460_,ERROR_OBJECTIVE_ALREADY_EXISTS,0,
f_138461_,ERROR_DISPLAY_SLOT_ALREADY_EMPTY,0,
f_138462_,ERROR_DISPLAY_SLOT_ALREADY_SET,0,
f_138463_,ERROR_TRIGGER_ALREADY_ENABLED,0,
f_138464_,ERROR_NOT_TRIGGER,0,
f_138465_,ERROR_NO_VALUE,0,
f_138597_,ERROR_FAILED,0,
f_138674_,ERROR_SELF,0,
f_138675_,ERROR_NOT_SPECTATOR,0,
f_138693_,ERROR_FAILED_TO_SPREAD_TEAMS,0,
f_138694_,ERROR_FAILED_TO_SPREAD_ENTITIES,0,
f_138749_,x,0,
f_138750_,z,0,
f_138810_,ERROR_FAILED,0,
f_138811_,ERROR_DUPLICATE_UUID,0,
f_138812_,INVALID_POSITION,0,
f_138833_,ERROR_ADD_FAILED,0,
f_138834_,ERROR_REMOVE_FAILED,0,
f_138862_,ERROR_TEAM_ALREADY_EXISTS,0,
f_138864_,ERROR_TEAM_ALREADY_EMPTY,0,
f_138865_,ERROR_TEAM_ALREADY_NAME,0,
f_138866_,ERROR_TEAM_ALREADY_COLOR,0,
f_138867_,ERROR_TEAM_ALREADY_FRIENDLYFIRE_ENABLED,0,
f_138868_,ERROR_TEAM_ALREADY_FRIENDLYFIRE_DISABLED,0,
f_138869_,ERROR_TEAM_ALREADY_FRIENDLYINVISIBLES_ENABLED,0,
f_138870_,ERROR_TEAM_ALREADY_FRIENDLYINVISIBLES_DISABLED,0,
f_138871_,ERROR_TEAM_NAMETAG_VISIBLITY_UNCHANGED,0,
f_138872_,ERROR_TEAM_DEATH_MESSAGE_VISIBLITY_UNCHANGED,0,
f_138873_,ERROR_TEAM_COLLISION_UNCHANGED,0,
f_138996_,SUGGEST_STYLE,0,
f_138997_,ERROR_NOT_ON_TEAM,0,
f_139006_,INVALID_POSITION,0,
f_139135_,ERROR_NOT_PRIMED,0,
f_139136_,ERROR_INVALID_OBJECTIVE,0,
f_139191_,ERROR_ALREADY_ENABLED,0,
f_139192_,ERROR_ALREADY_DISABLED,0,
f_139193_,ERROR_ALREADY_WHITELISTED,0,
f_139194_,ERROR_NOT_WHITELISTED,0,
f_139237_,ERROR_SAME_CENTER,0,
f_139238_,ERROR_SAME_SIZE,0,
f_139239_,ERROR_TOO_SMALL,0,
f_139240_,ERROR_TOO_BIG,0,
f_139241_,ERROR_SAME_WARNING_TIME,0,
f_139242_,ERROR_SAME_WARNING_DISTANCE,0,
f_139243_,ERROR_SAME_DAMAGE_BUFFER,0,
f_139244_,ERROR_SAME_DAMAGE_AMOUNT,0,
f_139291_,PROVIDER,0,
f_139292_,ERROR_NOT_A_BLOCK_ENTITY,0,
f_139293_,entity,0,
f_139294_,pos,0,
f_139312_,val$argPrefix,0,
f_139349_,ALL_PROVIDERS,0,
f_139350_,TARGET_PROVIDERS,0,
f_139351_,SOURCE_PROVIDERS,0,
f_139352_,ERROR_MERGE_UNCHANGED,0,
f_139353_,ERROR_GET_NOT_NUMBER,0,
f_139354_,ERROR_GET_NON_EXISTENT,0,
f_139355_,ERROR_MULTIPLE_TAGS,0,
f_139357_,ERROR_EXPECTED_OBJECT,0,
f_13937_,LOGGER,0,
f_139505_,PROVIDER,0,
f_139506_,ERROR_NO_PLAYERS,0,
f_139507_,entity,0,
f_139523_,val$arg,0,
f_139531_,PROVIDER,0,
f_139532_,SUGGEST_STORAGE,0,
f_139533_,storage,0,
f_139534_,id,0,
f_139563_,val$arg,0,
f_139571_,LOGGER,0,
f_139598_,LOGGER,0,
f_139600_,consoleInput,0,
f_139601_,queryThreadGs4,0,
f_139602_,rconConsoleSource,0,
f_139603_,rconThread,0,
f_139604_,settings,0,
f_139605_,gui,0,
f_139606_,textFilterClient,0,
f_13967_,factory,0,
f_139700_,this$0,0,
f_139705_,spawnMonsters,0,
f_139707_,useNativeTransport,0,
f_139708_,enableCommandBlock,0,
f_139709_,spawnProtection,0,
f_139710_,opPermissionLevel,0,
f_139711_,functionPermissionLevel,0,
f_139712_,maxTickTime,0,
f_139713_,rateLimitPacketsPerSecond,0,
f_139714_,viewDistance,0,
f_139715_,maxPlayers,0,
f_139716_,networkCompressionThreshold,0,
f_139717_,broadcastRconToOps,0,
f_139718_,broadcastConsoleToOps,0,
f_139719_,maxWorldSize,0,
f_139720_,syncChunkWrites,0,
f_139721_,enableJmxMonitoring,0,
f_139722_,enableStatus,0,
f_139723_,entityBroadcastRangePercentage,0,
f_139724_,textFilteringConfig,0,
f_139725_,playerIdleTimeout,0,
f_139726_,whiteList,0,
f_139728_,onlineMode,0,
f_139729_,preventProxyConnections,0,
f_139730_,serverIp,0,
f_139731_,spawnAnimals,0,
f_139732_,spawnNpcs,0,
f_139733_,pvp,0,
f_139734_,allowFlight,0,
f_139736_,motd,0,
f_139737_,forceGameMode,0,
f_139738_,enforceWhitelist,0,
f_139739_,difficulty,0,
f_139740_,gamemode,0,
f_139741_,levelName,0,
f_139742_,serverPort,0,
f_139744_,announcePlayerAchievements,0,
f_139745_,enableQuery,0,
f_139746_,queryPort,0,
f_139747_,enableRcon,0,
f_139748_,rconPort,0,
f_139749_,rconPassword,0,
f_139752_,hardcore,0,
f_139753_,allowNether,0,
f_139772_,source,0,
f_139773_,properties,0,
f_139781_,LOGGER,0,
f_139782_,server,0,
f_139797_,LOGGER,0,
f_139798_,properties,0,
f_13984_,val$lowercaseToConstant,0,
f_13985_,this$0,0,
f_139880_,this$0,0,
f_139881_,key,0,
f_139882_,value,0,
f_139883_,serializer,0,
f_139899_,MONOSPACED,0,
f_139900_,LOGGER,0,
f_139901_,server,0,
f_139902_,logAppenderThread,0,
f_139903_,finalizers,0,
f_139904_,isClosing,0,
f_139936_,val$gui,0,
f_139937_,val$frame,0,
f_139938_,val$server,0,
f_13994_,SQRT_OF_TWO,0,
f_139950_,server,0,
f_139951_,tickCount,0,
f_139955_,DECIMAL_FORMAT,0,
f_139956_,values,0,
f_139957_,vp,0,
f_139958_,msgs,0,
f_139959_,server,0,
f_13995_,SIN,0,
f_139960_,timer,0,
f_13996_,RANDOM,0,
f_139974_,id,0,
f_139975_,pos,0,
f_139976_,progress,0,
f_139977_,updatedRenderTick,0,
f_13997_,MULTIPLY_DE_BRUIJN_BIT_POSITION,0,
f_13998_,FRAC_BIAS,0,
f_139995_,UNLOADED_CHUNK,0,
f_139996_,UNLOADED_CHUNK_FUTURE,0,
f_139997_,UNLOADED_LEVEL_CHUNK,0,
f_139998_,UNLOADED_LEVEL_CHUNK_FUTURE,0,
f_139999_,CHUNK_STATUSES,0,
f_13999_,ASIN_TAB,0,
f_140001_,futures,0,
f_140002_,fullChunkFuture,0,
f_140003_,tickingChunkFuture,0,
f_140004_,entityTickingChunkFuture,0,
f_140005_,chunkToSave,0,
f_140006_,oldTicketLevel,0,
f_140007_,ticketLevel,0,
f_140008_,queueLevel,0,
f_140009_,pos,0,
f_14000_,COS_TAB,0,
f_140010_,hasChangedSections,0,
f_140011_,changedBlocksPerSection,0,
f_140012_,blockChangedLightSectionFilter,0,
f_140013_,skyChangedLightSectionFilter,0,
f_140014_,lightEngine,0,
f_140015_,onLevelChange,0,
f_140016_,playerProvider,0,
f_140017_,wasAccessibleSinceLastSave,0,
f_140125_,unloadQueue,0,
f_140128_,LOGGER,0,
f_140129_,updatingChunkMap,0,
f_140130_,visibleChunkMap,0,
f_140131_,pendingUnloads,0,
f_140132_,entitiesInLevel,0,
f_140133_,level,0,
f_140134_,lightEngine,0,
f_140135_,mainThreadExecutor,0,
f_140136_,generator,0,
f_140137_,overworldDataStorage,0,
f_140138_,poiManager,0,
f_140139_,toDrop,0,
f_140140_,modified,0,
f_140141_,queueSorter,0,
f_140142_,worldgenMailbox,0,
f_140143_,mainThreadMailbox,0,
f_140144_,progressListener,0,
f_140145_,distanceManager,0,
f_140146_,tickingGenerated,0,
f_140149_,playerMap,0,
f_140150_,entityMap,0,
f_140151_,chunkTypeCache,0,
f_140456_,this$0,0,
f_140470_,this$0,0,
f_140471_,serverEntity,0,
f_140472_,entity,0,
f_140473_,range,0,
f_140474_,lastSectionPos,0,
f_140475_,seenBy,0,
f_140508_,PRIORITY_LEVEL_COUNT,0,
f_140509_,taskQueue,0,
f_140510_,firstQueue,0,
f_140511_,name,0,
f_140512_,acquired,0,
f_140513_,maxTasks,0,
f_140549_,LOGGER,0,
f_140550_,queues,0,
f_140551_,sleeping,0,
f_140552_,mailbox,0,
f_140664_,task,0,
f_140665_,pos,0,
f_140666_,level,0,
f_140682_,task,0,
f_140683_,pos,0,
f_140684_,clearQueue,0,
f_140723_,x,0,
f_140724_,z,0,
f_140734_,displayedIntro,0,
f_140735_,demoHasEnded,0,
f_140736_,demoEndedReminder,0,
f_140737_,gameModeTicks,0,
f_140758_,LOGGER,0,
f_140759_,PLAYER_TICKET_LEVEL,0,
f_140760_,playersPerChunk,0,
f_140761_,tickets,0,
f_140762_,ticketTracker,0,
f_140763_,naturalSpawnChunkCounter,0,
f_140764_,playerTicketManager,0,
f_140765_,chunksToUpdateFutures,0,
f_140766_,ticketThrottler,0,
f_140767_,ticketThrottlerInput,0,
f_140768_,ticketThrottlerReleaser,0,
f_140769_,ticketsToRelease,0,
f_140770_,mainThreadExecutor,0,
f_140771_,ticketTickCounter,0,
f_140874_,this$0,0,
f_140886_,chunks,0,
f_140887_,maxDistance,0,
f_140888_,this$0,0,
f_140904_,this$0,0,
f_140905_,viewDistance,0,
f_140906_,queueLevels,0,
f_140907_,toUpdate,0,
f_14232_,targetValue,0,
f_14233_,remainingValue,0,
f_14234_,lastAmount,0,
f_14240_,comparator,0,
f_14241_,contents,0,
f_14242_,size,0,
f_142767_,PI,0,
f_142768_,RAD_TO_DEG,0,
f_142769_,DEG_TO_RAD,0,
f_142770_,EPSILON,0,
f_142787_,DEFAULT_TIME,0,
f_142864_,CONVERSION_RETRY_DELAY_MS,0,
f_142865_,CONVERSION_RETRIES,0,
f_14287_,this$0,0,
f_142880_,MAX_SHUTDOWN_TIME,0,
f_142881_,SHUTDOWN_STATUS,0,
f_142884_,TITLE,0,
f_142885_,SHUTDOWN_TITLE,0,
f_142886_,DEBUG_WATER,0,
f_142887_,DEBUG_HEIGHTMAP,0,
f_142888_,DEBUG_COLLISION,0,
f_142889_,DEBUG_SHAPES,0,
f_14288_,index,0,
f_142890_,DEBUG_NEIGHBORSUPDATE,0,
f_142891_,DEBUG_STRUCTURES,0,
f_142892_,DEBUG_LIGHT,0,
f_142893_,DEBUG_WORLDGENATTEMPT,0,
f_142894_,DEBUG_SOLID_FACE,0,
f_142895_,DEBUG_CHUNKS,0,
f_142896_,DEBUG_GAME_EVENT_LISTENERS,0,
f_142897_,DEBUG_DUMP_TEXTURE_ATLAS,0,
f_142898_,DEBUG_DUMP_INTERPOLATED_TEXTURE_FRAMES,0,
f_142899_,DEBUG_STRUCTURE_EDIT_MODE,0,
f_14289_,last,0,
f_142900_,DEBUG_SAVE_STRUCTURES_AS_SNBT,0,
f_142901_,DEBUG_SYNCHRONOUS_GL_LOGS,0,
f_142902_,DEBUG_VERBOSE_SERVER_EVENTS,0,
f_142903_,DEBUG_NAMED_RUNNABLES,0,
f_142904_,DEBUG_GOAL_SELECTOR,0,
f_142905_,DEBUG_VILLAGE_SECTIONS,0,
f_142906_,DEBUG_BRAIN,0,
f_142907_,DEBUG_BEES,0,
f_142908_,DEBUG_RAIDS,0,
f_142909_,DEBUG_BLOCK_BREAK,0,
f_142910_,DEBUG_RESOURCE_LOAD_TIMES,0,
f_142911_,DEBUG_MONITOR_TICK_TIMES,0,
f_142912_,SNAPSHOT,0,
f_142913_,DEBUG_SHOW_SERVER_DEBUG_VALUES,0,
f_142914_,DEBUG_STORE_CHUNK_STACKTRACES,0,
f_142916_,WORLD_RESOLUTION,0,
f_142917_,MAX_CHAT_LENGTH,0,
f_142919_,TICKS_PER_SECOND,0,
f_142920_,TICKS_PER_MINUTE,0,
f_142921_,TICKS_PER_GAME_DAY,0,
f_142922_,AVERAGE_GAME_TICKS_PER_RANDOM_TICK_PER_BLOCK,0,
f_142923_,AVERAGE_RANDOM_TICKS_PER_BLOCK_PER_MINUTE,0,
f_142924_,AVERAGE_RANDOM_TICKS_PER_BLOCK_PER_GAME_DAY,0,
f_142925_,SNAPSHOT_PROTOCOL_BIT,0,
f_142926_,DEBUG_KEEP_JIGSAW_BLOCKS_DURING_STRUCTURE_GEN,0,
f_142927_,DEBUG_DONT_SAVE_WORLD,0,
f_142928_,DEBUG_LARGE_DRIPSTONE,0,
f_142930_,DEBUG_CARVERS,0,
f_142931_,DEBUG_ORE_VEINS,0,
f_142933_,DEBUG_DISABLE_LIQUID_SPREADING,0,
f_142934_,DEBUG_ONLY_GENERATE_HALF_THE_WORLD,0,
f_142935_,DEBUG_DISABLE_FLUID_GENERATION,0,
f_142936_,DEBUG_DISABLE_AQUIFERS,0,
f_142938_,DEBUG_DISABLE_SURFACE,0,
f_142939_,DEBUG_DISABLE_CARVERS,0,
f_142940_,DEBUG_DISABLE_STRUCTURES,0,
f_142941_,DEBUG_DISABLE_FEATURES,0,
f_142942_,DEBUG_DISABLE_ORE_VEINS,0,
f_142944_,DEFAULT_MINECRAFT_PORT,0,
f_142945_,INGAME_DEBUG_OUTPUT,0,
f_142946_,DEBUG_SUBTITLES,0,
f_142947_,FAKE_MS_LATENCY,0,
f_142948_,FAKE_MS_JITTER,0,
f_142949_,COMMAND_STACK_TRACES,0,
f_142950_,DEBUG_WORLD_RECREATE,0,
f_142951_,WORLD_VERSION,0,
f_142952_,VERSION_STRING,0,
f_142954_,RELEASE_NETWORK_PROTOCOL_VERSION,0,
f_142955_,SNAPSHOT_NETWORK_PROTOCOL_VERSION,0,
f_142956_,SNBT_NAG_VERSION,0,
f_142957_,RESOURCE_PACK_FORMAT,0,
f_142958_,DATA_PACK_FORMAT,0,
f_142959_,DATA_VERSION_TAG,0,
f_142965_,USE_NEW_RENDERSYSTEM,0,
f_142966_,MULTITHREADED_RENDERING,0,
f_142967_,FIX_TNT_DUPE,0,
f_142968_,FIX_SAND_DUPE,0,
f_142970_,USE_DEBUG_FEATURES,0,
f_142972_,DEBUG_HOTKEYS,0,
f_142973_,DEBUG_UI_NARRATION,0,
f_142974_,DEBUG_RENDER,0,
f_142975_,DEBUG_PATHFINDING,0,
f_142981_,pendingFullStateConfirmation,0,
f_142983_,levelHeightAccessor,0,
f_142984_,chunkToSaveHistory,0,
f_14298_,STOP_ITERATION,0,
f_143023_,thread,0,
f_143024_,future,0,
f_143025_,source,0,
f_143031_,chunkStatusListener,0,
f_143032_,MAX_VIEW_DISTANCE,0,
f_143033_,FORCED_TICKET_LEVEL,0,
f_143034_,CHUNK_TYPE_REPLACEABLE,0,
f_143035_,CHUNK_TYPE_UNKNOWN,0,
f_143036_,CHUNK_TYPE_FULL,0,
f_143037_,CHUNK_SAVED_PER_TICK,0,
f_143038_,MIN_VIEW_DISTANCE,0,
f_143191_,COORD_BITS,0,
f_143192_,COORD_MASK,0,
f_143201_,DEMO_DAYS,0,
f_143202_,TOTAL_PLAY_TICKS,0,
f_143206_,INITIAL_TICKET_LIST_CAPACITY,0,
f_143226_,CACHE_SIZE,0,
f_143241_,TOLERANCE_LEVEL_ROTATION,0,
f_143242_,EMPTY_TIME_NO_TICK,0,
f_143243_,entityTickList,0,
f_143244_,entityManager,0,
f_143245_,sleepStatus,0,
f_143246_,navigatingMobs,0,
f_143247_,dragonParts,0,
f_143351_,this$0,0,
f_143378_,textFilteringEnabled,0,
f_143379_,containerSynchronizer,0,
f_143380_,containerListener,0,
f_143381_,NEUTRAL_MOB_DEATH_NOTIFICATION_RADII_XZ,0,
f_143382_,NEUTRAL_MOB_DEATH_NOTIFICATION_RADII_Y,0,
f_143433_,this$0,0,
f_143458_,this$0,0,
f_143479_,center,0,
f_143480_,generatingStatus,0,
f_143481_,writeRadiusCutoff,0,
f_143482_,currentlyGenerating,0,
f_143506_,BYTES_PER_MEBIBYTE,0,
f_143507_,ONE_GIGA,0,
f_143508_,LOGGER,0,
f_143509_,OPERATING_SYSTEM,0,
f_143510_,JAVA_VERSION,0,
f_143511_,JAVA_VM_VERSION,0,
f_143512_,entries,0,
f_143587_,TIMER,0,
f_143588_,delay,0,
f_143589_,jitter,0,
f_143590_,queuedMessages,0,
f_143603_,ctx,0,
f_143604_,msg,0,
f_143670_,val$target,0,
f_143671_,this$0,0,
f_143689_,$SwitchMap$net$minecraft$world$level$block$entity$CommandBlockEntity$Mode,0,
f_143690_,$SwitchMap$net$minecraft$network$protocol$game$ServerboundPlayerActionPacket$Action,0,
f_143691_,$SwitchMap$net$minecraft$network$protocol$game$ServerboundPlayerCommandPacket$Action,0,
f_143692_,$SwitchMap$net$minecraft$network$protocol$game$ServerboundClientCommandPacket$Action,0,
f_143698_,MAX_TICKS_BEFORE_LOGIN,0,
f_143703_,DUMMY,0,
f_143748_,METADATA_EXTENSION,0,
f_143749_,PACK_META,0,
f_143778_,ZIP_FILE_SYSTEM_PROVIDER,0,
f_143904_,BUILT_IN_METADATA,0,
f_143937_,PREPARATION_PROGRESS_WEIGHT,0,
f_143938_,EXTRA_RELOAD_PROGRESS_WEIGHT,0,
f_143939_,LISTENER_PROGRESS_WEIGHT,0,
f_143953_,EXPIRES_NEVER,0,
f_143955_,GAMEPROFILES_MRU_LIMIT,0,
f_143956_,GAMEPROFILES_EXPIRATION_MONTHS,0,
f_143957_,requests,0,
f_143958_,executor,0,
f_143987_,SEND_PLAYER_INFO_INTERVAL,0,
f_143988_,ALLOW_LOGOUTIVATOR,0,
f_143998_,activePlayers,0,
f_143999_,sleepingPlayers,0,
f_144020_,MAX_PACKET_SIZE,0,
f_144022_,RCON,0,
f_144023_,MAX_STOP_WAIT,0,
f_144024_,GAME_TYPE,0,
f_144025_,GAME_ID,0,
f_144026_,CHALLENGE_CHECK_INTERVAL,0,
f_144027_,RESPONSE_CACHE_TIME,0,
f_144029_,SERVERDATA_AUTH,0,
f_14402_,STRIP_COLOR_PATTERN,0,
f_144030_,SERVERDATA_EXECCOMMAND,0,
f_144031_,SERVERDATA_RESPONSE_VALUE,0,
f_144032_,SERVERDATA_AUTH_RESPONSE,0,
f_144033_,SERVERDATA_AUTH_FAILURE,0,
f_144042_,ONE_SECOND,0,
f_144043_,THIRTY_SECONDS,0,
f_144044_,TEN_MINUTES,0,
f_144045_,TWENTY_MINUTES,0,
f_144046_,FIVE_MINUTES,0,
f_144048_,AMETHYST_BLOCK_PLACE,0,
f_144049_,AMETHYST_BLOCK_STEP,0,
f_144050_,AMETHYST_CLUSTER_BREAK,0,
f_144051_,AMETHYST_CLUSTER_FALL,0,
f_144052_,AMETHYST_CLUSTER_HIT,0,
f_144053_,AMETHYST_CLUSTER_PLACE,0,
f_144054_,AMETHYST_CLUSTER_STEP,0,
f_144055_,AZALEA_LEAVES_FALL,0,
f_144056_,AZALEA_LEAVES_HIT,0,
f_144057_,AZALEA_LEAVES_PLACE,0,
f_144058_,AZALEA_LEAVES_STEP,0,
f_144059_,AXE_SCRAPE,0,
f_144060_,AXE_WAX_OFF,0,
f_144061_,AXOLOTL_ATTACK,0,
f_144062_,AXOLOTL_DEATH,0,
f_144063_,AXOLOTL_HURT,0,
f_144064_,AXOLOTL_IDLE_AIR,0,
f_144065_,AXOLOTL_IDLE_WATER,0,
f_144066_,AXOLOTL_SPLASH,0,
f_144067_,AXOLOTL_SWIM,0,
f_144068_,AZALEA_BREAK,0,
f_144069_,AZALEA_FALL,0,
f_144070_,AZALEA_HIT,0,
f_144071_,AZALEA_PLACE,0,
f_144072_,AZALEA_STEP,0,
f_144073_,AZALEA_LEAVES_BREAK,0,
f_144074_,BONE_MEAL_USE,0,
f_144075_,BUCKET_EMPTY_AXOLOTL,0,
f_144076_,BUCKET_EMPTY_POWDER_SNOW,0,
f_144077_,BUCKET_FILL_AXOLOTL,0,
f_144078_,BIG_DRIPLEAF_BREAK,0,
f_144079_,BIG_DRIPLEAF_FALL,0,
f_144080_,BIG_DRIPLEAF_HIT,0,
f_144081_,BIG_DRIPLEAF_PLACE,0,
f_144082_,BIG_DRIPLEAF_STEP,0,
f_144083_,CAVE_VINES_BREAK,0,
f_144084_,CAVE_VINES_FALL,0,
f_144085_,CAVE_VINES_HIT,0,
f_144086_,CAVE_VINES_PLACE,0,
f_144087_,CAVE_VINES_STEP,0,
f_144088_,CAVE_VINES_PICK_BERRIES,0,
f_144089_,BUCKET_FILL_POWDER_SNOW,0,
f_144090_,CAKE_ADD_CANDLE,0,
f_144091_,CALCITE_BREAK,0,
f_144092_,CALCITE_STEP,0,
f_144093_,CALCITE_PLACE,0,
f_144094_,CALCITE_HIT,0,
f_144095_,CALCITE_FALL,0,
f_144096_,CANDLE_AMBIENT,0,
f_144097_,CANDLE_BREAK,0,
f_144098_,CANDLE_EXTINGUISH,0,
f_144099_,CANDLE_FALL,0,
f_144100_,CANDLE_HIT,0,
f_144101_,CANDLE_PLACE,0,
f_144102_,CANDLE_STEP,0,
f_144103_,DEEPSLATE_BRICKS_BREAK,0,
f_144104_,DEEPSLATE_BRICKS_FALL,0,
f_144105_,DEEPSLATE_BRICKS_HIT,0,
f_144106_,DEEPSLATE_BRICKS_PLACE,0,
f_144107_,DEEPSLATE_BRICKS_STEP,0,
f_144108_,DEEPSLATE_BREAK,0,
f_144109_,DEEPSLATE_FALL,0,
f_144110_,DEEPSLATE_HIT,0,
f_144111_,DEEPSLATE_PLACE,0,
f_144112_,DEEPSLATE_STEP,0,
f_144113_,DEEPSLATE_TILES_BREAK,0,
f_144114_,DEEPSLATE_TILES_FALL,0,
f_144115_,DEEPSLATE_TILES_HIT,0,
f_144116_,DEEPSLATE_TILES_PLACE,0,
f_144117_,COPPER_BREAK,0,
f_144118_,COPPER_STEP,0,
f_144119_,COPPER_PLACE,0,
f_144120_,COPPER_HIT,0,
f_144121_,COPPER_FALL,0,
f_144122_,POINTED_DRIPSTONE_STEP,0,
f_144123_,POINTED_DRIPSTONE_PLACE,0,
f_144124_,POINTED_DRIPSTONE_HIT,0,
f_144125_,POINTED_DRIPSTONE_FALL,0,
f_144126_,POINTED_DRIPSTONE_LAND,0,
f_144127_,POINTED_DRIPSTONE_DRIP_LAVA,0,
f_144128_,POINTED_DRIPSTONE_DRIP_WATER,0,
f_144129_,POINTED_DRIPSTONE_DRIP_LAVA_INTO_CAULDRON,0,
f_144130_,POINTED_DRIPSTONE_DRIP_WATER_INTO_CAULDRON,0,
f_144131_,BIG_DRIPLEAF_TILT_DOWN,0,
f_144132_,BIG_DRIPLEAF_TILT_UP,0,
f_144133_,DYE_USE,0,
f_144134_,DEEPSLATE_TILES_STEP,0,
f_144135_,DRIPSTONE_BLOCK_BREAK,0,
f_144136_,DRIPSTONE_BLOCK_STEP,0,
f_144137_,DRIPSTONE_BLOCK_PLACE,0,
f_144138_,DRIPSTONE_BLOCK_HIT,0,
f_144139_,DRIPSTONE_BLOCK_FALL,0,
f_14413_,a,0,
f_144140_,POINTED_DRIPSTONE_BREAK,0,
f_144141_,FLOWERING_AZALEA_BREAK,0,
f_144142_,FLOWERING_AZALEA_FALL,0,
f_144143_,FLOWERING_AZALEA_HIT,0,
f_144144_,FLOWERING_AZALEA_PLACE,0,
f_144145_,FLOWERING_AZALEA_STEP,0,
f_144146_,GOAT_SCREAMING_HURT,0,
f_144147_,GOAT_SCREAMING_LONG_JUMP,0,
f_144148_,GOAT_SCREAMING_MILK,0,
f_144149_,GOAT_SCREAMING_PREPARE_RAM,0,
f_14414_,b,0,
f_144150_,GOAT_SCREAMING_RAM_IMPACT,0,
f_144151_,GOAT_STEP,0,
f_144152_,HANGING_ROOTS_BREAK,0,
f_144153_,GLOW_INK_SAC_USE,0,
f_144154_,GLOW_ITEM_FRAME_ADD_ITEM,0,
f_144155_,GLOW_ITEM_FRAME_BREAK,0,
f_144156_,GLOW_ITEM_FRAME_PLACE,0,
f_144157_,GLOW_ITEM_FRAME_REMOVE_ITEM,0,
f_144158_,GLOW_ITEM_FRAME_ROTATE_ITEM,0,
f_144159_,GLOW_SQUID_AMBIENT,0,
f_144160_,GLOW_SQUID_DEATH,0,
f_144161_,GLOW_SQUID_HURT,0,
f_144162_,GLOW_SQUID_SQUIRT,0,
f_144163_,GOAT_AMBIENT,0,
f_144164_,GOAT_DEATH,0,
f_144165_,GOAT_EAT,0,
f_144166_,GOAT_HURT,0,
f_144167_,GOAT_LONG_JUMP,0,
f_144168_,GOAT_MILK,0,
f_144169_,GOAT_PREPARE_RAM,0,
f_144170_,GOAT_RAM_IMPACT,0,
f_144171_,GOAT_SCREAMING_AMBIENT,0,
f_144172_,GOAT_SCREAMING_DEATH,0,
f_144173_,GOAT_SCREAMING_EAT,0,
f_144174_,HANGING_ROOTS_FALL,0,
f_144175_,HANGING_ROOTS_HIT,0,
f_144176_,HANGING_ROOTS_PLACE,0,
f_144177_,HANGING_ROOTS_STEP,0,
f_144178_,HONEYCOMB_WAX_ON,0,
f_144179_,LARGE_AMETHYST_BUD_BREAK,0,
f_144180_,LARGE_AMETHYST_BUD_PLACE,0,
f_144181_,INK_SAC_USE,0,
f_144182_,MOSS_CARPET_BREAK,0,
f_144183_,MOSS_CARPET_FALL,0,
f_144184_,MOSS_CARPET_HIT,0,
f_144185_,MOSS_CARPET_PLACE,0,
f_144186_,MOSS_CARPET_STEP,0,
f_144187_,MOSS_BREAK,0,
f_144188_,MOSS_FALL,0,
f_144189_,MOSS_HIT,0,
f_144190_,MOSS_PLACE,0,
f_144191_,MOSS_STEP,0,
f_144192_,MEDIUM_AMETHYST_BUD_BREAK,0,
f_144193_,MEDIUM_AMETHYST_BUD_PLACE,0,
f_144194_,MINECART_INSIDE_UNDERWATER,0,
f_144195_,POLISHED_DEEPSLATE_BREAK,0,
f_144196_,POLISHED_DEEPSLATE_FALL,0,
f_144197_,POLISHED_DEEPSLATE_HIT,0,
f_144198_,POLISHED_DEEPSLATE_PLACE,0,
f_144199_,POLISHED_DEEPSLATE_STEP,0,
f_144200_,POWDER_SNOW_BREAK,0,
f_144201_,POWDER_SNOW_FALL,0,
f_144202_,POWDER_SNOW_HIT,0,
f_144203_,POWDER_SNOW_PLACE,0,
f_144204_,POWDER_SNOW_STEP,0,
f_144205_,PLAYER_HURT_FREEZE,0,
f_144206_,ROOTED_DIRT_BREAK,0,
f_144207_,ROOTED_DIRT_FALL,0,
f_144208_,ROOTED_DIRT_HIT,0,
f_144209_,ROOTED_DIRT_PLACE,0,
f_144210_,ROOTED_DIRT_STEP,0,
f_144211_,SKELETON_CONVERTED_TO_STRAY,0,
f_144212_,SCULK_CLICKING,0,
f_144213_,SCULK_CLICKING_STOP,0,
f_144214_,SCULK_SENSOR_BREAK,0,
f_144215_,SCULK_SENSOR_FALL,0,
f_144216_,SCULK_SENSOR_HIT,0,
f_144217_,SCULK_SENSOR_PLACE,0,
f_144218_,SCULK_SENSOR_STEP,0,
f_144219_,SPORE_BLOSSOM_BREAK,0,
f_144220_,SPORE_BLOSSOM_FALL,0,
f_144221_,SPORE_BLOSSOM_HIT,0,
f_144222_,SPORE_BLOSSOM_PLACE,0,
f_144223_,SPORE_BLOSSOM_STEP,0,
f_144224_,SMALL_AMETHYST_BUD_BREAK,0,
f_144225_,SMALL_AMETHYST_BUD_PLACE,0,
f_144226_,SMALL_DRIPLEAF_BREAK,0,
f_144227_,SMALL_DRIPLEAF_FALL,0,
f_144228_,SMALL_DRIPLEAF_HIT,0,
f_144229_,SMALL_DRIPLEAF_PLACE,0,
f_144230_,SMALL_DRIPLEAF_STEP,0,
f_144231_,SPYGLASS_USE,0,
f_144232_,SPYGLASS_STOP_USING,0,
f_144233_,TUFF_BREAK,0,
f_144234_,TUFF_STEP,0,
f_144235_,TUFF_PLACE,0,
f_144236_,TUFF_HIT,0,
f_144237_,TUFF_FALL,0,
f_144238_,VINE_BREAK,0,
f_144239_,VINE_FALL,0,
f_144240_,VINE_HIT,0,
f_144241_,VINE_PLACE,0,
f_144242_,AMETHYST_BLOCK_BREAK,0,
f_144243_,AMETHYST_BLOCK_CHIME,0,
f_144244_,AMETHYST_BLOCK_FALL,0,
f_144245_,AMETHYST_BLOCK_HIT,0,
f_144248_,RECIPE_BOOK_TAG,0,
f_144255_,PLAY_TIME,0,
f_144256_,TOTAL_WORLD_TIME,0,
f_144258_,IRON_ORES,0,
f_144259_,DIAMOND_ORES,0,
f_144260_,REDSTONE_ORES,0,
f_144261_,LAPIS_ORES,0,
f_144262_,COAL_ORES,0,
f_144263_,EMERALD_ORES,0,
f_144264_,COPPER_ORES,0,
f_144265_,CANDLES,0,
f_144266_,STONE_ORE_REPLACEABLES,0,
f_144267_,DEEPSLATE_ORE_REPLACEABLES,0,
f_144268_,CANDLE_CAKES,0,
f_144269_,CAULDRONS,0,
f_144270_,CRYSTAL_SOUND_BLOCKS,0,
f_144271_,INSIDE_STEP_SOUND_BLOCKS,0,
f_144272_,OCCLUDES_VIBRATION_SIGNALS,0,
f_144273_,DRIPSTONE_REPLACEABLE,0,
f_144274_,DIRT,0,
f_144275_,CAVE_VINES,0,
f_144276_,MOSS_REPLACEABLE,0,
f_144277_,LUSH_GROUND_REPLACEABLE,0,
f_144278_,SMALL_DRIPLEAF_PLACEABLE,0,
f_144279_,SNOW,0,
f_144280_,MINEABLE_WITH_AXE,0,
f_144281_,MINEABLE_WITH_HOE,0,
f_144282_,MINEABLE_WITH_PICKAXE,0,
f_144283_,MINEABLE_WITH_SHOVEL,0,
f_144284_,NEEDS_DIAMOND_TOOL,0,
f_144285_,NEEDS_IRON_TOOL,0,
f_144286_,NEEDS_STONE_TOOL,0,
f_144287_,FEATURES_CANNOT_REPLACE,0,
f_144288_,LAVA_POOL_STONE_CANNOT_REPLACE,0,
f_144289_,GEODE_INVALID_BLOCKS,0,
f_144291_,POWDER_SNOW_WALKABLE_MOBS,0,
f_144292_,AXOLOTL_ALWAYS_HOSTILES,0,
f_144293_,AXOLOTL_HUNT_TARGETS,0,
f_144294_,FREEZE_IMMUNE_ENTITY_TYPES,0,
f_144295_,FREEZE_HURTS_EXTRA_TYPES,0,
f_144302_,VIBRATIONS,0,
f_144303_,IGNORE_VIBRATIONS_SNEAKING,0,
f_144309_,IGNORED_BY_PIGLIN_BABIES,0,
f_144310_,PIGLIN_FOOD,0,
f_144311_,FOX_FOOD,0,
f_144312_,IRON_ORES,0,
f_144313_,DIAMOND_ORES,0,
f_144314_,REDSTONE_ORES,0,
f_144315_,LAPIS_ORES,0,
f_144316_,COAL_ORES,0,
f_144317_,EMERALD_ORES,0,
f_144318_,COPPER_ORES,0,
f_144319_,CANDLES,0,
f_144320_,FREEZE_IMMUNE_WEARABLES,0,
f_144323_,CLUSTER_MAX_HARVESTABLES,0,
f_144569_,registryAccess,0,
f_144605_,NOT_FOUND,0,
f_144606_,LOADFACTOR,0,
f_144611_,SYMMETRIC_ALGORITHM,0,
f_144612_,SYMMETRIC_BITS,0,
f_144613_,ASYMMETRIC_ALGORITHM,0,
f_144614_,ASYMMETRIC_BITS,0,
f_144615_,BYTE_ENCODING,0,
f_144616_,HASH_ALGORITHM,0,
f_144618_,LINE_SEPARATOR,0,
f_144619_,FIELD_SEPARATOR,0,
f_144620_,data,0,
f_144621_,index,0,
f_144627_,LOCK_FILE,0,
f_144628_,NON_NEGATIVE_INT,0,
f_144629_,POSITIVE_INT,0,
f_144691_,LOGGER,0,
f_144692_,outputFile,0,
f_144693_,tempFile,0,
f_144694_,fs,0,
f_144818_,MULTIPLIER,0,
f_144819_,INCREMENT,0,
f_144830_,PI,0,
f_144831_,HALF_PI,0,
f_144832_,TWO_PI,0,
f_144833_,DEG_TO_RAD,0,
f_144834_,RAD_TO_DEG,0,
f_144835_,EPSILON,0,
f_144838_,UUID_VERSION,0,
f_144839_,UUID_VERSION_TYPE_4,0,
f_144840_,UUID_VARIANT,0,
f_144841_,UUID_VARIANT_2,0,
f_144842_,SIN_SCALE,0,
f_144843_,ONE_SIXTH,0,
f_144844_,FRAC_EXP,0,
f_144845_,LUT_SIZE,0,
f_144974_,DEFAULT_INITIAL_CAPACITY,0,
f_14497_,type,0,
f_144984_,REPLACEMENT_CHAR,0,
f_144995_,LINE_PATTERN,0,
f_144996_,LINE_END_PATTERN,0,
f_145016_,NANOSECONDS_PER_SECOND,0,
f_145017_,NANOSECONDS_PER_MILLISECOND,0,
f_145044_,BIT_TO_LONG_SHIFT,0,
f_145088_,START_RIDING_TRIGGER,0,
f_145089_,LIGHTNING_STRIKE,0,
f_14508_,SAME,0,
f_145090_,USING_ITEM,0,
f_145092_,BIT_TO_LONG_SHIFT,0,
f_145093_,SECTION_WIDTH,0,
f_145094_,SECTION_HEIGHT,0,
f_145095_,SECTION_SIZE,0,
f_145096_,HEIGHTMAP_BITS,0,
f_145097_,HEIGHTMAP_SIZE,0,
f_14509_,SAME_NAMESPACED,0,
f_145177_,FILTER_ME,0,
f_145211_,SIZE,0,
f_145212_,NORTH_WEST_MASK,0,
f_145213_,WEST_MASK,0,
f_145214_,SOUTH_WEST_MASK,0,
f_145215_,SOUTH_MASK,0,
f_145216_,SOUTH_EAST_MASK,0,
f_145217_,EAST_MASK,0,
f_145218_,NORTH_EAST_MASK,0,
f_145219_,NORTH_MASK,0,
f_145220_,SIZE,0,
f_145221_,NIBBLE_SIZE,0,
f_145239_,NUM_SECTIONS,0,
f_145332_,MINECRAFT_BRED,0,
f_145350_,PROFESSION_MAX,0,
f_145399_,DEFAULT,0,
f_145400_,SPLASH,0,
f_145444_,RENAMES,0,
f_145445_,NORTH_WEST_MASK,0,
f_145446_,WEST_MASK,0,
f_145447_,SOUTH_WEST_MASK,0,
f_145448_,SOUTH_MASK,0,
f_145449_,SOUTH_EAST_MASK,0,
f_145450_,EAST_MASK,0,
f_145451_,NORTH_EAST_MASK,0,
f_145452_,NORTH_MASK,0,
f_145453_,DECAY_DISTANCE,0,
f_145454_,SIZE_BITS,0,
f_145455_,SIZE,0,
f_145474_,PERSISTENT,0,
f_145475_,DECAYABLE,0,
f_145476_,DISTANCE,0,
f_145477_,BLOCK_STATES_TAG,0,
f_145478_,NAME_TAG,0,
f_145479_,PROPERTIES_TAG,0,
f_145480_,GENERATOR_OPTIONS,0,
f_145488_,DEFAULT,0,
f_145489_,GENERATOR_OPTIONS,0,
f_14550_,data,0,
f_14551_,bits,0,
f_14552_,mask,0,
f_14553_,size,0,
f_145573_,KEY_UNKNOWN,0,
f_145628_,ENTITY_CHUNK,0,
f_145641_,INDEX_PATTERN,0,
f_145642_,PIECE_TYPE,0,
f_145643_,FEATURES,0,
f_145695_,BLOCK_KEY,0,
f_145696_,NEW_BLOCK_KEY,0,
f_145697_,NEW_CUSTOM_KEY,0,
f_14569_,typeReference,0,
f_145702_,name,0,
f_145703_,renames,0,
f_145734_,SIZE,0,
f_145735_,SIZE_BITS,0,
f_145757_,ORIGINAL_VALUE,0,
f_145758_,NEW_BASE_VALUE,0,
f_145761_,TRADES_PER_LEVEL,0,
f_145791_,VILLAGE,0,
f_145792_,DESERT_PYRAMID,0,
f_145793_,IGLOO,0,
f_145794_,JUNGLE_TEMPLE,0,
f_145795_,SWAMP_HUT,0,
f_145796_,PILLAGER_OUTPOST,0,
f_145797_,END_CITY,0,
f_145798_,WOODLAND_MANSION,0,
f_145799_,OCEAN_MONUMENT,0,
f_145926_,chartedPaths,0,
f_145932_,maxDuration,0,
f_145933_,minDuration,0,
f_145934_,accumulatedDuration,0,
f_145956_,PATH_SEPARATOR,0,
f_145958_,ROOT,0,
f_145974_,description,0,
f_145986_,thresholdTest,0,
f_145987_,name,0,
f_145988_,category,0,
f_145989_,sampler,0,
f_145990_,ticks,0,
f_145991_,values,0,
f_145992_,isRunning,0,
f_145993_,beforeTick,0,
f_145994_,currentValue,0,
f_146028_,name,0,
f_146029_,category,0,
f_146030_,sampler,0,
f_146031_,context,0,
f_146032_,beforeTick,0,
f_146033_,thresholdTest,0,
f_146049_,recording,0,
f_146050_,firstTick,0,
f_146051_,lastTick,0,
f_146061_,percentageIncreaseThreshold,0,
f_146062_,previousValue,0,
f_146067_,INSTANCE,0,
f_146068_,measuredInstances,0,
f_146080_,delegates,0,
f_146104_,PROFILING_MAX_DURATION_SECONDS,0,
f_146105_,globalOnReportFinished,0,
f_146106_,deviationsBySampler,0,
f_146107_,taskProfiler,0,
f_146108_,ioExecutor,0,
f_146109_,metricsPersister,0,
f_146110_,onProfilingEnd,0,
f_146111_,onReportFinished,0,
f_146112_,metricsSamplerProvider,0,
f_146113_,wallTimeSource,0,
f_146114_,deadlineNano,0,
f_146115_,currentTick,0,
f_146116_,singleTickProfiler,0,
f_146117_,killSwitch,0,
f_146118_,thisTickSamplers,0,
f_146153_,INSTANCE,0,
f_146161_,previouslyFoundSamplerNames,0,
f_146177_,samplers,0,
f_146178_,samplerFactory,0,
f_146196_,val$timeSource,0,
f_146200_,nrOfCpus,0,
f_146201_,systemInfo,0,
f_146202_,processor,0,
f_146203_,previousCpuLoadTick,0,
f_146204_,currentLoad,0,
f_146205_,lastPollMs,0,
f_146209_,PROFILING_RESULTS_DIR,0,
f_146210_,METRICS_DIR_NAME,0,
f_146211_,DEVIATIONS_DIR_NAME,0,
f_146212_,PROFILING_RESULT_FILENAME,0,
f_146213_,LOGGER,0,
f_146214_,rootFolderName,0,
f_146254_,timestamp,0,
f_146255_,tick,0,
f_146256_,profilerResultAtTick,0,
f_14625_,name,0,
f_146268_,result,0,
f_14626_,type,0,
f_146274_,CODEC,0,
f_146275_,ONE,0,
f_146276_,LOGGER,0,
f_146277_,value,0,
f_146293_,weight,0,
f_146299_,data,0,
f_146300_,weight,0,
f_146324_,totalWeight,0,
f_146325_,items,0,
f_146340_,LOGGER,0,
f_146341_,group,0,
f_146342_,threadNumber,0,
f_146343_,namePrefix,0,
f_146353_,CLOSED_BIT,0,
f_146354_,SCHEDULED_BIT,0,
f_146359_,CODEC,0,
f_146360_,minInclusive,0,
f_146361_,maxInclusive,0,
f_146383_,CODEC,0,
f_146384_,source,0,
f_146385_,minInclusive,0,
f_146386_,maxInclusive,0,
f_146411_,CODEC,0,
f_146412_,mean,0,
f_146413_,deviation,0,
f_146414_,min,0,
f_146415_,max,0,
f_14642_,RENAMES,0,
f_146451_,ZERO,0,
f_146452_,CODEC,0,
f_146453_,value,0,
f_146476_,ZERO,0,
f_146477_,CODEC,0,
f_146478_,value,0,
f_14649_,name,0,
f_146501_,CONSTANT_OR_DISPATCH_CODEC,0,
f_146502_,CODEC,0,
f_14650_,renamer,0,
f_146519_,CONSTANT,0,
f_146520_,UNIFORM,0,
f_146521_,CLAMPED_NORMAL,0,
f_146522_,TRAPEZOID,0,
f_146530_,CONSTANT_OR_DISPATCH_CODEC,0,
f_146531_,CODEC,0,
f_146532_,NON_NEGATIVE_CODEC,0,
f_146533_,POSITIVE_CODEC,0,
f_146550_,CONSTANT,0,
f_146551_,UNIFORM,0,
f_146552_,BIASED_TO_BOTTOM,0,
f_146553_,CLAMPED,0,
f_146561_,CODEC,0,
f_146562_,min,0,
f_146563_,max,0,
f_146564_,plateau,0,
f_146590_,CODEC,0,
f_146591_,minInclusive,0,
f_146592_,maxExclusive,0,
f_146614_,CODEC,0,
f_146615_,minInclusive,0,
f_146616_,maxInclusive,0,
f_146638_,progress,0,
f_146646_,DIFFICULTY_TIME_GLOBAL_OFFSET,0,
f_146647_,MAX_DIFFICULTY_TIME_GLOBAL,0,
f_146648_,MAX_DIFFICULTY_TIME_LOCAL,0,
f_146668_,TAG_LOCK,0,
f_146688_,MAX_ARMOR,0,
f_146689_,ARMOR_PROTECTION_DIVIDER,0,
f_146690_,BASE_ARMOR_TOUGHNESS,0,
f_146691_,MIN_ARMOR_RATIO,0,
f_146692_,NUM_ARMOR_ITEMS,0,
f_146694_,RESET_DAMAGE_STATUS_TIME,0,
f_146695_,RESET_COMBAT_STATUS_TIME,0,
f_146710_,blocks,0,
f_146730_,BABY_START_AGE,0,
f_146731_,DATA_BABY_ID,0,
f_146732_,FORCED_AGE_PARTICLE_TICKS,0,
f_146733_,age,0,
f_146734_,forcedAge,0,
f_146735_,forcedAgeTimer,0,
f_146767_,groupSize,0,
f_146768_,shouldSpawnBaby,0,
f_146769_,babySpawnChance,0,
f_146781_,MAX_RADIUS,0,
f_146782_,TIME_BETWEEN_APPLICATIONS,0,
f_146792_,DEFAULT_BB_WIDTH,0,
f_146793_,DEFAULT_BB_HEIGHT,0,
f_146794_,flyDist,0,
f_146795_,removalReason,0,
f_146796_,FLAG_SHIFT_KEY_DOWN,0,
f_146797_,FLAG_SPRINTING,0,
f_146798_,FLAG_SWIMMING,0,
f_146799_,FLAG_INVISIBLE,0,
f_146800_,DATA_TICKS_FROZEN,0,
f_146801_,levelCallback,0,
f_146802_,hasGlowingTag,0,
f_146803_,crystalSoundIntensity,0,
f_146804_,lastCrystalSoundPlayTick,0,
f_146805_,FLAG_ONFIRE,0,
f_146806_,FLAG_GLOWING,0,
f_146807_,FLAG_FALL_FLYING,0,
f_146808_,isInPowderSnow,0,
f_146809_,wasInPowderSnow,0,
f_146810_,wasOnFire,0,
f_146811_,LAVA_FAST_FLOW_SCALE,0,
f_146812_,LAVA_SLOW_FLOW_SCALE,0,
f_146813_,hasVisualFire,0,
f_146814_,WATER_FLOW_SCALE,0,
f_146815_,ID_TAG,0,
f_146816_,PASSENGERS_TAG,0,
f_146817_,BOARDING_COOLDOWN,0,
f_146818_,TOTAL_AIR_SUPPLY,0,
f_146819_,MAX_ENTITY_TAG_COUNT,0,
f_146822_,BASE_TICKS_REQUIRED_TO_FREEZE,0,
f_146823_,FREEZE_HURT_FREQUENCY,0,
f_146824_,UUID_TAG,0,
f_146935_,sounds,0,
f_146936_,events,0,
f_146956_,destroy,0,
f_146957_,save,0,
f_146971_,PERMISSION_LEVEL_ADMINS,0,
f_146972_,PERMISSION_LEVEL_OWNERS,0,
f_146973_,ATTACK_BLOCKED,0,
f_146974_,SHIELD_DISABLED,0,
f_146975_,FISHING_ROD_REEL_IN,0,
f_146976_,ARMORSTAND_WOBBLE,0,
f_146978_,STOP_OFFER_FLOWER,0,
f_146979_,TALISMAN_ACTIVATE,0,
f_146982_,DOLPHIN_LOOKING_FOR_TREASURE,0,
f_146983_,RAVAGER_STUNNED,0,
f_146984_,TRUSTING_FAILED,0,
f_146985_,TRUSTING_SUCCEEDED,0,
f_146986_,VILLAGER_SWEAT,0,
f_146989_,FOX_EAT,0,
f_146990_,TELEPORT,0,
f_146991_,MAINHAND_BREAK,0,
f_146992_,OFFHAND_BREAK,0,
f_146993_,HEAD_BREAK,0,
f_146994_,CHEST_BREAK,0,
f_146995_,LEGS_BREAK,0,
f_146996_,FEET_BREAK,0,
f_146997_,JUMP,0,
f_146998_,HONEY_SLIDE,0,
f_146999_,HONEY_JUMP,0,
f_147000_,SWAP_HANDS,0,
f_147001_,CANCEL_SHAKE_WETNESS,0,
f_147003_,START_RAM,0,
f_147004_,END_RAM,0,
f_147005_,POOF,0,
f_147007_,DEATH,0,
f_147008_,START_ATTACKING,0,
f_147009_,STOP_ATTACKING,0,
f_147010_,TAMING_FAILED,0,
f_147011_,TAMING_SUCCEEDED,0,
f_147012_,SHAKE_WETNESS,0,
f_147013_,USE_ITEM_COMPLETE,0,
f_147014_,EAT_GRASS,0,
f_147015_,OFFER_FLOWER,0,
f_147016_,LOVE_HEARTS,0,
f_147017_,VILLAGER_ANGRY,0,
f_147018_,VILLAGER_HAPPY,0,
f_147019_,WITCH_HAT_MAGIC,0,
f_147020_,ZOMBIE_CONVERTING,0,
f_147021_,FIREWORKS_EXPLODE,0,
f_147022_,IN_LOVE_HEARTS,0,
f_147023_,SQUID_ANIM_SYNCH,0,
f_147024_,SILVERFISH_MERGE_ANIM,0,
f_147025_,GUARDIAN_ATTACK_SOUND,0,
f_147026_,REDUCED_DEBUG_INFO,0,
f_147027_,FULL_DEBUG_INFO,0,
f_147028_,PERMISSION_LEVEL_ALL,0,
f_147029_,PERMISSION_LEVEL_MODERATORS,0,
f_147030_,PERMISSION_LEVEL_GAMEMASTERS,0,
f_147033_,GLOW_ITEM_FRAME,0,
f_147034_,GLOW_SQUID,0,
f_147035_,GOAT,0,
f_147036_,MARKER,0,
f_147038_,MAGIC_HORSE_WIDTH,0,
f_147039_,AXOLOTL,0,
f_147049_,val$tagSpliterator,0,
f_147050_,val$level,0,
f_147051_,val$entities,0,
f_147072_,count,0,
f_147073_,LIFETIME,0,
f_147074_,ENTITY_SCAN_PERIOD,0,
f_147075_,MAX_FOLLOW_DIST,0,
f_147076_,ORB_GROUPS_PER_AREA,0,
f_147077_,ORB_MERGE_DISTANCE,0,
f_147108_,DATA_DARK_TICKS_REMAINING,0,
f_147132_,MIN_BOOST_TIME,0,
f_147133_,MAX_BOOST_TIME,0,
f_147134_,hitEntities,0,
f_147135_,blocksSetOnFire,0,
f_147136_,START_LIFE,0,
f_147137_,DAMAGE_RADIUS,0,
f_147138_,DETECTION_RADIUS,0,
f_147163_,LIVING_ENTITY_FLAG_SPIN_ATTACK,0,
f_147165_,EXTRA_RENDER_CULLING_SIZE_WITH_BIG_HAT,0,
f_147166_,HAND_SLOTS,0,
f_147167_,ARMOR_SLOTS,0,
f_147168_,EQUIPMENT_SLOT_OFFSET,0,
f_147169_,ARMOR_SLOT_OFFSET,0,
f_147170_,SWING_DURATION,0,
f_147171_,PLAYER_HURT_EXPERIENCE_TIME,0,
f_147172_,MIN_MOVEMENT_DISTANCE,0,
f_147173_,DEFAULT_BASE_GRAVITY,0,
f_147174_,DEATH_DURATION,0,
f_147175_,USE_ITEM_INTERVAL,0,
f_147176_,LIVING_ENTITY_FLAG_IS_USING,0,
f_147177_,LIVING_ENTITY_FLAG_OFF_HAND,0,
f_147178_,DAMAGE_SOURCE_TIMEOUT,0,
f_147180_,TICKS_PER_ELYTRA_FREE_FALL_EVENT,0,
f_147181_,FREE_FALL_EVENTS_PER_ELYTRA_BREAK,0,
f_147182_,MAX_LINE_OF_SIGHT_TEST_RANGE,0,
f_147183_,discardFriction,0,
f_147184_,SPEED_MODIFIER_POWDER_SNOW_UUID,0,
f_147247_,DATA_TAG,0,
f_147248_,data,0,
f_147261_,MAX_PICKUP_LOOT_CHANCE,0,
f_147262_,MAX_ENCHANTED_ARMOR_CHANCE,0,
f_147263_,MAX_ENCHANTED_WEAPON_CHANCE,0,
f_147264_,LEASH_TAG,0,
f_147265_,PICKUP_REACH,0,
f_147266_,MOB_FLAG_NO_AI,0,
f_147267_,MOB_FLAG_LEFTHANDED,0,
f_147268_,MOB_FLAG_AGGRESSIVE,0,
f_147269_,MAX_WEARING_ARMOR_CHANCE,0,
f_147283_,TAG_ANGER_TIME,0,
f_147284_,TAG_ANGRY_AT,0,
f_147290_,NULL,0,
f_14730_,BIOMES,0,
f_147327_,val$validator,0,
f_147338_,SCHEDULE_UPDATE_DELAY,0,
f_147357_,MAX_NAME_LENGTH,0,
f_147363_,SCAN_RANGE,0,
f_147373_,MIN_INTERVAL_INCREASE,0,
f_147374_,MAX_INTERVAL_INCREASE,0,
f_147375_,MAX_RETRY_PATHFINDING_INTERVAL,0,
f_147376_,BREED_RANGE,0,
f_147377_,MIN_DURATION,0,
f_147378_,MAX_DURATION,0,
f_147379_,PANIC_MIN_DURATION,0,
f_147380_,PANIC_MAX_DURATION,0,
f_147382_,PANIC_DISTANCE_VERTICAL,0,
f_147383_,speedMultiplier,0,
f_147431_,DEFAULT_DURATION,0,
f_147460_,cooldownTicks,0,
f_147479_,TIMEOUT,0,
f_147482_,TEMPTATION_COOLDOWN,0,
f_147484_,speedModifier,0,
f_147546_,THROW_GIFT_AT_DISTANCE,0,
f_147547_,MIN_TIME_BETWEEN_GIFTS,0,
f_147548_,MAX_TIME_BETWEEN_GIFTS,0,
f_147549_,TIME_TO_DELAY_FOR_HEAD_TO_FINISH_TURNING,0,
f_147550_,GIFTS,0,
f_147551_,SPEED_MODIFIER,0,
f_147555_,TICKS_UNTIL_TIMEOUT,0,
f_147558_,SPEED_MODIFIER,0,
f_147559_,HARVEST_DURATION,0,
f_147585_,COOLDOWN_BEFORE_RERUNNING_IN_SAME_NODE,0,
f_147586_,SKIP_CLOSING_DOOR_IF_FURTHER_AWAY_THAN,0,
f_147587_,MAX_DISTANCE_TO_HOLD_DOOR_OPEN_FOR_OTHER_MOBS,0,
f_147588_,MAX_TIME_TO_REACH_BED,0,
f_147589_,MIN_JUMPS,0,
f_147590_,MAX_JUMPS,0,
f_147591_,COOLDOWN_BETWEEN_JUMPS,0,
f_147592_,TIME_OUT_DURATION,0,
f_147593_,timeBetweenLongJumps,0,
f_147594_,landingSound,0,
f_147622_,TIME_OUT_DURATION,0,
f_147623_,FIND_JUMP_TRIES,0,
f_147624_,PREPARE_JUMP_DURATION,0,
f_147625_,MIN_PATHFIND_DISTANCE_TO_VALID_JUMP,0,
f_147626_,timeBetweenLongJumps,0,
f_147627_,maxLongJumpHeight,0,
f_147628_,maxLongJumpWidth,0,
f_147630_,jumpCandidates,0,
f_147631_,initialPosition,0,
f_147632_,chosenJump,0,
f_147633_,findJumpTries,0,
f_147634_,prepareJumpStart,0,
f_147635_,getJumpSound,0,
f_147687_,jumpTarget,0,
f_147698_,CLOSE_ENOUGH_TO_START_RIDING_DIST,0,
f_147699_,MAX_COOLDOWN_BEFORE_RETRYING,0,
f_147700_,MAX_FLEE_XZ_DIST,0,
f_147701_,MAX_FLEE_Y_DIST,0,
f_147702_,FLEE_SPEED_MODIFIER,0,
f_147703_,CHASE_SPEED_MODIFIER,0,
f_147704_,MAX_CHASERS_PER_TARGET,0,
f_147705_,AVERAGE_WAIT_TIME_BETWEEN_RUNS,0,
f_147713_,TIME_OUT_DURATION,0,
f_147714_,getCooldownOnFail,0,
f_147715_,minRamDistance,0,
f_147716_,maxRamDistance,0,
f_147717_,walkSpeed,0,
f_147718_,ramTargeting,0,
f_147719_,ramPrepareTime,0,
f_147720_,getPrepareRamSound,0,
f_147721_,reachedRamPositionTimestamp,0,
f_147722_,ramCandidate,0,
f_147790_,startPosition,0,
f_147791_,targetPosition,0,
f_147792_,target,0,
f_147800_,TIME_OUT_DURATION,0,
f_147801_,RAM_SPEED_FORCE_FACTOR,0,
f_147802_,getTimeBetweenRams,0,
f_147803_,ramTargeting,0,
f_147805_,speed,0,
f_147806_,getKnockbackForce,0,
f_147807_,ramDirection,0,
f_147808_,getImpactSound,0,
f_147849_,MAX_XZ_DIST,0,
f_147850_,MAX_Y_DIST,0,
f_147862_,RING_BELL_FROM_DISTANCE,0,
f_147863_,BELL_RING_CHANCE,0,
f_147880_,CACHE_TIMEOUT,0,
f_147881_,BATCH_SIZE,0,
f_147882_,RATE,0,
f_147883_,OK_DISTANCE_SQR,0,
f_147896_,HIDE_TIMEOUT,0,
f_147903_,PROJECTILE_ATTACK_RANGE_BUFFER,0,
f_147915_,MAX_LOOK_TIME,0,
f_147916_,STARTING_LOOK_TIME,0,
f_147917_,entries,0,
f_147918_,random,0,
f_147934_,data,0,
f_147935_,weight,0,
f_147936_,randWeight,0,
f_147948_,val$elementCodec,0,
f_147968_,COOLDOWN_AFTER_BEING_WOKEN,0,
f_147969_,SPEED_MODIFIER,0,
f_147978_,TIMEOUT_TO_GET_WITHIN_ATTACK_RANGE,0,
f_147993_,MIN_TIME_BETWEEN_STROLLS,0,
f_147994_,STROLL_MAX_XZ_DIST,0,
f_147995_,STROLL_MAX_Y_DIST,0,
f_148035_,BONEMEALING_DURATION,0,
f_148036_,MAX_DISTANCE,0,
f_148037_,MAX_XZ_DIST,0,
f_148038_,MAX_Y_DIST,0,
f_148039_,SAFE_DISTANCE_FROM_DANGER,0,
f_148040_,STROLL_SPEED_MODIFIER,0,
f_148046_,CHECK_COOLDOWN,0,
f_148047_,DISTANCE,0,
f_148048_,HEAD_STABLE_ANGLE,0,
f_148049_,DELAY_UNTIL_STARTING_TO_FACE_FORWARD,0,
f_148050_,HOW_LONG_IT_TAKES_TO_FACE_FORWARD,0,
f_148053_,MIN_SPEED,0,
f_148054_,MIN_SPEED_SQR,0,
f_148055_,MAX_TURN,0,
f_148057_,maxYRotFromCenter,0,
f_148058_,HEAD_TILT_X,0,
f_148059_,HEAD_TILT_Y,0,
f_148064_,maxTurnX,0,
f_148065_,maxTurnY,0,
f_148066_,inWaterSpeedModifier,0,
f_148067_,outsideWaterSpeedModifier,0,
f_148068_,applyGravity,0,
f_148080_,DEFAULT_DOOR_BREAK_TIME,0,
f_148085_,EAT_ANIMATION_TICKS,0,
f_148086_,INTERVAL_TICKS,0,
f_148087_,TELEPORT_WHEN_DISTANCE_IS,0,
f_148088_,MIN_HORIZONTAL_DISTANCE_FROM_PLAYER_WHEN_TELEPORTING,0,
f_148089_,MAX_HORIZONTAL_DISTANCE_FROM_PLAYER_WHEN_TELEPORTING,0,
f_148090_,MAX_VERTICAL_DISTANCE_FROM_PLAYER_WHEN_TELEPORTING,0,
f_148091_,HORIZONTAL_SCAN_RANGE,0,
f_148092_,VERTICAL_SCAN_RANGE,0,
f_148093_,DONT_FOLLOW_IF_CLOSER_THAN,0,
f_148106_,POI_SECTION_SCAN_RADIUS,0,
f_148107_,VILLAGER_SCAN_RADIUS,0,
f_148108_,RANDOM_POS_XY_DISTANCE,0,
f_148109_,RANDOM_POS_Y_DISTANCE,0,
f_148114_,CARAVAN_LIMIT,0,
f_148115_,DEFAULT_PROBABILITY,0,
f_148116_,onlyHorizontal,0,
f_148125_,COOLDOWN_BETWEEN_CAN_USE_CHECKS,0,
f_148126_,MAX_XZ_DIST,0,
f_148127_,MAX_Y_DIST,0,
f_148128_,GIVE_UP_TICKS,0,
f_148129_,STAY_TICKS,0,
f_148130_,INTERVAL_TICKS,0,
f_148131_,OFFER_TICKS,0,
f_148132_,SPEED_MODIFIER,0,
f_148133_,DEFAULT_INTERVAL,0,
f_148135_,WAIT_AFTER_BLOCK_FOUND,0,
f_148136_,DISTANCE_THRESHOLD,0,
f_148137_,targetingConditions,0,
f_148149_,PROBABILITY,0,
f_148150_,ALERT_RANGE_Y,0,
f_148153_,DEFAULT_COOLDOWN,0,
f_148154_,ALERT_RANGE_Y,0,
f_148155_,EMPTY_REACH_CACHE,0,
f_148156_,CAN_REACH_CACHE,0,
f_148157_,CANT_REACH_CACHE,0,
f_148158_,DISCARD_THRESHOLD,0,
f_148182_,REPUTATION_CHANGE_PER_EVENT,0,
f_148183_,REPUTATION_CHANGE_PER_EVERLASTING_MEMORY,0,
f_148184_,REPUTATION_CHANGE_PER_TRADE,0,
f_148194_,NEAREST_ATTACKABLE,0,
f_148195_,PLAY_DEAD_TICKS,0,
f_148196_,TEMPTING_PLAYER,0,
f_148197_,TEMPTATION_COOLDOWN_TICKS,0,
f_148198_,IS_TEMPTED,0,
f_148199_,LONG_JUMP_COOLDOWN_TICKS,0,
f_148200_,LONG_JUMP_MID_JUMP,0,
f_148201_,HAS_HUNTING_COOLDOWN,0,
f_148202_,RAM_COOLDOWN_TICKS,0,
f_148203_,RAM_TARGET,0,
f_148204_,NEAREST_LIVING_ENTITIES,0,
f_148205_,NEAREST_VISIBLE_LIVING_ENTITIES,0,
f_148206_,NEAREST_VISIBLE_ATTACKABLE_PLAYER,0,
f_148217_,MAX_TIME_RECOMPUTE,0,
f_148263_,TARGET_DETECTION_DISTANCE,0,
f_148277_,GOLEM_SCAN_RATE,0,
f_148278_,MEMORY_TIME_TO_LIVE,0,
f_148279_,CACHE_TIMEOUT,0,
f_14827_,ID_MAP,0,
f_148280_,BATCH_SIZE,0,
f_148281_,RATE,0,
f_148282_,MAX_DISTANCE_TO_WANTED_ITEM,0,
f_148283_,XZ_RANGE,0,
f_148284_,Y_RANGE,0,
f_148305_,SCAN_RATE,0,
f_148308_,TARGETING_RANGE,0,
f_148309_,DEFAULT_SCAN_RATE,0,
f_148310_,ATTACK_TARGET_CONDITIONS,0,
f_148311_,ATTACK_TARGET_CONDITIONS_IGNORE_INVISIBILITY_TESTING,0,
f_148315_,AXOLOTL_ATTACKABLES,0,
f_148316_,AXOLOTL_TEMPTATIONS,0,
f_148317_,GOAT_TEMPTATIONS,0,
f_148320_,TEMPTATION_RANGE,0,
f_148321_,TEMPT_TARGETING,0,
f_148322_,temptations,0,
f_148347_,MIN_VISIBILITY_DISTANCE_FOR_INVISIBLE_TARGET,0,
f_148348_,isCombat,0,
f_148349_,checkLineOfSight,0,
f_148535_,RANDOM_POS_ATTEMPTS,0,
f_148565_,MAX_VILLAGE_DISTANCE,0,
f_148566_,VILLAGE_SECTION_SIZE,0,
f_148699_,TICKS_PER_FLAP,0,
f_148700_,FLAG_RESTING,0,
f_148714_,PARENT_AGE_AFTER_BREEDING,0,
f_148718_,FLAP_DEGREES_PER_TICK,0,
f_148719_,TICKS_PER_FLAP,0,
f_148720_,TAG_CROPS_GROWN_SINCE_POLLINATION,0,
f_148721_,TAG_CANNOT_ENTER_HIVE_TICKS,0,
f_148722_,TAG_TICKS_SINCE_POLLINATION,0,
f_148723_,TAG_HAS_STUNG,0,
f_148724_,TAG_HAS_NECTAR,0,
f_148725_,COOLDOWN_BEFORE_LOCATING_NEW_HIVE,0,
f_148726_,COOLDOWN_BEFORE_LOCATING_NEW_FLOWER,0,
f_148727_,TAG_FLOWER_POS,0,
f_148728_,TAG_HIVE_POS,0,
f_148729_,FLAG_ROLL,0,
f_148730_,FLAG_HAS_STUNG,0,
f_148731_,FLAG_HAS_NECTAR,0,
f_148732_,STING_DEATH_COUNTDOWN,0,
f_148733_,TICKS_BEFORE_GOING_TO_KNOWN_FLOWER,0,
f_148734_,TICKS_WITHOUT_NECTAR_BEFORE_GOING_HOME,0,
f_148735_,MIN_ATTACK_DIST,0,
f_148736_,MAX_CROPS_GROWABLE,0,
f_148737_,POISON_SECONDS_NORMAL,0,
f_148738_,POISON_SECONDS_HARD,0,
f_148739_,TOO_FAR_DISTANCE,0,
f_148740_,HIVE_CLOSE_ENOUGH_DISTANCE,0,
f_148741_,PATHFIND_TO_HIVE_WHEN_CLOSER_THAN,0,
f_148742_,HIVE_SEARCH_DISTANCE,0,
f_148804_,MAX_TRAVELLING_TICKS,0,
f_148805_,MAX_BLACKLISTED_TARGETS,0,
f_148806_,TICKS_BEFORE_HIVE_DROP,0,
f_148807_,MAX_TRAVELLING_TICKS,0,
f_148808_,GROW_CHANCE,0,
f_148812_,MIN_POLLINATION_TICKS,0,
f_148813_,MIN_FIND_FLOWER_RETRY_COOLDOWN,0,
f_148814_,MAX_FIND_FLOWER_RETRY_COOLDOWN,0,
f_148815_,ARRIVAL_THRESHOLD,0,
f_148816_,POSITION_CHANGE_CHANCE,0,
f_148817_,SPEED_MODIFIER,0,
f_148818_,HOVER_HEIGHT_WITHIN_FLOWER,0,
f_148819_,HOVER_POS_OFFSET,0,
f_148820_,MAX_POLLINATING_TICKS,0,
f_148821_,WANDER_THRESHOLD,0,
f_148842_,TEMPT_SPEED_MOD,0,
f_148843_,WALK_SPEED_MOD,0,
f_148844_,SPRINT_SPEED_MOD,0,
f_148873_,nextFlap,0,
f_148892_,TOTAL_AIR_SUPPLY,0,
f_148893_,TOTAL_MOISTNESS_LEVEL,0,
f_148896_,FLAG_CROUCHING,0,
f_148897_,FLAG_INTERESTED,0,
f_148898_,FLAG_POUNCING,0,
f_148899_,FLAG_SITTING,0,
f_148900_,FLAG_SLEEPING,0,
f_148901_,FLAG_FACEPLANTED,0,
f_148902_,FLAG_DEFENDING,0,
f_148903_,MIN_TICKS_BEFORE_EAT,0,
f_148925_,WAIT_TICKS,0,
f_148930_,WAIT_TIME_BEFORE_SLEEP,0,
f_148932_,IRON_INGOT_HEAL_AMOUNT,0,
f_148934_,MUTATE_CHANCE,0,
f_148945_,CROUCH_SPEED_MOD,0,
f_148946_,WALK_SPEED_MOD,0,
f_148947_,SPRINT_SPEED_MOD,0,
f_148959_,TOTAL_ROLL_STEPS,0,
f_148960_,FLAG_SNEEZE,0,
f_148961_,FLAG_ROLL,0,
f_148962_,FLAG_SIT,0,
f_148963_,FLAG_ON_BACK,0,
f_148964_,EAT_TICK_INTERVAL,0,
f_148965_,TOTAL_UNHAPPY_TIME,0,
f_148982_,MAX_GENE,0,
f_148987_,nextFlap,0,
f_149003_,STAND_ANIMATION_TICKS,0,
f_149007_,STATE_SMALL,0,
f_149008_,SCARY_MOB,0,
f_149009_,targetingConditions,0,
f_149010_,STATE_MID,0,
f_149011_,STATE_FULL,0,
f_149016_,STROLL_SPEED_MOD,0,
f_149017_,BREED_SPEED_MOD,0,
f_149018_,FOLLOW_SPEED_MOD,0,
f_149019_,FLEE_SPEED_MOD,0,
f_149020_,ATTACK_SPEED_MOD,0,
f_149028_,EVIL_ATTACK_POWER,0,
f_149029_,EVIL_ARMOR_VALUE,0,
f_149030_,MORE_CARROTS_DELAY,0,
f_149039_,EAT_ANIMATION_TICKS,0,
f_149046_,RIDE_COOLDOWN,0,
f_149047_,PUMPKIN_FLAG,0,
f_149054_,SQUID_FLEE_SPEED,0,
f_149055_,SQUID_FLEE_MIN_DISTANCE,0,
f_149056_,SQUID_FLEE_MAX_DISTANCE,0,
f_149057_,BUCKET_VARIANT_TAG,0,
f_149074_,GIVE_UP_TICKS,0,
f_149075_,GIVE_UP_TICKS,0,
f_149082_,START_HEALTH,0,
f_149083_,TAME_HEALTH,0,
f_14908_,name,0,
f_149090_,TOTAL_PLAYDEAD_TIME,0,
f_149091_,SENSOR_TYPES,0,
f_149092_,MEMORY_TYPES,0,
f_149093_,PLAYER_REGEN_DETECTION_RANGE,0,
f_149094_,RARE_VARIANT_CHANCE,0,
f_149095_,VARIANT_TAG,0,
f_149096_,DATA_VARIANT,0,
f_149097_,DATA_PLAYING_DEAD,0,
f_149098_,FROM_BUCKET,0,
f_149099_,AXOLOTL_TOTAL_AIR_SUPPLY,0,
f_149100_,REHYDRATE_AIR_SUPPLY,0,
f_149101_,modelRotationValues,0,
f_149102_,REGEN_BUFF_BASE_DURATION,0,
f_149202_,types,0,
f_149207_,this$0,0,
f_149213_,axolotl,0,
f_149230_,BY_ID,0,
f_149231_,id,0,
f_149232_,name,0,
f_149233_,common,0,
f_149269_,source,0,
f_149279_,ADULT_FOLLOW_RANGE,0,
f_149280_,SPEED_MULTIPLIER_WHEN_MAKING_LOVE,0,
f_149281_,SPEED_MULTIPLIER_ON_LAND,0,
f_149282_,SPEED_MULTIPLIER_WHEN_IDLING_IN_WATER,0,
f_149283_,SPEED_MULTIPLIER_WHEN_CHASING_IN_WATER,0,
f_149284_,SPEED_MULTIPLIER_WHEN_FOLLOWING_ADULT_IN_WATER,0,
f_14933_,LOGGER,0,
f_149342_,LONG_JUMPING_DIMENSIONS,0,
f_149343_,SENSOR_TYPES,0,
f_149344_,MEMORY_TYPES,0,
f_149345_,GOAT_FALL_DAMAGE_REDUCTION,0,
f_149346_,GOAT_SCREAMING_CHANCE,0,
f_149347_,DATA_IS_SCREAMING_GOAT,0,
f_149348_,isLoweringHead,0,
f_149349_,lowerHeadTick,0,
f_14934_,MAP,0,
f_14935_,BLOCK_DEFAULTS,0,
f_14936_,ID_BY_OLD,0,
f_14937_,ID_BY_OLD_NAME,0,
f_149420_,RAM_PREPARE_TIME,0,
f_149421_,RAM_MAX_DISTANCE,0,
f_149422_,MAX_LONG_JUMP_HEIGHT,0,
f_149423_,MAX_LONG_JUMP_WIDTH,0,
f_149425_,RAM_MIN_DISTANCE,0,
f_149426_,ADULT_RAM_KNOCKBACK_FORCE,0,
f_149427_,BABY_RAM_KNOCKBACK_FORCE,0,
f_149428_,ADULT_FOLLOW_RANGE,0,
f_149430_,SPEED_MULTIPLIER_WHEN_IDLING,0,
f_149431_,SPEED_MULTIPLIER_WHEN_FOLLOWING_ADULT,0,
f_149432_,SPEED_MULTIPLIER_WHEN_TEMPTED,0,
f_149433_,SPEED_MULTIPLIER_WHEN_PANICKING,0,
f_149434_,SPEED_MULTIPLIER_WHEN_PREPARING_TO_RAM,0,
f_149435_,TIME_BETWEEN_LONG_JUMPS,0,
f_149436_,TIME_BETWEEN_RAMS,0,
f_149437_,TIME_BETWEEN_RAMS_SCREAMER,0,
f_149438_,RAM_TARGET_CONDITIONS,0,
f_149439_,SPEED_MULTIPLIER_WHEN_RAMMING,0,
f_149477_,INV_CHEST_COUNT,0,
f_149480_,this$0,0,
f_149486_,EQUIPMENT_SLOT_OFFSET,0,
f_149487_,CHEST_SLOT_OFFSET,0,
f_149488_,INVENTORY_SLOT_OFFSET,0,
f_149489_,INV_SLOT_SADDLE,0,
f_149491_,INV_BASE_COUNT,0,
f_149492_,FLAG_TAME,0,
f_149493_,FLAG_SADDLE,0,
f_149494_,FLAG_BRED,0,
f_149495_,FLAG_EATING,0,
f_149496_,FLAG_STANDING,0,
f_149497_,FLAG_OPEN_MOUTH,0,
f_149521_,this$0,0,
f_149535_,MAX_STRENGTH,0,
f_149551_,TRAP_MAX_LIFE,0,
f_149566_,GROWL_INTERVAL_MIN,0,
f_149567_,GROWL_INTERVAL_MAX,0,
f_149568_,SITTING_ALLOWED_DAMAGE_PERCENTAGE,0,
f_149569_,DRAGON_DEATH_TIME_KEY,0,
f_149570_,DRAGON_PHASE_KEY,0,
f_149577_,CHARGE_RECOVERY_TIME,0,
f_149578_,ROAR_DURATION,0,
f_149579_,FLAME_DURATION,0,
f_149580_,SITTING_FLAME_ATTACKS_COUNT,0,
f_149581_,WARMUP_TIME,0,
f_149582_,SITTING_SCANNING_IDLE_TICKS,0,
f_149583_,SITTING_ATTACK_Y_VIEW_RANGE,0,
f_149584_,SITTING_ATTACK_VIEW_RANGE,0,
f_149585_,SITTING_CHARGE_VIEW_RANGE,0,
f_149586_,FIREBALL_CHARGE_AMOUNT,0,
f_149587_,INVULNERABLE_TICKS,0,
f_14958_,title,0,
f_149592_,WOBBLE_TIME,0,
f_149593_,CLIENT_FLAG_NO_BASEPLATE,0,
f_149594_,CLIENT_FLAG_MARKER,0,
f_149595_,ENABLE_ARMS,0,
f_149596_,FEET_OFFSET,0,
f_149597_,CHEST_OFFSET,0,
f_149598_,LEGS_OFFSET,0,
f_149599_,DISABLE_TAKING_OFFSET,0,
f_14959_,description,0,
f_149600_,HEAD_OFFSET,0,
f_149601_,DISABLE_PUTTING_OFFSET,0,
f_149602_,CLIENT_FLAG_SMALL,0,
f_149603_,CLIENT_FLAG_SHOW_ARMS,0,
f_14960_,icon,0,
f_149619_,NUM_ROTATIONS,0,
f_14961_,background,0,
f_149638_,OFFSET_Y,0,
f_14963_,showToast,0,
f_149641_,fallDamagePerDistance,0,
f_14964_,announceChat,0,
f_149659_,LIFETIME,0,
f_14965_,hidden,0,
f_149660_,INFINITE_PICKUP_DELAY,0,
f_149661_,INFINITE_LIFETIME,0,
f_14966_,x,0,
f_149679_,DEFAULT_FUSE_TIME,0,
f_14967_,y,0,
f_149692_,NAUTILUS_SHELL_CHANCE,0,
f_149693_,MIN_DEAGGRESSION_TIME,0,
f_149694_,DELAY_BETWEEN_CREEPY_STARE_SOUND,0,
f_149695_,MAX_LIFE,0,
f_149697_,XP_REWARD_NONE,0,
f_149698_,XP_REWARD_SMALL,0,
f_149699_,XP_REWARD_MEDIUM,0,
f_149700_,XP_REWARD_LARGE,0,
f_149701_,XP_REWARD_HUGE,0,
f_149702_,XP_REWARD_BOSS,0,
f_149711_,ATTACK_TIME,0,
f_149713_,ILLUSION_TRANSITION_TICKS,0,
f_149714_,ILLUSION_SPREAD,0,
f_149715_,NUM_ILLUSIONS,0,
f_149720_,NAVIGATION_FAILED_COOLDOWN,0,
f_149721_,FLAP_DEGREES_PER_TICK,0,
f_149722_,TICKS_PER_FLAP,0,
f_149738_,SLOT_OFFSET,0,
f_149740_,INVENTORY_SIZE,0,
f_149746_,STUN_DURATION,0,
f_149747_,BASE_MOVEMENT_SPEED,0,
f_149748_,ATTACK_MOVEMENT_SPEED,0,
f_149749_,STUNNED_COLOR,0,
f_149750_,STUNNED_COLOR_BLUE,0,
f_149751_,STUNNED_COLOR_GREEN,0,
f_149752_,STUNNED_COLOR_RED,0,
f_149753_,ATTACK_DURATION,0,
f_149756_,TELEPORT_STEPS,0,
f_149757_,NO_COLOR,0,
f_149758_,DEFAULT_COLOR,0,
f_149759_,MAX_TELEPORT_DISTANCE,0,
f_149760_,OTHER_SHULKER_SCAN_RADIUS,0,
f_149761_,OTHER_SHULKER_LIMIT,0,
f_149762_,PEEK_PER_TICK,0,
f_149763_,FORWARD,0,
f_149764_,clientOldAttachPosition,0,
f_149765_,MAX_LID_OPEN,0,
f_149817_,this$0,0,
f_149825_,CONVERSION_TAG,0,
f_149826_,DATA_STRAY_CONVERSION_ID,0,
f_149827_,inPowderSnowTime,0,
f_149828_,conversionTime,0,
f_149844_,MIN_SIZE,0,
f_149845_,MAX_SIZE,0,
f_149853_,SPIDER_SPECIAL_EFFECT_CHANCE,0,
f_149854_,SUFFOCATE_STEERING_MODIFIER,0,
f_149856_,STEERING_MODIFIER,0,
f_149863_,FLAP_DEGREES_PER_TICK,0,
f_149864_,TICKS_PER_FLAP,0,
f_149865_,FLAG_IS_CHARGING,0,
f_149867_,TAG_JOHNNY,0,
f_149870_,ATTACK_KNOCKBACK,0,
f_149871_,KNOCKBACK_RESISTANCE,0,
f_149872_,ATTACK_DAMAGE,0,
f_149873_,BABY_ATTACK_DAMAGE,0,
f_149874_,ATTACK_INTERVAL,0,
f_149875_,BABY_ATTACK_INTERVAL,0,
f_149876_,ATTACK_DURATION,0,
f_149877_,MOVEMENT_SPEED_WHEN_FIGHTING,0,
f_149878_,SPEED_MULTIPLIER_WHEN_IDLING,0,
f_149879_,MAX_HEALTH,0,
f_149880_,REINFORCEMENT_ATTEMPTS,0,
f_149881_,REINFORCEMENT_RANGE_MAX,0,
f_149882_,REINFORCEMENT_RANGE_MIN,0,
f_149883_,BREAK_DOOR_CHANCE,0,
f_149884_,ZOMBIE_LEADER_CHANCE,0,
f_149885_,VILLAGER_CONVERSION_WAIT_MAX,0,
f_149886_,MAX_SPECIAL_BLOCKS_COUNT,0,
f_149887_,SPECIAL_BLOCK_RADIUS,0,
f_149888_,VILLAGER_CONVERSION_WAIT_MIN,0,
f_149890_,ALERT_RANGE_Y,0,
f_149891_,PROBABILITY_OF_SPAWNING_AS_BABY,0,
f_149892_,MAX_HEALTH,0,
f_149893_,MOVEMENT_SPEED_WHEN_FIGHTING,0,
f_149894_,ATTACK_KNOCKBACK,0,
f_149895_,KNOCKBACK_RESISTANCE,0,
f_149896_,ATTACK_DAMAGE,0,
f_149897_,BABY_ATTACK_DAMAGE,0,
f_149898_,CONVERSION_TIME,0,
f_149902_,REPELLENT_DETECTION_RANGE_HORIZONTAL,0,
f_149903_,REPELLENT_DETECTION_RANGE_VERTICAL,0,
f_149904_,ATTACK_DURATION,0,
f_149905_,DESIRED_DISTANCE_FROM_PIGLIN_WHEN_IDLING,0,
f_149906_,DESIRED_DISTANCE_FROM_PIGLIN_WHEN_RETREATING,0,
f_149907_,ATTACK_INTERVAL,0,
f_149908_,BABY_ATTACK_INTERVAL,0,
f_149909_,REPELLENT_PACIFY_TIME,0,
f_149910_,SPEED_MULTIPLIER_WHEN_AVOIDING_REPELLENT,0,
f_149911_,SPEED_MULTIPLIER_WHEN_RETREATING,0,
f_149912_,SPEED_MULTIPLIER_WHEN_MAKING_LOVE,0,
f_149913_,SPEED_MULTIPLIER_WHEN_IDLING,0,
f_149914_,SPEED_MULTIPLIER_WHEN_FOLLOWING_ADULT,0,
f_149916_,ATTACK_ANIMATION_DURATION,0,
f_149917_,CONVERSION_TIME,0,
f_149918_,MAX_HEALTH,0,
f_149919_,MOVEMENT_SPEED_WHEN_FIGHTING,0,
f_149920_,ATTACK_DAMAGE,0,
f_149922_,CHANCE_OF_WEARING_EACH_ARMOUR_ITEM,0,
f_149923_,MAX_PASSENGERS_ON_ONE_HOGLIN,0,
f_149924_,PROBABILITY_OF_SPAWNING_AS_BABY,0,
f_149926_,PROBABILITY_OF_SPAWNING_WITH_CROSSBOW_INSTEAD_OF_SWORD,0,
f_149932_,PROBABILITY_OF_CELEBRATION_DANCE,0,
f_149933_,SPEED_MULTIPLIER_WHEN_AVOIDING,0,
f_149934_,SPEED_MULTIPLIER_WHEN_RETREATING,0,
f_149935_,SPEED_MULTIPLIER_WHEN_MOUNTING,0,
f_149936_,SPEED_MULTIPLIER_WHEN_GOING_TO_WANTED_ITEM,0,
f_149937_,SPEED_MULTIPLIER_WHEN_GOING_TO_CELEBRATE_LOCATION,0,
f_149938_,SPEED_MULTIPLIER_WHEN_DANCING,0,
f_149939_,SPEED_MULTIPLIER_WHEN_IDLING,0,
f_149940_,REPELLENT_DETECTION_RANGE_HORIZONTAL,0,
f_149941_,REPELLENT_DETECTION_RANGE_VERTICAL,0,
f_149942_,PLAYER_ANGER_RANGE,0,
f_149943_,ANGER_DURATION,0,
f_149944_,ADMIRE_DURATION,0,
f_149945_,MAX_DISTANCE_TO_WALK_TO_ITEM,0,
f_149946_,MAX_TIME_TO_WALK_TO_ITEM,0,
f_149947_,HOW_LONG_TIME_TO_DISABLE_ADMIRE_WALKING_IF_CANT_REACH_ITEM,0,
f_149948_,CELEBRATION_TIME,0,
f_149949_,BABY_FLEE_DURATION_AFTER_GETTING_HIT,0,
f_149950_,HIT_BY_PLAYER_MEMORY_TIMEOUT,0,
f_149951_,MAX_WALK_DISTANCE_TO_START_RIDING,0,
f_149952_,MELEE_ATTACK_COOLDOWN,0,
f_149953_,EAT_COOLDOWN,0,
f_149954_,DESIRED_DISTANCE_FROM_ENTITY_WHEN_AVOIDING,0,
f_149955_,MAX_LOOK_DIST,0,
f_149956_,MAX_LOOK_DIST_FOR_PLAYER_HOLDING_LOVED_ITEM,0,
f_149957_,INTERACTION_RANGE,0,
f_149958_,MIN_DESIRED_DIST_FROM_TARGET_WHEN_HOLDING_CROSSBOW,0,
f_149959_,SPEED_WHEN_STRAFING_BACK_FROM_TARGET,0,
f_149960_,DESIRED_DISTANCE_FROM_ZOMBIFIED,0,
f_149974_,MAX_HEALTH,0,
f_149975_,MOVEMENT_SPEED_WHEN_FIGHTING,0,
f_149976_,ATTACK_DAMAGE,0,
f_149977_,ANGER_DURATION,0,
f_149978_,MELEE_ATTACK_COOLDOWN,0,
f_149979_,ACTIVITY_SOUND_LIKELIHOOD_PER_TICK,0,
f_149980_,MAX_LOOK_DIST,0,
f_149981_,INTERACTION_RANGE,0,
f_149982_,TARGETING_RANGE,0,
f_149983_,SPEED_MULTIPLIER_WHEN_IDLING,0,
f_149984_,HOME_CLOSE_ENOUGH_DISTANCE,0,
f_149985_,HOME_TOO_FAR_DISTANCE,0,
f_149986_,HOME_STROLL_AROUND_DISTANCE,0,
f_149991_,VILLAGER_SLOT_OFFSET,0,
f_149992_,VILLAGER_INVENTORY_SIZE,0,
f_149996_,TICK_DELAY,0,
f_149997_,BREEDING_FOOD_THRESHOLD,0,
f_149998_,SPEED_MODIFIER,0,
f_149999_,TRADES_PER_LEVEL,0,
f_150000_,MAX_GOSSIP_TOPICS,0,
f_150001_,GOSSIP_COOLDOWN,0,
f_150002_,GOSSIP_DECAY_INTERVAL,0,
f_150003_,REPUTATION_CHANGE_PER_EVENT,0,
f_150004_,HOW_FAR_AWAY_TO_TALK_TO_OTHER_VILLAGERS_ABOUT_GOLEMS,0,
f_150005_,HOW_MANY_VILLAGERS_NEED_TO_AGREE_TO_SPAWN_A_GOLEM,0,
f_150006_,TIME_SINCE_SLEEPING_FOR_GOLEM_SPAWNING,0,
f_150007_,chasing,0,
f_150017_,MIN_VILLAGER_LEVEL,0,
f_150018_,MAX_VILLAGER_LEVEL,0,
f_150029_,DEFAULT_SUPPLY,0,
f_150030_,COMMON_ITEMS_SUPPLY,0,
f_150031_,UNCOMMON_ITEMS_SUPPLY,0,
f_150032_,XP_LEVEL_1_SELL,0,
f_150033_,XP_LEVEL_1_BUY,0,
f_150034_,XP_LEVEL_2_SELL,0,
f_150035_,XP_LEVEL_2_BUY,0,
f_150036_,XP_LEVEL_3_SELL,0,
f_150037_,XP_LEVEL_3_BUY,0,
f_150038_,XP_LEVEL_4_SELL,0,
f_150039_,XP_LEVEL_4_BUY,0,
f_150040_,XP_LEVEL_5_TRADE,0,
f_150041_,LOW_TIER_PRICE_MULTIPLIER,0,
f_150042_,HIGH_TIER_PRICE_MULTIPLIER,0,
f_150044_,NUMBER_OF_TRADE_OFFERS,0,
f_150050_,DEFAULT_SPAWN_DELAY,0,
f_150051_,DEFAULT_TICK_DELAY,0,
f_150052_,MIN_SPAWN_CHANCE,0,
f_150053_,MAX_SPAWN_CHANCE,0,
f_150054_,SPAWN_CHANCE_INCREASE,0,
f_150055_,SPAWN_ONE_IN_X_CHANCE,0,
f_150056_,NUMBER_OF_SPAWN_ATTEMPTS,0,
f_150064_,POP_TIME_DURATION,0,
f_150065_,INVENTORY_SIZE,0,
f_150066_,SLOT_OFFHAND,0,
f_150067_,NOT_FOUND_INDEX,0,
f_150068_,ALL_ARMOR_SLOTS,0,
f_150069_,HELMET_SLOT_ONLY,0,
f_150070_,SELECTION_SIZE,0,
f_150083_,MAX_HEALTH,0,
f_150084_,SLEEP_DURATION,0,
f_150085_,WAKE_UP_DURATION,0,
f_150086_,ENDER_SLOT_OFFSET,0,
f_150087_,CROUCH_BB_HEIGHT,0,
f_150088_,SWIMMING_BB_WIDTH,0,
f_150089_,SWIMMING_BB_HEIGHT,0,
f_150090_,DEFAULT_EYE_HEIGHT,0,
f_150116_,EMPTY,0,
f_150117_,FLAG_CRIT,0,
f_150118_,FLAG_NOPHYSICS,0,
f_150119_,FLAG_CROSSBOW,0,
f_150120_,ARROW_BASE_DAMAGE,0,
f_150129_,NO_EFFECT_COLOR,0,
f_150130_,EVENT_POTION_PUFF,0,
f_150131_,EXPOSED_POTION_DECAY_TIME,0,
f_150132_,SPLASH_RANGE,0,
f_150133_,ATTACK_DURATION,0,
f_150134_,LIFE_OFFSET,0,
f_150135_,ATTACK_TRIGGER_TICKS,0,
f_150136_,MAX_OUT_OF_WATER_TIME,0,
f_150163_,cachedOwner,0,
f_150164_,hasBeenShot,0,
f_150183_,SPEED,0,
f_150190_,SPLASH_RANGE,0,
f_150191_,SPLASH_RANGE_SQ,0,
f_150197_,VILLAGE_RADIUS_BUFFER,0,
f_150198_,MAX_NO_ACTION_TIME,0,
f_150199_,MAX_CELEBRATION_TICKS,0,
f_150200_,TICKS_PER_DAY,0,
f_150202_,VALID_RAID_RADIUS_SQR,0,
f_150203_,RAID_REMOVAL_THRESHOLD_SQR,0,
f_150204_,SECTION_RADIUS_FOR_FINDING_NEW_VILLAGE_CENTER,0,
f_150205_,ATTEMPT_RAID_FARTHEST,0,
f_150206_,ATTEMPT_RAID_CLOSE,0,
f_150207_,ATTEMPT_RAID_INSIDE,0,
f_150208_,VILLAGE_SEARCH_RADIUS,0,
f_150209_,RAID_TIMEOUT_TICKS,0,
f_150210_,NUM_SPAWN_ATTEMPTS,0,
f_150211_,OMINOUS_BANNER_PATTERN_NAME,0,
f_150212_,RAIDERS_REMAINING,0,
f_150213_,POST_RAID_TICK_LIMIT,0,
f_150214_,DEFAULT_PRE_RAID_TICKS,0,
f_150215_,OUTSIDE_RAID_BOUNDS_TIMEOUT,0,
f_150216_,LOW_MOB_THRESHOLD,0,
f_150217_,HERO_OF_THE_VILLAGE_DURATION,0,
f_150234_,RAID_FILE_ID,0,
f_150238_,PLAY_DEAD,0,
f_150239_,LONG_JUMP,0,
f_150240_,RAM,0,
f_150241_,WORK_START_TIME,0,
f_150242_,TOTAL_WORK_TIME,0,
f_150249_,WATER_SLOWDOWN_FACTOR,0,
f_150266_,TIME_TO_EJECT,0,
f_150267_,PADDLE_SPEED,0,
f_150268_,PADDLE_LEFT,0,
f_150269_,PADDLE_RIGHT,0,
f_150270_,PADDLE_SOUND_TIME,0,
f_150271_,BUBBLE_TIME,0,
f_150284_,ACTIVATION_DELAY,0,
f_150285_,steppingOnLocation,0,
f_150287_,passenger,0,
f_150323_,steppingOnLocation,0,
f_150325_,passenger,0,
f_150333_,ticker,0,
f_150345_,EVENT_PRIME,0,
f_150350_,MAX_FOOD,0,
f_150351_,MAX_SATURATION,0,
f_150352_,START_SATURATION,0,
f_150353_,SATURATION_FLOOR,0,
f_150354_,EXHAUSTION_DROP,0,
f_150355_,HEALTH_TICK_COUNT,0,
f_150356_,HEALTH_TICK_COUNT_SATURATED,0,
f_150357_,HEAL_LEVEL,0,
f_150358_,SPRINT_LEVEL,0,
f_150359_,STARVE_LEVEL,0,
f_15035_,LOGGER,0,
f_150360_,FOOD_SATURATION_POOR,0,
f_150361_,FOOD_SATURATION_LOW,0,
f_150362_,FOOD_SATURATION_NORMAL,0,
f_150363_,FOOD_SATURATION_GOOD,0,
f_150364_,FOOD_SATURATION_MAX,0,
f_150365_,FOOD_SATURATION_SUPERNATURAL,0,
f_150366_,EXHAUSTION_HEAL,0,
f_150367_,EXHAUSTION_JUMP,0,
f_150368_,EXHAUSTION_SPRINT_JUMP,0,
f_150369_,EXHAUSTION_MINE,0,
f_15036_,VIRTUAL,0,
f_150370_,EXHAUSTION_ATTACK,0,
f_150372_,EXHAUSTION_WALK,0,
f_150373_,EXHAUSTION_CROUCH,0,
f_150374_,EXHAUSTION_SPRINT,0,
f_150375_,EXHAUSTION_SWIM,0,
f_15037_,FIX,0,
f_150381_,GLOW_BERRIES,0,
f_150385_,SLOT_CLICKED_OUTSIDE,0,
f_150386_,QUICKCRAFT_TYPE_CHARITABLE,0,
f_150387_,QUICKCRAFT_TYPE_GREEDY,0,
f_150388_,QUICKCRAFT_TYPE_CLONE,0,
f_150389_,QUICKCRAFT_HEADER_START,0,
f_15038_,PUMPKIN,0,
f_150390_,QUICKCRAFT_HEADER_CONTINUE,0,
f_150391_,QUICKCRAFT_HEADER_END,0,
f_150392_,CARRIED_SLOT_SIZE,0,
f_150393_,carried,0,
f_150394_,remoteSlots,0,
f_150395_,remoteDataSlots,0,
f_150396_,remoteCarried,0,
f_150397_,synchronizer,0,
f_150398_,suppressRemoteUpdates,0,
f_15039_,SNOWY_PODZOL,0,
f_15040_,SNOWY_GRASS,0,
f_15041_,SNOWY_MYCELIUM,0,
f_15042_,UPPER_SUNFLOWER,0,
f_15043_,UPPER_LILAC,0,
f_150447_,this$0,0,
f_15044_,UPPER_TALL_GRASS,0,
f_150453_,INGREDIENT_SLOT,0,
f_150454_,FUEL_SLOT,0,
f_150455_,RESULT_SLOT,0,
f_150456_,SLOT_COUNT,0,
f_150457_,DATA_COUNT,0,
f_150458_,INV_SLOT_START,0,
f_150459_,INV_SLOT_END,0,
f_15045_,UPPER_LARGE_FERN,0,
f_150460_,USE_ROW_SLOT_START,0,
f_150461_,USE_ROW_SLOT_END,0,
f_150464_,COST_REPAIR_MATERIAL,0,
f_150465_,COST_REPAIR_SACRIFICE,0,
f_150466_,COST_INCOMPATIBLE_PENALTY,0,
f_150467_,COST_RENAME,0,
f_150468_,MAX_NAME_LENGTH,0,
f_150469_,DEBUG_COST,0,
f_15046_,UPPER_ROSE_BUSH,0,
f_150470_,COST_FAIL,0,
f_150471_,COST_BASE,0,
f_150472_,COST_ADDED_BASE,0,
f_15047_,UPPER_PEONY,0,
f_150481_,PAYMENT_SLOT,0,
f_150482_,SLOT_COUNT,0,
f_150483_,DATA_COUNT,0,
f_150484_,INV_SLOT_START,0,
f_150485_,INV_SLOT_END,0,
f_150486_,USE_ROW_SLOT_START,0,
f_150487_,USE_ROW_SLOT_END,0,
f_150488_,BOTTLE_SLOT_START,0,
f_150489_,BOTTLE_SLOT_END,0,
f_15048_,FLOWER_POT_MAP,0,
f_150490_,INGREDIENT_SLOT,0,
f_150491_,FUEL_SLOT,0,
f_150492_,SLOT_COUNT,0,
f_150493_,DATA_COUNT,0,
f_150494_,INV_SLOT_START,0,
f_150495_,INV_SLOT_END,0,
f_150496_,USE_ROW_SLOT_START,0,
f_150497_,USE_ROW_SLOT_END,0,
f_15049_,SKULL_MAP,0,
f_150501_,MAP_SLOT,0,
f_150502_,ADDITIONAL_SLOT,0,
f_150503_,RESULT_SLOT,0,
f_150504_,INV_SLOT_START,0,
f_150505_,INV_SLOT_END,0,
f_150506_,USE_ROW_SLOT_START,0,
f_150507_,USE_ROW_SLOT_END,0,
f_15050_,DOOR_MAP,0,
f_150511_,SLOTS_PER_ROW,0,
f_15051_,NOTE_BLOCK_MAP,0,
f_15052_,DYE_COLOR_MAP,0,
f_150539_,RESULT_SLOT,0,
f_15053_,BED_BLOCK_MAP,0,
f_150540_,CRAFT_SLOT_START,0,
f_150541_,CRAFT_SLOT_END,0,
f_150542_,INV_SLOT_START,0,
f_150543_,INV_SLOT_END,0,
f_150544_,USE_ROW_SLOT_START,0,
f_150545_,USE_ROW_SLOT_END,0,
f_15054_,BANNER_BLOCK_MAP,0,
f_150557_,SLOT_COUNT,0,
f_150558_,INV_SLOT_START,0,
f_150559_,INV_SLOT_END,0,
f_15055_,AIR,0,
f_150560_,USE_ROW_SLOT_START,0,
f_150561_,USE_ROW_SLOT_END,0,
f_150565_,MAX_NAME_LENGTH,0,
f_150566_,INPUT_SLOT,0,
f_150567_,ADDITIONAL_SLOT,0,
f_150568_,RESULT_SLOT,0,
f_150569_,INV_SLOT_START,0,
f_150570_,INV_SLOT_END,0,
f_150571_,USE_ROW_SLOT_START,0,
f_150572_,USE_ROW_SLOT_END,0,
f_150576_,CONTAINER_SIZE,0,
f_150579_,CONTAINER_ID,0,
f_150580_,RESULT_SLOT,0,
f_150581_,CRAFT_SLOT_START,0,
f_150582_,CRAFT_SLOT_END,0,
f_150583_,ARMOR_SLOT_START,0,
f_150584_,ARMOR_SLOT_END,0,
f_150585_,INV_SLOT_START,0,
f_150586_,INV_SLOT_END,0,
f_150587_,USE_ROW_SLOT_START,0,
f_150588_,USE_ROW_SLOT_END,0,
f_150589_,SHIELD_SLOT,0,
f_150606_,BUTTON_PREV_PAGE,0,
f_150607_,BUTTON_NEXT_PAGE,0,
f_150608_,BUTTON_TAKE_BOOK,0,
f_150609_,BUTTON_PAGE_JUMP_RANGE_START,0,
f_150610_,DATA_COUNT,0,
f_150611_,SLOT_COUNT,0,
f_150612_,INV_SLOT_START,0,
f_150613_,INV_SLOT_END,0,
f_150614_,USE_ROW_SLOT_START,0,
f_150615_,USE_ROW_SLOT_END,0,
f_150619_,PAYMENT1_SLOT,0,
f_150620_,PAYMENT2_SLOT,0,
f_150621_,RESULT_SLOT,0,
f_150622_,INV_SLOT_START,0,
f_150623_,INV_SLOT_END,0,
f_150624_,USE_ROW_SLOT_START,0,
f_150625_,USE_ROW_SLOT_END,0,
f_150626_,SELLSLOT1_X,0,
f_150627_,SELLSLOT2_X,0,
f_150628_,BUYSLOT_X,0,
f_150629_,ROW_Y,0,
f_150640_,CONTAINER_SIZE,0,
f_150665_,INPUT_SLOT,0,
f_150666_,RESULT_SLOT,0,
f_150667_,INV_SLOT_START,0,
f_150668_,INV_SLOT_END,0,
f_150669_,USE_ROW_SLOT_START,0,
f_150670_,USE_ROW_SLOT_END,0,
f_150683_,STRIPPABLES,0,
f_150701_,GRASS_SPREAD_WIDTH,0,
f_150702_,GRASS_SPREAD_HEIGHT,0,
f_150703_,GRASS_COUNT_MULTIPLIER,0,
f_150704_,MAX_DRAW_DURATION,0,
f_150705_,DEFAULT_RANGE,0,
f_150723_,BAR_COLOR,0,
f_150789_,DEFAULT_RANGE,0,
f_150792_,MAX_CHARGE_DURATION,0,
f_150793_,START_SOUND_PERCENT,0,
f_150794_,MID_SOUND_PERCENT,0,
f_150795_,ARROW_POWER,0,
f_150796_,FIREWORK_POWER,0,
f_150840_,ROCKET_PLACEMENT_OFFSET,0,
f_150862_,DRINK_DURATION,0,
f_150863_,WAXABLES,0,
f_150864_,WAX_OFF_BY_BLOCK,0,
f_150883_,LOGGER,0,
f_150886_,MAX_BAR_WIDTH,0,
f_150963_,DEEPSLATE_COAL_ORE,0,
f_150964_,DEEPSLATE_IRON_ORE,0,
f_150965_,COPPER_ORE,0,
f_150966_,DEEPSLATE_COPPER_ORE,0,
f_150967_,DEEPSLATE_GOLD_ORE,0,
f_150968_,DEEPSLATE_REDSTONE_ORE,0,
f_150969_,DEEPSLATE_EMERALD_ORE,0,
f_150970_,EXPOSED_CUT_COPPER_STAIRS,0,
f_150971_,WEATHERED_CUT_COPPER_STAIRS,0,
f_150972_,OXIDIZED_CUT_COPPER_STAIRS,0,
f_150973_,CUT_COPPER_SLAB,0,
f_150974_,EXPOSED_CUT_COPPER_SLAB,0,
f_150975_,WEATHERED_CUT_COPPER_SLAB,0,
f_150976_,OXIDIZED_CUT_COPPER_SLAB,0,
f_150977_,WAXED_COPPER_BLOCK,0,
f_150978_,WAXED_EXPOSED_COPPER,0,
f_150979_,WAXED_WEATHERED_COPPER,0,
f_150980_,WAXED_OXIDIZED_COPPER,0,
f_150981_,WAXED_CUT_COPPER,0,
f_150982_,WAXED_EXPOSED_CUT_COPPER,0,
f_150983_,WAXED_WEATHERED_CUT_COPPER,0,
f_150984_,WAXED_OXIDIZED_CUT_COPPER,0,
f_150985_,WAXED_CUT_COPPER_STAIRS,0,
f_150986_,WAXED_EXPOSED_CUT_COPPER_STAIRS,0,
f_150987_,WAXED_WEATHERED_CUT_COPPER_STAIRS,0,
f_150988_,WAXED_OXIDIZED_CUT_COPPER_STAIRS,0,
f_150989_,WAXED_CUT_COPPER_SLAB,0,
f_150990_,WAXED_EXPOSED_CUT_COPPER_SLAB,0,
f_150991_,WAXED_WEATHERED_CUT_COPPER_SLAB,0,
f_150992_,WAXED_OXIDIZED_CUT_COPPER_SLAB,0,
f_150993_,DEEPSLATE_LAPIS_ORE,0,
f_150994_,DEEPSLATE_DIAMOND_ORE,0,
f_150995_,RAW_IRON_BLOCK,0,
f_150996_,RAW_COPPER_BLOCK,0,
f_150997_,RAW_GOLD_BLOCK,0,
f_150998_,AMETHYST_BLOCK,0,
f_150999_,BUDDING_AMETHYST,0,
f_151000_,COPPER_BLOCK,0,
f_151001_,EXPOSED_COPPER,0,
f_151002_,WEATHERED_COPPER,0,
f_151003_,OXIDIZED_COPPER,0,
f_151004_,CUT_COPPER,0,
f_151005_,EXPOSED_CUT_COPPER,0,
f_151006_,WEATHERED_CUT_COPPER,0,
f_151007_,OXIDIZED_CUT_COPPER,0,
f_151008_,CUT_COPPER_STAIRS,0,
f_151009_,AZALEA_LEAVES,0,
f_151011_,TINTED_GLASS,0,
f_151012_,AZALEA,0,
f_151013_,FLOWERING_AZALEA,0,
f_151014_,SPORE_BLOSSOM,0,
f_151015_,MOSS_CARPET,0,
f_151016_,MOSS_BLOCK,0,
f_151017_,HANGING_ROOTS,0,
f_151018_,BIG_DRIPLEAF,0,
f_151019_,SMALL_DRIPLEAF,0,
f_151020_,DEEPSLATE_BRICKS,0,
f_151021_,CRACKED_DEEPSLATE_BRICKS,0,
f_151022_,DEEPSLATE_TILES,0,
f_151023_,CRACKED_DEEPSLATE_TILES,0,
f_151024_,CHISELED_DEEPSLATE,0,
f_151025_,GLOW_LICHEN,0,
f_151026_,SMOOTH_BASALT,0,
f_151027_,INFESTED_DEEPSLATE,0,
f_151028_,COBBLED_DEEPSLATE_WALL,0,
f_151029_,POLISHED_DEEPSLATE_WALL,0,
f_151030_,DEEPSLATE_BRICK_WALL,0,
f_151031_,DEEPSLATE_TILE_WALL,0,
f_151032_,DIRT_PATH,0,
f_151033_,LIGHT,0,
f_151034_,DEEPSLATE,0,
f_151035_,COBBLED_DEEPSLATE,0,
f_151036_,COBBLED_DEEPSLATE_STAIRS,0,
f_151037_,POLISHED_DEEPSLATE_STAIRS,0,
f_151038_,DEEPSLATE_BRICK_STAIRS,0,
f_151039_,DEEPSLATE_TILE_STAIRS,0,
f_151040_,POLISHED_DEEPSLATE,0,
f_151041_,LIGHTNING_ROD,0,
f_151042_,SCULK_SENSOR,0,
f_151043_,COBBLED_DEEPSLATE_SLAB,0,
f_151044_,POLISHED_DEEPSLATE_SLAB,0,
f_151045_,DEEPSLATE_BRICK_SLAB,0,
f_151046_,DEEPSLATE_TILE_SLAB,0,
f_151047_,CALCITE,0,
f_151048_,TUFF,0,
f_151049_,AMETHYST_SHARD,0,
f_151050_,RAW_IRON,0,
f_151051_,RAW_COPPER,0,
f_151052_,COPPER_INGOT,0,
f_151053_,RAW_GOLD,0,
f_151054_,DRIPSTONE_BLOCK,0,
f_151055_,POWDER_SNOW_BUCKET,0,
f_151056_,GLOW_INK_SAC,0,
f_151057_,AXOLOTL_BUCKET,0,
f_151058_,BUNDLE,0,
f_151059_,SPYGLASS,0,
f_151060_,AXOLOTL_SPAWN_EGG,0,
f_151061_,GLOW_SQUID_SPAWN_EGG,0,
f_151062_,GOAT_SPAWN_EGG,0,
f_151063_,GLOW_ITEM_FRAME,0,
f_151064_,ROOTED_DIRT,0,
f_151065_,CANDLE,0,
f_151066_,WHITE_CANDLE,0,
f_151067_,ORANGE_CANDLE,0,
f_151068_,MAGENTA_CANDLE,0,
f_151069_,LIGHT_BLUE_CANDLE,0,
f_151070_,YELLOW_CANDLE,0,
f_151071_,LIME_CANDLE,0,
f_151072_,PINK_CANDLE,0,
f_151073_,GRAY_CANDLE,0,
f_151074_,LIGHT_GRAY_CANDLE,0,
f_151075_,CYAN_CANDLE,0,
f_151076_,PURPLE_CANDLE,0,
f_151077_,BLUE_CANDLE,0,
f_151078_,BROWN_CANDLE,0,
f_151079_,GLOW_BERRIES,0,
f_151080_,GREEN_CANDLE,0,
f_151081_,RED_CANDLE,0,
f_151082_,BLACK_CANDLE,0,
f_151083_,SMALL_AMETHYST_BUD,0,
f_151084_,MEDIUM_AMETHYST_BUD,0,
f_151085_,LARGE_AMETHYST_BUD,0,
f_151086_,AMETHYST_CLUSTER,0,
f_151087_,POINTED_DRIPSTONE,0,
f_151104_,IMAGE_WIDTH,0,
f_151105_,IMAGE_HEIGHT,0,
f_151133_,DRINK_DURATION,0,
f_151134_,type,0,
f_151135_,emptySound,0,
f_151163_,fluids,0,
f_151164_,properties,0,
f_151180_,DRINK_DURATION,0,
f_151182_,EFFECTIVE_BLOCK_DELAY,0,
f_151183_,MINIMUM_DURABILITY_DAMAGE,0,
f_151185_,placeSound,0,
f_151200_,backgroundColor,0,
f_151201_,highlightColor,0,
f_151202_,USE_DURATION,0,
f_151203_,ZOOM_FOV_MODIFIER,0,
f_151230_,THROW_THRESHOLD_TIME,0,
f_151231_,BASE_DAMAGE,0,
f_151232_,SHOOT_POWER,0,
f_151252_,BREWING_TIME_SECONDS,0,
f_15129_,data,0,
f_151302_,CHANCE_PER_LEVEL,0,
f_151303_,EVENT_SPAWN,0,
f_151375_,COORD_BITS,0,
f_151376_,COORD_MASK,0,
f_151377_,REGION_BITS,0,
f_151378_,REGION_MASK,0,
f_151379_,HASH_A,0,
f_151380_,HASH_C,0,
f_151381_,HASH_Z_XOR,0,
f_151397_,from,0,
f_151398_,to,0,
f_151399_,block,0,
f_151427_,items,0,
f_151440_,items,0,
f_151469_,MAX_DROPS_PER_COMBINED_STACK,0,
f_151479_,FILE_ID,0,
f_15147_,axis,0,
f_151480_,TAG_FORCED,0,
f_151485_,RULE_FREEZE_DAMAGE,0,
f_151486_,RULE_PLAYERS_SLEEPING_PERCENTAGE,0,
f_151487_,DEFAULT_RANDOM_TICK_SPEED,0,
f_15148_,axisDirection,0,
f_151492_,DEFAULT_MODE,0,
f_151493_,shortName,0,
f_151494_,longName,0,
f_151503_,pendingBlockEntityTickers,0,
f_151504_,tickingBlockEntities,0,
f_151505_,MAX_LEVEL_SIZE,0,
f_151506_,LONG_PARTICLE_CLIP_RANGE,0,
f_151507_,SHORT_PARTICLE_CLIP_RANGE,0,
f_151508_,MAX_BRIGHTNESS,0,
f_151509_,TICKS_PER_DAY,0,
f_151510_,MAX_ENTITY_SPAWN_Y,0,
f_151511_,MIN_ENTITY_SPAWN_Y,0,
f_151512_,blockEntityTickers,0,
f_151587_,SPAWN_DISTANCE_CHUNK,0,
f_151588_,SPAWN_DISTANCE_BLOCK,0,
f_151589_,MIN_SPAWN_DISTANCE,0,
f_151621_,minY,0,
f_151655_,TEMPERATURE_CACHE_SIZE,0,
f_15174_,step,0,
f_151750_,CHUNK_CENTER_QUART,0,
f_151784_,DRIPSTONE_CAVES,0,
f_151785_,LUSH_CAVES,0,
f_151796_,EMPTY_MOB_LIST,0,
f_151797_,DEFAULT_CREATURE_SPAWN_PROBABILITY,0,
f_15185_,y,0,
f_15186_,palette,0,
f_15187_,listTag,0,
f_15188_,section,0,
f_151894_,LIGHT_PER_CANDLE,0,
f_151895_,LIT,0,
f_15189_,hasData,0,
f_15190_,toFix,0,
f_15191_,update,0,
f_15192_,seen,0,
f_151936_,FLOOR_LEVEL,0,
f_151937_,SHAPE,0,
f_151938_,SIDE_THICKNESS,0,
f_151939_,LEG_WIDTH,0,
f_15193_,buffer,0,
f_151940_,LEG_HEIGHT,0,
f_151941_,LEG_DEPTH,0,
f_151942_,INSIDE,0,
f_151943_,interactions,0,
f_152005_,WATERLOGGED,0,
f_152006_,FACING,0,
f_152007_,northAabb,0,
f_152008_,southAabb,0,
f_152009_,eastAabb,0,
f_152010_,westAabb,0,
f_152011_,upAabb,0,
f_152012_,downAabb,0,
f_152048_,$SwitchMap$net$minecraft$core$Direction,0,
f_152050_,FALL_DAMAGE_PER_DISTANCE,0,
f_152051_,FALL_DAMAGE_MAX,0,
f_152057_,AABB_OFFSET,0,
f_152064_,SHAPE,0,
f_152100_,SAPLING_AABB_OFFSET,0,
f_152104_,AABB_OFFSET,0,
f_152136_,AABB_OFFSET,0,
f_152137_,SECONDS_ON_FIRE,0,
f_152149_,WATERLOGGED,0,
f_15215_,sides,0,
f_152166_,HEIGHT,0,
f_152167_,LEG_WIDTH,0,
f_15216_,sections,0,
f_152177_,MAX_HONEY_LEVELS,0,
f_152178_,SHEARED_HONEYCOMB_COUNT,0,
f_15217_,level,0,
f_152186_,MAX_AGE,0,
f_152187_,EVENT_BELL_RING,0,
f_15218_,x,0,
f_15219_,z,0,
f_152200_,WATERLOGGED,0,
f_152201_,TILT,0,
f_152202_,NO_TICK,0,
f_152203_,DELAY_UNTIL_NEXT_TILT_STATE,0,
f_152204_,MAX_GEN_HEIGHT,0,
f_152205_,STEM_WIDTH,0,
f_152206_,ENTITY_DETECTION_MIN_Y,0,
f_152207_,LOWEST_LEAF_TOP,0,
f_152208_,LEAF_SHAPES,0,
f_152209_,STEM_SLICER,0,
f_15220_,blockEntities,0,
f_152210_,STEM_SHAPES,0,
f_152211_,shapesCache,0,
f_152321_,NORTH_SHAPE,0,
f_152322_,SOUTH_SHAPE,0,
f_152323_,EAST_SHAPE,0,
f_152324_,WEST_SHAPE,0,
f_152325_,WATERLOGGED,0,
f_152326_,STEM_WIDTH,0,
f_152379_,$SwitchMap$net$minecraft$core$Direction,0,
f_152388_,UPDATE_ALL_IMMEDIATE,0,
f_152389_,INDESTRUCTIBLE,0,
f_152390_,INSTANT,0,
f_152391_,UPDATE_LIMIT,0,
f_152392_,CACHE_SIZE,0,
f_152393_,UPDATE_NEIGHBORS,0,
f_152394_,UPDATE_CLIENTS,0,
f_152395_,UPDATE_INVISIBLE,0,
f_152396_,UPDATE_IMMEDIATE,0,
f_152397_,UPDATE_KNOWN_SHAPE,0,
f_152398_,UPDATE_SUPPRESS_DROPS,0,
f_152399_,UPDATE_MOVE_BY_PISTON,0,
f_152401_,UPDATE_NONE,0,
f_152402_,UPDATE_ALL,0,
f_152467_,DEEPSLATE_GOLD_ORE,0,
f_152468_,DEEPSLATE_IRON_ORE,0,
f_152469_,DEEPSLATE_COAL_ORE,0,
f_152470_,AZALEA_LEAVES,0,
f_152471_,FLOWERING_AZALEA_LEAVES,0,
f_152472_,DEEPSLATE_LAPIS_ORE,0,
f_152473_,DEEPSLATE_REDSTONE_ORE,0,
f_152474_,DEEPSLATE_DIAMOND_ORE,0,
f_152475_,GLOW_LICHEN,0,
f_152476_,WATER_CAULDRON,0,
f_152477_,LAVA_CAULDRON,0,
f_152478_,POWDER_SNOW_CAULDRON,0,
f_152479_,DEEPSLATE_EMERALD_ORE,0,
f_152480_,LIGHT,0,
f_152481_,DIRT_PATH,0,
f_152482_,CANDLE,0,
f_152483_,WHITE_CANDLE,0,
f_152484_,ORANGE_CANDLE,0,
f_152485_,BLUE_CANDLE_CAKE,0,
f_152486_,BROWN_CANDLE_CAKE,0,
f_152487_,GREEN_CANDLE_CAKE,0,
f_152488_,RED_CANDLE_CAKE,0,
f_152489_,BLACK_CANDLE_CAKE,0,
f_152490_,AMETHYST_BLOCK,0,
f_152491_,BUDDING_AMETHYST,0,
f_152492_,AMETHYST_CLUSTER,0,
f_152493_,LARGE_AMETHYST_BUD,0,
f_152494_,MEDIUM_AMETHYST_BUD,0,
f_152495_,SMALL_AMETHYST_BUD,0,
f_152496_,TUFF,0,
f_152497_,CALCITE,0,
f_152498_,TINTED_GLASS,0,
f_152499_,POWDER_SNOW,0,
f_152500_,SCULK_SENSOR,0,
f_152501_,OXIDIZED_COPPER,0,
f_152502_,WEATHERED_COPPER,0,
f_152503_,EXPOSED_COPPER,0,
f_152504_,COPPER_BLOCK,0,
f_152505_,COPPER_ORE,0,
f_152506_,DEEPSLATE_COPPER_ORE,0,
f_152507_,OXIDIZED_CUT_COPPER,0,
f_152508_,WEATHERED_CUT_COPPER,0,
f_152509_,EXPOSED_CUT_COPPER,0,
f_152510_,CUT_COPPER,0,
f_152511_,MAGENTA_CANDLE,0,
f_152512_,LIGHT_BLUE_CANDLE,0,
f_152513_,YELLOW_CANDLE,0,
f_152514_,LIME_CANDLE,0,
f_152515_,PINK_CANDLE,0,
f_152516_,GRAY_CANDLE,0,
f_152517_,LIGHT_GRAY_CANDLE,0,
f_152518_,CYAN_CANDLE,0,
f_152519_,PURPLE_CANDLE,0,
f_152520_,BLUE_CANDLE,0,
f_152521_,BROWN_CANDLE,0,
f_152522_,GREEN_CANDLE,0,
f_152523_,RED_CANDLE,0,
f_152524_,BLACK_CANDLE,0,
f_152525_,CANDLE_CAKE,0,
f_152526_,WHITE_CANDLE_CAKE,0,
f_152527_,ORANGE_CANDLE_CAKE,0,
f_152528_,MAGENTA_CANDLE_CAKE,0,
f_152529_,LIGHT_BLUE_CANDLE_CAKE,0,
f_152530_,YELLOW_CANDLE_CAKE,0,
f_152531_,LIME_CANDLE_CAKE,0,
f_152532_,PINK_CANDLE_CAKE,0,
f_152533_,GRAY_CANDLE_CAKE,0,
f_152534_,LIGHT_GRAY_CANDLE_CAKE,0,
f_152535_,CYAN_CANDLE_CAKE,0,
f_152536_,PURPLE_CANDLE_CAKE,0,
f_152537_,DRIPSTONE_BLOCK,0,
f_152538_,CAVE_VINES,0,
f_152539_,CAVE_VINES_PLANT,0,
f_152540_,SPORE_BLOSSOM,0,
f_152541_,AZALEA,0,
f_152542_,FLOWERING_AZALEA,0,
f_152543_,MOSS_CARPET,0,
f_152544_,MOSS_BLOCK,0,
f_152545_,BIG_DRIPLEAF,0,
f_152546_,BIG_DRIPLEAF_STEM,0,
f_152547_,SMALL_DRIPLEAF,0,
f_152548_,HANGING_ROOTS,0,
f_152549_,ROOTED_DIRT,0,
f_152550_,DEEPSLATE,0,
f_152551_,COBBLED_DEEPSLATE,0,
f_152552_,COBBLED_DEEPSLATE_STAIRS,0,
f_152553_,COBBLED_DEEPSLATE_SLAB,0,
f_152554_,COBBLED_DEEPSLATE_WALL,0,
f_152555_,POLISHED_DEEPSLATE,0,
f_152556_,POLISHED_DEEPSLATE_STAIRS,0,
f_152557_,POLISHED_DEEPSLATE_SLAB,0,
f_152558_,POLISHED_DEEPSLATE_WALL,0,
f_152559_,DEEPSLATE_TILES,0,
f_15255_,RENAMES_AND_DOWNGRADES,0,
f_152560_,DEEPSLATE_TILE_STAIRS,0,
f_152561_,DEEPSLATE_TILE_SLAB,0,
f_152562_,DEEPSLATE_TILE_WALL,0,
f_152563_,OXIDIZED_CUT_COPPER_STAIRS,0,
f_152564_,WEATHERED_CUT_COPPER_STAIRS,0,
f_152565_,EXPOSED_CUT_COPPER_STAIRS,0,
f_152566_,CUT_COPPER_STAIRS,0,
f_152567_,OXIDIZED_CUT_COPPER_SLAB,0,
f_152568_,WEATHERED_CUT_COPPER_SLAB,0,
f_152569_,EXPOSED_CUT_COPPER_SLAB,0,
f_152570_,CUT_COPPER_SLAB,0,
f_152571_,WAXED_COPPER_BLOCK,0,
f_152572_,WAXED_WEATHERED_COPPER,0,
f_152573_,WAXED_EXPOSED_COPPER,0,
f_152574_,WAXED_OXIDIZED_COPPER,0,
f_152575_,WAXED_OXIDIZED_CUT_COPPER,0,
f_152576_,WAXED_WEATHERED_CUT_COPPER,0,
f_152577_,WAXED_EXPOSED_CUT_COPPER,0,
f_152578_,WAXED_CUT_COPPER,0,
f_152579_,WAXED_OXIDIZED_CUT_COPPER_STAIRS,0,
f_152580_,WAXED_WEATHERED_CUT_COPPER_STAIRS,0,
f_152581_,WAXED_EXPOSED_CUT_COPPER_STAIRS,0,
f_152582_,WAXED_CUT_COPPER_STAIRS,0,
f_152583_,WAXED_OXIDIZED_CUT_COPPER_SLAB,0,
f_152584_,WAXED_WEATHERED_CUT_COPPER_SLAB,0,
f_152585_,WAXED_EXPOSED_CUT_COPPER_SLAB,0,
f_152586_,WAXED_CUT_COPPER_SLAB,0,
f_152587_,LIGHTNING_ROD,0,
f_152588_,POINTED_DRIPSTONE,0,
f_152589_,DEEPSLATE_BRICKS,0,
f_152590_,DEEPSLATE_BRICK_STAIRS,0,
f_152591_,DEEPSLATE_BRICK_SLAB,0,
f_152592_,DEEPSLATE_BRICK_WALL,0,
f_152593_,CHISELED_DEEPSLATE,0,
f_152594_,CRACKED_DEEPSLATE_BRICKS,0,
f_152595_,CRACKED_DEEPSLATE_TILES,0,
f_152596_,INFESTED_DEEPSLATE,0,
f_152597_,SMOOTH_BASALT,0,
f_152598_,RAW_IRON_BLOCK,0,
f_152599_,RAW_COPPER_BLOCK,0,
f_152600_,RAW_GOLD_BLOCK,0,
f_152601_,POTTED_AZALEA,0,
f_152602_,POTTED_FLOWERING_AZALEA,0,
f_15266_,RENAMES,0,
f_152700_,CHECK_PERIOD,0,
f_152722_,GROWTH_CHANCE,0,
f_152723_,DIRECTIONS,0,
f_152736_,PRESSED_DEPTH,0,
f_152737_,UNPRESSED_DEPTH,0,
f_152738_,HALF_AABB_HEIGHT,0,
f_152739_,HALF_AABB_WIDTH,0,
f_152740_,MAX_AGE,0,
f_152741_,AABB_OFFSET,0,
f_152742_,MAX_BITES,0,
f_152743_,FULL_CAKE_SIGNAL,0,
f_152744_,AABB_OFFSET,0,
f_152745_,AABB_SIZE_PER_BITE,0,
f_152748_,SMOKE_DISTANCE,0,
f_152788_,MIN_CANDLES,0,
f_152789_,MAX_CANDLES,0,
f_152790_,CANDLES,0,
f_152791_,LIT,0,
f_152792_,WATERLOGGED,0,
f_152793_,LIGHT_EMISSION,0,
f_152794_,PARTICLE_OFFSETS,0,
f_152795_,ONE_AABB,0,
f_152796_,TWO_AABB,0,
f_152797_,THREE_AABB,0,
f_152798_,FOUR_AABB,0,
f_152850_,LIT,0,
f_152851_,AABB_OFFSET,0,
f_152852_,CAKE_SHAPE,0,
f_152853_,CANDLE_SHAPE,0,
f_152854_,SHAPE,0,
f_152855_,BY_CANDLE,0,
f_152856_,PARTICLE_OFFSETS,0,
f_152912_,SHAPE,0,
f_152948_,SHAPE,0,
f_152949_,BERRIES,0,
f_152957_,CHANCE_OF_BERRIES_ON_GROWTH,0,
f_153033_,AABB_MIN,0,
f_153034_,AABB_MAX,0,
f_153035_,SCAN_DISTANCE,0,
f_153051_,EVENT_SET_OPEN_COUNT,0,
f_153052_,AABB_OFFSET,0,
f_153053_,AABB_HEIGHT,0,
f_153067_,DEAD_AGE,0,
f_153068_,MAX_AGE,0,
f_153069_,AGE_0_WIDTH,0,
f_153070_,AGE_0_HEIGHT,0,
f_153071_,AGE_0_HALFWIDTH,0,
f_153072_,AGE_1_WIDTH,0,
f_153073_,AGE_1_HEIGHT,0,
f_153074_,AGE_1_HALFWIDTH,0,
f_153075_,AGE_2_WIDTH,0,
f_153076_,AGE_2_HEIGHT,0,
f_153077_,AGE_2_HALFWIDTH,0,
f_153078_,automatic,0,
f_153088_,READY,0,
f_153089_,MIN_LEVEL,0,
f_153090_,MAX_LEVEL,0,
f_153091_,AABB_SIDE_THICKNESS,0,
f_153092_,SIZE,0,
f_153100_,AABB_OFFSET,0,
f_153101_,composite,0,
f_153107_,MAX_AGE,0,
f_153120_,AABB_OFFSET,0,
f_153121_,PRESSED_CHECK_PERIOD,0,
f_153126_,SHAPE,0,
f_153160_,TRIGGER_DURATION,0,
f_153164_,AABB_DOOR_THICKNESS,0,
f_15321_,RENAMED_IDS,0,
f_153225_,MAX_MOISTURE,0,
f_153260_,BURN_INSTANT,0,
f_153261_,BURN_EASY,0,
f_153262_,BURN_MEDIUM,0,
f_153263_,BURN_HARD,0,
f_153264_,MAX_AGE,0,
f_153265_,AABB_OFFSET,0,
f_153266_,AABB_SIZE,0,
f_153268_,MAX_AGE,0,
f_153269_,NEIGHBORS_TO_AGE,0,
f_153270_,NEIGHBORS_TO_MELT,0,
f_153271_,BONEMEAL_SUCCESS_PROBABILITY,0,
f_153279_,WATERLOGGED,0,
f_15330_,MAP,0,
f_153328_,MAX_AGE,0,
f_153333_,SHAPE,0,
f_153334_,WATERLOGGED,0,
f_153367_,SLIDE_STARTS_WHEN_VERTICAL_SPEED_IS_AT_LEAST,0,
f_153368_,MIN_FALL_SPEED_TO_BE_CONSIDERED_SLIDING,0,
f_153369_,THROTTLE_SLIDE_SPEED_TO,0,
f_153370_,SLIDE_ADVANCEMENT_CHECK_INTERVAL,0,
f_153407_,lightning,0,
f_153408_,bystander,0,
f_153421_,HOST_TO_INFESTED_STATES,0,
f_153422_,INFESTED_TO_HOST_STATES,0,
f_153453_,GROW_PER_TICK_PROBABILITY,0,
f_153458_,AABB_OFFSET,0,
f_153459_,HANGING,0,
f_153460_,WATERLOGGED,0,
f_153461_,AABB,0,
f_153462_,HANGING_AABB,0,
f_153512_,MIN_FILL_LEVEL,0,
f_153513_,MAX_FILL_LEVEL,0,
f_153514_,LEVEL,0,
f_153517_,BASE_CONTENT_HEIGHT,0,
f_153518_,HEIGHT_PER_LEVEL,0,
f_153563_,DECAY_DISTANCE,0,
f_153564_,TICK_DELAY,0,
f_153565_,PAGE_CHANGE_IMPULSE_TICKS,0,
f_153581_,SOUND_ZOMBIE_INFECTED,0,
f_153582_,SOUND_ZOMBIE_CONVERTED,0,
f_153583_,SOUND_DRAGON_DEATH,0,
f_153584_,SOUND_ANVIL_BROKEN,0,
f_153585_,SOUND_ANVIL_USED,0,
f_153586_,SOUND_ANVIL_LAND,0,
f_153587_,SOUND_PORTAL_TRAVEL,0,
f_153588_,SOUND_CHORUS_GROW,0,
f_153589_,SOUND_CHORUS_DEATH,0,
f_153590_,SOUND_BREWING_STAND_BREW,0,
f_153593_,SOUND_END_PORTAL_SPAWN,0,
f_153594_,SOUND_PHANTOM_BITE,0,
f_153595_,SOUND_ZOMBIE_TO_DROWNED,0,
f_153596_,SOUND_HUSK_TO_ZOMBIE,0,
f_153597_,SOUND_GRINDSTONE_USED,0,
f_153598_,SOUND_PAGE_TURN,0,
f_153599_,SOUND_SMITHING_TABLE_USED,0,
f_153600_,SOUND_POINTED_DRIPSTONE_LAND,0,
f_153601_,SOUND_DRIP_LAVA_INTO_CAULDRON,0,
f_153602_,SOUND_DRIP_WATER_INTO_CAULDRON,0,
f_153603_,SOUND_SKELETON_TO_STRAY,0,
f_153604_,COMPOSTER_FILL,0,
f_153605_,LAVA_FIZZ,0,
f_153606_,REDSTONE_TORCH_BURNOUT,0,
f_153607_,SOUND_DISPENSER_DISPENSE,0,
f_153608_,END_PORTAL_FRAME_FILL,0,
f_153609_,DRIPSTONE_DRIP,0,
f_153610_,PARTICLES_AND_SOUND_PLANT_GROWTH,0,
f_153612_,PARTICLES_DESTROY_BLOCK,0,
f_153613_,PARTICLES_SPELL_POTION_SPLASH,0,
f_153614_,PARTICLES_EYE_OF_ENDER_DEATH,0,
f_153615_,PARTICLES_MOBBLOCK_SPAWN,0,
f_153617_,PARTICLES_DRAGON_FIREBALL_SPLASH,0,
f_153618_,PARTICLES_INSTANT_POTION_SPLASH,0,
f_153619_,PARTICLES_DRAGON_BLOCK_BREAK,0,
f_153620_,PARTICLES_WATER_EVAPORATING,0,
f_153621_,ANIMATION_END_GATEWAY_SPAWN,0,
f_153622_,ANIMATION_DRAGON_SUMMON_ROAR,0,
f_153623_,PARTICLES_ELECTRIC_SPARK,0,
f_153624_,PARTICLES_AND_SOUND_WAX_ON,0,
f_153625_,PARTICLES_WAX_OFF,0,
f_153626_,PARTICLES_SCRAPE,0,
f_153627_,SOUND_DISPENSER_FAIL,0,
f_153628_,SOUND_DISPENSER_PROJECTILE_LAUNCH,0,
f_153629_,SOUND_ENDER_EYE_LAUNCH,0,
f_153630_,SOUND_FIREWORK_SHOOT,0,
f_153635_,SOUND_EXTINGUISH_FIRE,0,
f_153641_,SOUND_GHAST_WARNING,0,
f_153642_,SOUND_GHAST_FIREBALL,0,
f_153643_,SOUND_DRAGON_FIREBALL,0,
f_153644_,SOUND_BLAZE_FIREBALL,0,
f_153645_,SOUND_ZOMBIE_WOODEN_DOOR,0,
f_153646_,SOUND_ZOMBIE_IRON_DOOR,0,
f_153647_,SOUND_ZOMBIE_DOOR_CRASH,0,
f_153648_,SOUND_WITHER_BLOCK_BREAK,0,
f_153649_,SOUND_WITHER_BOSS_SPAWN,0,
f_153650_,SOUND_WITHER_BOSS_SHOOT,0,
f_153651_,SOUND_BAT_LIFTOFF,0,
f_153653_,DEPTH,0,
f_153654_,WIDTH,0,
f_153655_,HEIGHT,0,
f_153656_,MAX_LEVEL,0,
f_153657_,LEVEL,0,
f_153658_,WATERLOGGED,0,
f_153659_,LIGHT_EMISSION,0,
f_153702_,WATERLOGGED,0,
f_153703_,POWERED,0,
f_153704_,RANGE,0,
f_153705_,ACTIVATION_TICKS,0,
f_153706_,SPARK_CYCLE,0,
f_153775_,BUBBLE_COLUMN_CHECK_DELAY,0,
f_153781_,symbol,0,
f_153806_,DIRECTIONS,0,
f_153807_,AABB_OFFSET,0,
f_153808_,UP_AABB,0,
f_153809_,DOWN_AABB,0,
f_153810_,WEST_AABB,0,
f_153811_,EAST_AABB,0,
f_153812_,NORTH_AABB,0,
f_153813_,SOUTH_AABB,0,
f_153814_,PROPERTY_BY_DIRECTION,0,
f_153815_,SHAPE_BY_DIRECTION,0,
f_153816_,shapesCache,0,
f_153817_,canRotate,0,
f_153818_,canMirrorX,0,
f_153819_,canMirrorZ,0,
f_15389_,RENAMED_IDS,0,
f_15390_,RENAMED_EGG_IDS,0,
f_153980_,AABB_OFFSET,0,
f_153985_,AABB_OFFSET,0,
f_153986_,GROW_PER_TICK_PROBABILITY,0,
f_153987_,BONEMEAL_GROW_PROBABILITY_DECREASE_RATE,0,
f_153989_,MAX_AGE,0,
f_153994_,MAX_STALACTITE_HEIGHT_FOR_DAMAGE_CALCULATION,0,
f_153995_,STALAGMITE_FALL_DISTANCE_OFFSET,0,
f_153996_,STALAGMITE_FALL_DAMAGE_MODIFIER,0,
f_153997_,AVERAGE_DAYS_PER_GROWTH,0,
f_153998_,GROWTH_PROBABILITY_PER_RANDOM_TICK,0,
f_153999_,MAX_GROWTH_LENGTH,0,
f_154000_,MAX_STALAGMITE_SEARCH_RANGE_WHEN_GROWING,0,
f_154001_,STALACTITE_DRIP_START_PIXEL,0,
f_154002_,TIP_MERGE_SHAPE,0,
f_154003_,TIP_SHAPE_UP,0,
f_154004_,TIP_SHAPE_DOWN,0,
f_154005_,FRUSTUM_SHAPE,0,
f_154006_,MIDDLE_SHAPE,0,
f_154007_,BASE_SHAPE,0,
f_154008_,MAX_HORIZONTAL_OFFSET,0,
f_154009_,TIP_DIRECTION,0,
f_154010_,THICKNESS,0,
f_154011_,WATERLOGGED,0,
f_154012_,MAX_SEARCH_LENGTH_WHEN_CHECKING_DRIP_TYPE,0,
f_154014_,DELAY_BEFORE_FALLING,0,
f_154015_,DRIP_PROBABILITY_PER_ANIMATE_TICK,0,
f_154016_,DRIP_PROBABILITY_PER_ANIMATE_TICK_IF_UNDER_LIQUID_SOURCE,0,
f_154017_,MAX_SEARCH_LENGTH_BETWEEN_STALACTITE_TIP_AND_CAULDRON,0,
f_154020_,MIN_TRIDENT_VELOCITY_TO_BREAK_DRIPSTONE,0,
f_154021_,STALACTITE_DAMAGE_PER_FALL_DISTANCE_AND_SIZE,0,
f_154022_,STALACTITE_MAX_DAMAGE,0,
f_154246_,HORIZONTAL_PARTICLE_MOMENTUM_FACTOR,0,
f_154247_,IN_BLOCK_HORIZONTAL_SPEED_MULTIPLIER,0,
f_154248_,IN_BLOCK_VERTICAL_SPEED_MULTIPLIER,0,
f_154249_,NUM_BLOCKS_TO_FALL_INTO_BLOCK,0,
f_154250_,FALLING_COLLISION_SHAPE,0,
f_154303_,PARTICLE_DENSITY,0,
f_154304_,H,0,
f_154305_,W,0,
f_154306_,E,0,
f_154307_,N,0,
f_154308_,S,0,
f_15431_,ENTITIES,0,
f_154325_,RECENT_TOGGLE_TIMER,0,
f_154326_,MAX_RECENT_TOGGLES,0,
f_154327_,RESTART_DELAY,0,
f_154328_,TOGGLE_DELAY,0,
f_154330_,MIN_CHARGES,0,
f_154331_,MAX_CHARGES,0,
f_154332_,AABB_MIN,0,
f_154333_,AABB_MAX,0,
f_154334_,Y_AXIS_AABB,0,
f_154335_,Z_AXIS_AABB,0,
f_154336_,X_AXIS_AABB,0,
f_154356_,$SwitchMap$net$minecraft$core$Direction$Axis,0,
f_154375_,AABB_OFFSET,0,
f_154380_,AABB_OFFSET,0,
f_154381_,STABILITY_MAX_DISTANCE,0,
f_154382_,TICK_DELAY,0,
f_154383_,ACTIVE_TICKS,0,
f_154384_,COOLDOWN_TICKS,0,
f_154386_,PHASE,0,
f_154387_,POWER,0,
f_154388_,WATERLOGGED,0,
f_154389_,SHAPE,0,
f_154491_,MAX_PICKLES,0,
f_154492_,AABB_OFFSET,0,
f_154493_,SHAPE,0,
f_15453_,ID_MAP,0,
f_154554_,AABB_OFFSET,0,
f_154563_,MAX,0,
f_154564_,ROTATIONS,0,
f_154577_,FACING,0,
f_154578_,AABB_OFFSET,0,
f_154579_,SHAPE,0,
f_154580_,WATERLOGGED,0,
f_154646_,MAX_HEIGHT,0,
f_154647_,HEIGHT_IMPASSABLE,0,
f_154652_,BUBBLE_COLUMN_CHECK_DELAY,0,
f_154653_,CANDLE,0,
f_154654_,AMETHYST,0,
f_154655_,AMETHYST_CLUSTER,0,
f_154656_,SMALL_AMETHYST_BUD,0,
f_154657_,MEDIUM_AMETHYST_BUD,0,
f_154658_,LARGE_AMETHYST_BUD,0,
f_154659_,TUFF,0,
f_154660_,CALCITE,0,
f_154661_,DRIPSTONE_BLOCK,0,
f_154662_,POINTED_DRIPSTONE,0,
f_154663_,COPPER,0,
f_154664_,CAVE_VINES,0,
f_154665_,SPORE_BLOSSOM,0,
f_154666_,AZALEA,0,
f_154667_,FLOWERING_AZALEA,0,
f_154668_,MOSS_CARPET,0,
f_154669_,MOSS,0,
f_154670_,BIG_DRIPLEAF,0,
f_154671_,SMALL_DRIPLEAF,0,
f_154672_,ROOTED_DIRT,0,
f_154673_,HANGING_ROOTS,0,
f_154674_,AZALEA_LEAVES,0,
f_154675_,SCULK_SENSOR,0,
f_154676_,GLOW_LICHEN,0,
f_154677_,DEEPSLATE,0,
f_154678_,DEEPSLATE_BRICKS,0,
f_154679_,DEEPSLATE_TILES,0,
f_154680_,POLISHED_DEEPSLATE,0,
f_154681_,POWDER_SNOW,0,
f_154689_,MAX_DEPTH,0,
f_154690_,MAX_COUNT,0,
f_154691_,SHAPE,0,
f_154692_,ADD_PARTICLE_ATTEMPTS,0,
f_154693_,PARTICLE_XZ_RADIUS,0,
f_154694_,PARTICLE_Y_MAX,0,
f_154724_,MAX_AGE,0,
f_154725_,AABB_OFFSET,0,
f_154734_,SIZE,0,
f_154735_,AABB_OFFSET,0,
f_154737_,MAX_AGE,0,
f_154738_,HURT_SPEED_THRESHOLD,0,
f_154739_,AABB_OFFSET,0,
f_154740_,HALF,0,
f_154741_,AABB_OFFSET,0,
f_154742_,SHAPE,0,
f_154777_,ACTIVATION_TICKS_ARROWS,0,
f_154778_,ACTIVATION_TICKS_OTHER,0,
f_154779_,ANY,0,
f_154780_,minSq,0,
f_154781_,maxSq,0,
f_154832_,AABB_THICKNESS,0,
f_154836_,RECHECK_PERIOD,0,
f_154837_,WIRE_DIST_MIN,0,
f_154838_,WIRE_DIST_MAX,0,
f_154839_,AABB_OFFSET,0,
f_154840_,RECHECK_PERIOD,0,
f_154841_,MAX_HATCH_LEVEL,0,
f_154842_,MIN_EGGS,0,
f_154843_,MAX_EGGS,0,
f_154861_,SHAPE,0,
f_154870_,SHAPE,0,
f_154875_,AABB_OFFSET,0,
f_154876_,WALL_WIDTH,0,
f_154877_,WALL_HEIGHT,0,
f_154878_,POST_WIDTH,0,
f_154879_,POST_COVER_WIDTH,0,
f_154880_,WALL_COVER_START,0,
f_154881_,WALL_COVER_END,0,
f_154882_,AABB_THICKNESS,0,
f_154883_,AABB_BOTTOM,0,
f_154884_,AABB_TOP,0,
f_154885_,AABB_OFFSET,0,
f_154886_,NEXT_BY_BLOCK,0,
f_154887_,PREVIOUS_BY_BLOCK,0,
f_154923_,weatherState,0,
f_154936_,weatherState,0,
f_154949_,weatherState,0,
f_154963_,SHAPE,0,
f_15496_,DIRECTIONS,0,
f_154972_,SHAPE,0,
f_154980_,SLOT_INPUT,0,
f_154981_,SLOT_FUEL,0,
f_154982_,SLOT_RESULT,0,
f_154983_,DATA_LIT_TIME,0,
f_154984_,DATA_LIT_DURATION,0,
f_154985_,DATA_COOKING_PROGRESS,0,
f_154986_,DATA_COOKING_TOTAL_TIME,0,
f_154987_,NUM_DATA_VALUES,0,
f_154988_,BURN_TIME_STANDARD,0,
f_154989_,BURN_COOL_SPEED,0,
f_155030_,MAX_PATTERNS,0,
f_155031_,TAG_PATTERNS,0,
f_155050_,openersCounter,0,
f_155056_,this$0,0,
f_155081_,DATA_LEVELS,0,
f_155082_,DATA_PRIMARY,0,
f_155083_,DATA_SECONDARY,0,
f_155084_,NUM_DATA_VALUES,0,
f_155085_,MAX_LEVELS,0,
f_155086_,BLOCKS_CHECK_PER_TICK,0,
f_155121_,TAG_FLOWER_POS,0,
f_155126_,BEES,0,
f_155127_,MAX_OCCUPANTS,0,
f_155128_,MIN_OCCUPATION_TICKS_NECTARLESS,0,
f_155129_,IGNORED_BEE_TAGS,0,
f_155130_,MIN_TICKS_BEFORE_REENTERING_HIVE,0,
f_155131_,MIN_OCCUPATION_TICKS_NECTAR,0,
f_155164_,DURATION,0,
f_155165_,GLOW_DURATION,0,
f_155166_,MIN_TICKS_BETWEEN_SEARCHES,0,
f_155167_,MAX_RESONATION_TICKS,0,
f_155168_,TICKS_BEFORE_RESONATION,0,
f_155169_,SEARCH_RADIUS,0,
f_155170_,HEAR_BELL_RADIUS,0,
f_155171_,HIGHLIGHT_RAIDERS_RADIUS,0,
f_15522_,MAP,0,
f_155257_,SCULK_SENSOR,0,
f_155276_,FUEL_USES,0,
f_155277_,DATA_BREW_TIME,0,
f_155278_,DATA_FUEL_USES,0,
f_155279_,NUM_DATA_VALUES,0,
f_155280_,INGREDIENT_SLOT,0,
f_155281_,FUEL_SLOT,0,
f_155298_,BURN_COOL_SPEED,0,
f_155299_,NUM_SLOTS,0,
f_155323_,EVENT_SET_OPEN_COUNT,0,
f_155324_,openersCounter,0,
f_155325_,chestLidController,0,
f_155351_,this$0,0,
f_155370_,shouldBeOpen,0,
f_155371_,openness,0,
f_155372_,oOpenness,0,
f_155390_,BLOCK_REFRESH_RATE,0,
f_155391_,EFFECT_DURATION,0,
f_155392_,ROTATION_SPEED,0,
f_155393_,MIN_ACTIVE_SIZE,0,
f_155394_,MIN_KILL_SIZE,0,
f_155395_,KILL_RANGE,0,
f_155447_,CHECK_TICK_DELAY,0,
f_155448_,openCount,0,
f_155487_,CONTAINER_SIZE,0,
f_155510_,chestLidController,0,
f_155511_,openersCounter,0,
f_155525_,this$0,0,
f_155547_,MOVE_ITEM_SPEED,0,
f_155548_,HOPPER_CONTAINER_SIZE,0,
f_155599_,TARGET,0,
f_155600_,POOL,0,
f_155601_,JOINT,0,
f_155602_,NAME,0,
f_155603_,FINAL_STATE,0,
f_155617_,DATA_PAGE,0,
f_155618_,NUM_DATA,0,
f_155619_,SLOT_BOOK,0,
f_155620_,NUM_SLOTS,0,
f_155633_,lastVibrationFrequency,0,
f_155657_,COLUMNS,0,
f_155658_,ROWS,0,
f_155659_,CONTAINER_SIZE,0,
f_155660_,EVENT_SET_OPEN_COUNT,0,
f_155661_,OPENING_TICK_LENGTH,0,
f_155662_,MAX_LID_HEIGHT,0,
f_155663_,MAX_LID_ROTATION,0,
f_155774_,MAX_OFFSET_PER_AXIS,0,
f_155775_,MAX_SIZE_PER_AXIS,0,
f_155776_,AUTHOR_TAG,0,
f_155777_,SCAN_CORNER_BLOCKS_RANGE,0,
f_155807_,SPAWN_TIME,0,
f_155808_,COOLDOWN_TIME,0,
f_155809_,ATTENTION_INTERVAL,0,
f_155810_,EVENT_COOLDOWN,0,
f_155811_,GATEWAY_HEIGHT_ABOVE_SURFACE,0,
f_15584_,RENAMED_IDS,0,
f_155888_,TRIGGER_EXTEND,0,
f_155889_,TRIGGER_CONTRACT,0,
f_155890_,TRIGGER_DROP,0,
f_155891_,PLATFORM_THICKNESS,0,
f_155892_,PLATFORM,0,
f_155893_,AABB_OFFSET,0,
f_155894_,EDGE_MIN,0,
f_155895_,EDGE_MAX,0,
f_155897_,TICK_MOVEMENT,0,
f_155898_,TICKS_TO_EXTEND,0,
f_155899_,PUSH_OFFSET,0,
f_15591_,RENAMED_IDS,0,
f_155936_,MAX_PUSH_DEPTH,0,
f_155962_,NAME_TAG,0,
f_155963_,PROPERTIES_TAG,0,
f_155977_,BERRIES,0,
f_155978_,MIN_LEVEL,0,
f_155979_,MIN_LEVEL_CAULDRON,0,
f_155980_,MAX_LEVEL_3,0,
f_155981_,MAX_LEVEL_8,0,
f_155982_,MAX_LEVEL_15,0,
f_155983_,STABILITY_MAX_DISTANCE,0,
f_155984_,MIN_RESPAWN_ANCHOR_CHARGES,0,
f_155985_,MAX_RESPAWN_ANCHOR_CHARGES,0,
f_155987_,MAX_AGE_1,0,
f_155988_,MAX_AGE_2,0,
f_155989_,MAX_AGE_3,0,
f_15598_,FLOAT_LIST_CODEC,0,
f_155990_,MAX_AGE_5,0,
f_155991_,MAX_AGE_7,0,
f_155992_,MAX_AGE_15,0,
f_155993_,MAX_AGE_25,0,
f_155994_,CANDLES,0,
f_155995_,MAX_DISTANCE,0,
f_155996_,TILT,0,
f_155997_,VERTICAL_DIRECTION,0,
f_155998_,DRIPSTONE_THICKNESS,0,
f_155999_,SCULK_SENSOR_PHASE,0,
f_156012_,name,0,
f_156044_,name,0,
f_156075_,name,0,
f_156076_,causesVibration,0,
f_156092_,MAX_SIZE,0,
f_156098_,level,0,
f_156099_,acquiredSections,0,
f_156100_,lastSection,0,
f_156101_,lastSectionKey,0,
f_15616_,name,0,
f_156338_,SIZE,0,
f_156339_,LAYER_SIZE,0,
f_156340_,NIBBLE_SIZE,0,
f_156361_,NULL_TICKER,0,
f_156362_,tickersInLevel,0,
f_156427_,this$0,0,
f_156428_,blockEntity,0,
f_156429_,ticker,0,
f_156430_,loggedInvalidBlockState,0,
f_156444_,ticker,0,
f_156455_,SECTION_WIDTH,0,
f_156456_,SECTION_HEIGHT,0,
f_156457_,SECTION_SIZE,0,
f_156504_,TAG_INDICES,0,
f_156511_,TAG_UPGRADE_DATA,0,
f_156535_,LOGGER,0,
f_156536_,ENTITIES_TAG,0,
f_156537_,POSITION_TAG,0,
f_156538_,level,0,
f_156540_,emptyChunks,0,
f_156604_,SECTOR_INTS,0,
f_156605_,SECTOR_BYTES,0,
f_156606_,CHUNK_HEADER_SIZE,0,
f_156607_,HEADER_OFFSET,0,
f_156608_,EXTERNAL_FILE_EXTENSION,0,
f_156609_,EXTERNAL_STREAM_FLAG,0,
f_156610_,EXTERNAL_CHUNK_THRESHOLD,0,
f_156611_,CHUNK_NOT_PRESENT,0,
f_156615_,ANVIL_EXTENSION,0,
f_156616_,MAX_CACHE_SIZE,0,
f_156617_,SECTIONS_TAG,0,
f_156618_,levelHeightAccessor,0,
f_156634_,OVERWORLD_MIN_Y,0,
f_156635_,OVERWORLD_LEVEL_HEIGHT,0,
f_156636_,OVERWORLD_GENERATION_HEIGHT,0,
f_156637_,OVERWORLD_LOGICAL_HEIGHT,0,
f_156638_,NETHER_MIN_Y,0,
f_156639_,NETHER_LEVEL_HEIGHT,0,
f_156640_,NETHER_GENERATION_HEIGHT,0,
f_156641_,NETHER_LOGICAL_HEIGHT,0,
f_156642_,END_MIN_Y,0,
f_156643_,END_LEVEL_HEIGHT,0,
f_156644_,END_GENERATION_HEIGHT,0,
f_156645_,END_LOGICAL_HEIGHT,0,
f_156647_,minY,0,
f_156648_,height,0,
f_156649_,BITS_FOR_Y,0,
f_156650_,MIN_HEIGHT,0,
f_156651_,Y_SIZE,0,
f_156652_,MAX_Y,0,
f_156653_,MIN_Y,0,
f_156654_,MOON_PHASES,0,
f_156735_,ARENA_TICKET_LEVEL,0,
f_156736_,DRAGON_SPAWN_Y,0,
f_156737_,MAX_TICKS_BEFORE_DRAGON_RESPAWN,0,
f_156738_,TIME_BETWEEN_CRYSTAL_SCANS,0,
f_156739_,TIME_BETWEEN_PLAYER_SCANS,0,
f_156740_,ARENA_SIZE_CHUNKS,0,
f_156741_,GATEWAY_COUNT,0,
f_156742_,GATEWAY_DISTANCE,0,
f_156743_,LOOKING_AT_RANGE,0,
f_156744_,lookingAt,0,
f_156766_,lookingAt,0,
f_156786_,pos,0,
f_156787_,entities,0,
f_156799_,NULL,0,
f_156806_,LOGGER,0,
f_156807_,byId,0,
f_156808_,byUuid,0,
f_156826_,LOGGER,0,
f_156827_,storage,0,
f_156828_,chunkStatus,0,
f_156850_,entityClass,0,
f_156851_,intialSectionVisibility,0,
f_156852_,sections,0,
f_156853_,sectionIds,0,
f_156903_,active,0,
f_156904_,passive,0,
f_156905_,iterated,0,
f_156919_,val$cls,0,
f_156940_,visibleEntities,0,
f_156941_,sectionStorage,0,
f_15701_,RENAMED_IDS,0,
f_15702_,RENAMED_BLOCKS,0,
f_15703_,RENAMED_ITEMS,0,
f_15715_,ABSTRACT_HORSES,0,
f_15716_,TAMEABLE_ANIMALS,0,
f_15717_,ANIMALS,0,
f_15718_,MOBS,0,
f_15719_,LIVING_ENTITIES,0,
f_15720_,PROJECTILES,0,
f_157463_,$SwitchMap$com$mojang$blaze3d$vertex$VertexFormat$IndexType,0,
f_157465_,vertexStride,0,
f_157466_,indexStride,0,
f_157467_,generator,0,
f_157468_,name,0,
f_157469_,type,0,
f_157470_,indexCount,0,
f_157490_,LOGGER,0,
f_157491_,knownUuids,0,
f_157492_,callbacks,0,
f_157493_,permanentStorage,0,
f_157494_,visibleEntityStorage,0,
f_157495_,sectionStorage,0,
f_157496_,entityGetter,0,
f_157497_,chunkVisibility,0,
f_157498_,chunkLoadStatuses,0,
f_157499_,chunksToUnload,0,
f_157500_,loadingInbox,0,
f_157608_,this$0,0,
f_157609_,entity,0,
f_157610_,currentSectionKey,0,
f_157611_,currentSection,0,
f_157635_,LOGGER,0,
f_157636_,callbacks,0,
f_157637_,entityStorage,0,
f_157638_,sectionStorage,0,
f_157639_,tickingChunks,0,
f_157640_,entityGetter,0,
f_157667_,this$0,0,
f_157668_,entity,0,
f_157669_,currentSectionKey,0,
f_157670_,currentSection,0,
f_157682_,accessible,0,
f_157683_,ticking,0,
f_157699_,CODEC,0,
f_157700_,pos,0,
f_157725_,CODEC,0,
f_157769_,FLUID_PLACE,0,
f_157770_,HIT_GROUND,0,
f_157772_,LIGHTNING_STRIKE,0,
f_157776_,PRIME_FUSE,0,
f_157777_,PROJECTILE_LAND,0,
f_157778_,PROJECTILE_SHOOT,0,
f_157781_,SHEAR,0,
f_157784_,SPLASH,0,
f_157785_,STEP,0,
f_157786_,SWIM,0,
f_157788_,DEFAULT_NOTIFICATION_RADIUS,0,
f_157790_,notificationRadius,0,
f_157791_,BLOCK_ATTACH,0,
f_157792_,BLOCK_CHANGE,0,
f_157793_,BLOCK_CLOSE,0,
f_157794_,BLOCK_DESTROY,0,
f_157795_,BLOCK_DETACH,0,
f_157796_,BLOCK_OPEN,0,
f_157797_,BLOCK_PLACE,0,
f_157802_,CONTAINER_CLOSE,0,
f_157803_,CONTAINER_OPEN,0,
f_157806_,EAT,0,
f_157810_,ENTITY_PLACE,0,
f_157811_,EQUIP,0,
f_157812_,EXPLODE,0,
f_157815_,FLAP,0,
f_157816_,FLUID_PICKUP,0,
f_157868_,CODEC,0,
f_157871_,BLOCK,0,
f_157872_,ENTITY,0,
f_157985_,X_RANGE,0,
f_157986_,Y_RANGE,0,
f_157987_,Z_RANGE,0,
f_157988_,X_SEPARATION,0,
f_157989_,Y_SEPARATION,0,
f_157990_,Z_SEPARATION,0,
f_157991_,X_SPACING,0,
f_157992_,Y_SPACING,0,
f_157993_,Z_SPACING,0,
f_157994_,barrierNoise,0,
f_157996_,lavaNoise,0,
f_157998_,aquiferCache,0,
f_157999_,aquiferLocationCache,0,
f_158000_,shouldScheduleFluidUpdate,0,
f_158002_,minGridX,0,
f_158003_,minGridY,0,
f_158004_,minGridZ,0,
f_158005_,gridSizeX,0,
f_158006_,gridSizeZ,0,
f_15803_,RANDOM,0,
f_158060_,BEARD_KERNEL_RADIUS,0,
f_158061_,BEARD_KERNEL_SIZE,0,
f_158062_,BEARD_KERNEL,0,
f_158065_,pieceIterator,0,
f_158066_,junctionIterator,0,
f_15814_,RENAMED_IDS,0,
f_158197_,INSTANCE,0,
f_158204_,floor,0,
f_158205_,ceiling,0,
f_158216_,edge,0,
f_158217_,pointingUp,0,
f_158225_,HEIGHT,0,
f_158226_,BARRIER_HEIGHT,0,
f_158227_,BLOCK_MARGIN,0,
f_158287_,fillingProvider,0,
f_158288_,innerLayerProvider,0,
f_158289_,alternateInnerLayerProvider,0,
f_158290_,middleLayerProvider,0,
f_158291_,outerLayerProvider,0,
f_158292_,innerPlacements,0,
f_158293_,cannotReplace,0,
f_158294_,invalidBlocks,0,
f_158295_,CODEC,0,
f_158324_,CODEC,0,
f_158325_,generateCrackChance,0,
f_158326_,baseCrackSize,0,
f_158327_,crackPointOffset,0,
f_158341_,CODEC,0,
f_158342_,filling,0,
f_158343_,innerLayer,0,
f_158344_,middleLayer,0,
f_158345_,outerLayer,0,
f_158346_,LAYER_RANGE,0,
f_158363_,LOGGER,0,
f_158533_,aquifersEnabled,0,
f_158536_,oreVeinsEnabled,0,
f_158688_,minY,0,
f_158914_,CODEC,0,
f_158915_,BOTTOM,0,
f_158916_,TOP,0,
f_158937_,CODEC,0,
f_158944_,CODEC,0,
f_158951_,CODEC,0,
f_158966_,CODEC,0,
f_158967_,verticalRotation,0,
f_158968_,shape,0,
f_158991_,CODEC,0,
f_158992_,distanceFactor,0,
f_158993_,thickness,0,
f_158994_,widthSmoothness,0,
f_158995_,horizontalRadiusFactor,0,
f_158996_,verticalRadiusDefaultFactor,0,
f_158997_,verticalRadiusCenterFactor,0,
f_159087_,CODEC,0,
f_159088_,y,0,
f_159089_,yScale,0,
f_159090_,lavaLevel,0,
f_159092_,debugSettings,0,
f_159114_,DEFAULT,0,
f_159115_,CODEC,0,
f_159116_,debugMode,0,
f_159117_,airState,0,
f_159118_,waterState,0,
f_159119_,lavaState,0,
f_159120_,barrierState,0,
f_159154_,CODEC,0,
f_159155_,horizontalRadiusMultiplier,0,
f_159156_,verticalRadiusMultiplier,0,
f_159157_,floorLevel,0,
f_15937_,ITEM_NAMES,0,
f_159439_,CLUSTERED_REACH,0,
f_159440_,CLUSTERED_SIZE,0,
f_159441_,UNCLUSTERED_REACH,0,
f_159442_,UNCLUSTERED_SIZE,0,
f_159546_,RIM_SPAWN_CHANCE,0,
f_159718_,PODIUM_RADIUS,0,
f_159719_,PODIUM_PILLAR_HEIGHT,0,
f_159720_,RIM_RADIUS,0,
f_159721_,CORNER_ROUNDING,0,
f_159724_,ROOT_SYSTEM,0,
f_159726_,UNDERWATER_MAGMA,0,
f_159727_,SCATTERED_ORE,0,
f_159728_,GEODE,0,
f_159729_,DRIPSTONE_CLUSTER,0,
f_159730_,LARGE_DRIPSTONE,0,
f_159732_,REPLACE_SINGLE_BLOCK,0,
f_159734_,VEGETATION_PATCH,0,
f_159735_,WATERLOGGED_VEGETATION_PATCH,0,
f_159763_,level,0,
f_159764_,chunkGenerator,0,
f_159765_,random,0,
f_159766_,origin,0,
f_159767_,config,0,
f_159796_,CODEC,0,
f_159797_,fossilStructures,0,
f_159798_,overlayStructures,0,
f_159799_,fossilProcessors,0,
f_159800_,overlayProcessors,0,
f_159801_,maxEmptyCornersAllowed,0,
f_159831_,DIRECTIONS,0,
f_159876_,HUGE_PROBABILITY,0,
f_15987_,POTIONS,0,
f_159975_,root,0,
f_159976_,pointingUp,0,
f_159977_,radius,0,
f_159978_,bluntness,0,
f_159979_,scale,0,
f_15999_,name,0,
f_160000_,originY,0,
f_160001_,windSpeed,0,
f_16013_,val$fixItem,0,
f_16020_,NAMES_BY_COLOR,0,
f_160302_,MAX_DIST_FROM_ORIGIN,0,
f_16031_,ID_TO_ENTITY,0,
f_160369_,NUMBER_OF_SPIKES,0,
f_160370_,SPIKE_DISTANCE,0,
f_160509_,BLOCK_UPDATE_FLAGS,0,
f_160629_,PLATFORM_OFFSET,0,
f_16062_,MAP,0,
f_160630_,PLATFORM_RADIUS,0,
f_160631_,PLATFORM_RADIUS_CHUNKS,0,
f_160758_,CODEC,0,
f_160759_,floorToCeilingSearchRange,0,
f_160760_,height,0,
f_160761_,radius,0,
f_160762_,maxStalagmiteStalactiteHeightDiff,0,
f_160763_,heightDeviation,0,
f_160764_,dripstoneBlockLayerThickness,0,
f_160765_,density,0,
f_160766_,wetness,0,
f_160767_,chanceOfDripstoneColumnAtMaxDistanceFromCenter,0,
f_160768_,maxDistanceFromEdgeAffectingChanceOfDripstoneColumn,0,
f_160769_,maxDistanceFromCenterAffectingHeightBias,0,
f_160811_,CHANCE_RANGE,0,
f_160812_,CODEC,0,
f_160813_,geodeBlockSettings,0,
f_160814_,geodeLayerSettings,0,
f_160815_,geodeCrackSettings,0,
f_160816_,usePotentialPlacementsChance,0,
f_160817_,useAlternateLayer0Chance,0,
f_160818_,placementsRequireLayer0Alternate,0,
f_160819_,outerWallDistance,0,
f_160820_,distributionPoints,0,
f_160821_,pointOffset,0,
f_160822_,minGenOffset,0,
f_160823_,maxGenOffset,0,
f_160824_,noiseMultiplier,0,
f_160825_,invalidBlocksThreshold,0,
f_160944_,CODEC,0,
f_160945_,floorToCeilingSearchRange,0,
f_160946_,columnRadius,0,
f_160947_,heightScale,0,
f_160948_,maxColumnRadiusToCaveHeightRatio,0,
f_160949_,stalactiteBluntness,0,
f_160950_,stalagmiteBluntness,0,
f_160951_,windSpeed,0,
f_160952_,minRadiusForWind,0,
f_160953_,minBluntnessForWind,0,
f_16095_,MAP,0,
f_161005_,targetStates,0,
f_161006_,discardChanceOnAirExposure,0,
f_161031_,CODEC,0,
f_161032_,target,0,
f_161033_,state,0,
f_161083_,targetStates,0,
f_16109_,MAP,0,
f_161101_,CODEC,0,
f_161102_,treeFeature,0,
f_161103_,requiredVerticalSpaceForTree,0,
f_161104_,rootRadius,0,
f_161105_,rootReplaceable,0,
f_161106_,rootStateProvider,0,
f_161107_,rootPlacementAttempts,0,
f_161108_,rootColumnMaxHeight,0,
f_161109_,hangingRootRadius,0,
f_16110_,IDS,0,
f_161110_,hangingRootsVerticalSpan,0,
f_161111_,hangingRootStateProvider,0,
f_161112_,hangingRootPlacementAttempts,0,
f_161113_,allowedVerticalWaterForTree,0,
f_16111_,DAMAGE_IDS,0,
f_161212_,dirtProvider,0,
f_161213_,foliageProvider,0,
f_161215_,forceDirt,0,
f_161249_,foliageProvider,0,
f_161251_,dirtProvider,0,
f_161252_,forceDirt,0,
f_161263_,CODEC,0,
f_161264_,floorSearchRange,0,
f_161265_,placementRadiusAroundFloor,0,
f_161266_,placementProbabilityPerValidPosition,0,
f_161280_,CODEC,0,
f_161281_,replaceable,0,
f_161282_,groundState,0,
f_161283_,vegetationFeature,0,
f_161284_,surface,0,
f_161285_,depth,0,
f_161286_,extraBottomBlockChance,0,
f_161287_,verticalRange,0,
f_161288_,vegetationChance,0,
f_161289_,xzRadius,0,
f_161290_,extraEdgeColumnChance,0,
f_161325_,MAX_WIDTH,0,
f_161450_,pos,0,
f_161452_,RANDOM_SPREAD_FOLIAGE_PLACER,0,
f_161501_,CODEC,0,
f_161502_,foliageHeight,0,
f_161503_,leafPlacementAttempts,0,
f_161554_,RANDOMIZED_INT_STATE_PROVIDER,0,
f_161555_,CODEC,0,
f_161556_,source,0,
f_161557_,propertyName,0,
f_161558_,property,0,
f_161559_,values,0,
f_161765_,CODEC,0,
f_161766_,minHeightForLeaves,0,
f_161767_,bendLength,0,
f_161796_,TRUNK_HEIGHT_SCALE,0,
f_161797_,CLUSTER_DENSITY_MAGIC,0,
f_161798_,BRANCH_SLOPE,0,
f_161799_,BRANCH_LENGTH_MAGIC,0,
f_161865_,MAX_BASE_HEIGHT,0,
f_161866_,MAX_RAND,0,
f_161867_,MAX_HEIGHT,0,
f_161899_,BENDING_TRUNK_PLACER,0,
f_161900_,block,0,
f_161918_,CODEC,0,
f_161919_,LOGGER,0,
f_161920_,minInclusive,0,
f_161921_,maxInclusive,0,
f_161922_,inner,0,
f_161945_,ZERO,0,
f_161946_,CODEC,0,
f_161947_,value,0,
f_161969_,CONSTANT_OR_DISPATCH_CODEC,0,
f_161970_,CODEC,0,
f_161981_,CONSTANT,0,
f_161982_,UNIFORM,0,
f_161983_,BIASED_TO_BOTTOM,0,
f_161984_,VERY_BIASED_TO_BOTTOM,0,
f_161985_,TRAPEZOID,0,
f_161993_,CODEC,0,
f_161994_,LOGGER,0,
f_161995_,minInclusive,0,
f_161996_,maxInclusive,0,
f_161997_,plateau,0,
f_16200_,DIRECTIONS,0,
f_16201_,LEAVES,0,
f_162023_,CODEC,0,
f_162024_,LOGGER,0,
f_162025_,minInclusive,0,
f_162026_,maxInclusive,0,
f_16202_,LOGS,0,
f_162045_,CODEC,0,
f_162046_,LOGGER,0,
f_162047_,minInclusive,0,
f_162048_,maxInclusive,0,
f_162049_,inner,0,
f_162094_,CODEC,0,
f_162095_,direction,0,
f_162096_,y,0,
f_162097_,id,0,
f_162354_,CODEC,0,
f_162355_,LOGGER,0,
f_162356_,minX,0,
f_162357_,minY,0,
f_162358_,minZ,0,
f_162359_,maxX,0,
f_162360_,maxY,0,
f_162361_,maxZ,0,
f_16250_,leaveIds,0,
f_16251_,logIds,0,
f_16252_,stateToIdMap,0,
f_16280_,paletteFinder,0,
f_16281_,palette,0,
f_16282_,index,0,
f_16283_,storage,0,
f_16284_,blockStateType,0,
f_16306_,MAP,0,
f_16337_,SPLITTER,0,
f_16338_,LAYER_SPLITTER,0,
f_16339_,OLD_AMOUNT_SPLITTER,0,
f_16340_,AMOUNT_SPLITTER,0,
f_16341_,BLOCK_SPLITTER,0,
f_163528_,TAG_REMAINING_INDEXES,0,
f_163529_,TAG_All_INDEXES,0,
f_163536_,LOGGER,0,
f_163590_,INVALID_START_ID,0,
f_163592_,chunkPos,0,
f_163593_,cachedBoundingBox,0,
f_163658_,templateName,0,
f_163720_,PROBABILITY_OF_REPLACING_FULL_BLOCK,0,
f_163721_,PROBABILITY_OF_REPLACING_STAIRS,0,
f_163722_,PROBABILITY_OF_REPLACING_OBSIDIAN,0,
f_163723_,NON_MOSSY_REPLACEMENTS,0,
f_163748_,cannotReplace,0,
f_163749_,CODEC,0,
f_163784_,PROTECTED_BLOCKS,0,
f_163789_,PALETTE_TAG,0,
f_163790_,PALETTE_LIST_TAG,0,
f_163791_,ENTITIES_TAG,0,
f_163792_,BLOCKS_TAG,0,
f_163793_,BLOCK_TAG_POS,0,
f_163794_,BLOCK_TAG_STATE,0,
f_163795_,BLOCK_TAG_NBT,0,
f_163796_,ENTITY_TAG_POS,0,
f_163797_,ENTITY_TAG_BLOCKPOS,0,
f_163798_,ENTITY_TAG_NBT,0,
f_163799_,SIZE_TAG,0,
f_163879_,item,0,
f_164288_,minLimitNoise,0,
f_164289_,maxLimitNoise,0,
f_164290_,mainNoise,0,
f_164305_,SHIFT_UP_EPSILON,0,
f_164344_,INPUT_FACTOR,0,
f_164345_,TARGET_DEVIATION,0,
f_164358_,ROUND_OFF,0,
f_164421_,CACHE_SIZE,0,
f_164422_,NO_COMPUTED_LEVEL,0,
f_164444_,LIGHT_SECTION_PADDING,0,
f_164445_,levelHeightAccessor,0,
f_164460_,map,0,
f_164471_,X_BITS,0,
f_164472_,Z_BITS,0,
f_164473_,Y_BITS,0,
f_164474_,Y_OFFSET,0,
f_164475_,Z_OFFSET,0,
f_164476_,X_OFFSET,0,
f_164477_,OUTER_MASK,0,
f_164478_,lastPos,0,
f_164479_,lastOuterKey,0,
f_164480_,minSize,0,
f_164507_,CACHE_SIZE,0,
f_164510_,AMOUNT_MAX,0,
f_164511_,AMOUNT_FULL,0,
f_164528_,MIN_LEVEL_CUTOFF,0,
f_16461_,name,0,
f_16462_,entityName,0,
f_16463_,type,0,
f_164655_,prefersShallowSwimming,0,
f_164656_,oldWalkableCost,0,
f_164657_,oldWaterBorderCost,0,
f_164687_,pathTypeByPosCache,0,
f_164714_,FUDGING,0,
f_164715_,DEBUG,0,
f_164724_,SPACE_BETWEEN_WALL_POSTS,0,
f_164734_,TICKET_RADIUS,0,
f_164735_,SEARCH_RADIUS,0,
f_164736_,CREATE_RADIUS,0,
f_164737_,FRAME_HEIGHT,0,
f_164738_,FRAME_WIDTH,0,
f_164739_,FRAME_BOX,0,
f_164740_,FRAME_HEIGHT_START,0,
f_164741_,FRAME_HEIGHT_END,0,
f_164742_,FRAME_WIDTH_START,0,
f_164743_,FRAME_WIDTH_END,0,
f_164744_,FRAME_BOX_START,0,
f_164745_,FRAME_BOX_END,0,
f_164746_,NOTHING_FOUND,0,
f_164750_,MAX_WIDTH,0,
f_164751_,MAX_HEIGHT,0,
f_164752_,MIN_WIDTH,0,
f_164753_,MIN_HEIGHT,0,
f_164754_,SIGNAL_MIN,0,
f_164755_,SIGNAL_MAX,0,
f_164756_,SIGNAL_NONE,0,
f_164761_,FILE_NAME,0,
f_164764_,MAX_SCALE,0,
f_164765_,MAP_SIZE,0,
f_164766_,HALF_MAP_SIZE,0,
f_164813_,dirtyDecorations,0,
f_164821_,startX,0,
f_164822_,startY,0,
f_164823_,width,0,
f_164824_,height,0,
f_164825_,mapColors,0,
f_164834_,ID_PREFIX,0,
f_164847_,TAG_CONTENTS,0,
f_164920_,shouldBackup,0,
f_164921_,severe,0,
f_164922_,translationKey,0,
f_164940_,WORLD_GEN_SETTINGS,0,
f_164978_,ANVIL_VERSION_ID,0,
f_164979_,MCREGION_VERSION_ID,0,
f_165001_,min,0,
f_165002_,max,0,
f_165003_,limiter,0,
f_165004_,predicate,0,
f_165139_,entries,0,
f_165150_,DEFAULT_WEIGHT,0,
f_165151_,DEFAULT_QUALITY,0,
f_165154_,entries,0,
f_165202_,DEFAULT_ZOOM,0,
f_165203_,DEFAULT_SEARCH_RADIUS,0,
f_165204_,DEFAULT_SKIP_EXISTING,0,
f_165221_,SET_ENCHANTMENTS,0,
f_165222_,SET_BANNER_PATTERN,0,
f_165224_,NO_LIMIT,0,
f_165242_,modifiers,0,
f_165256_,name,0,
f_165257_,attribute,0,
f_165258_,operation,0,
f_165259_,amount,0,
f_165260_,id,0,
f_165261_,slots,0,
f_165272_,patterns,0,
f_165273_,append,0,
f_165284_,patterns,0,
f_165285_,append,0,
f_165334_,enchantments,0,
f_165335_,add,0,
f_165368_,enchantments,0,
f_165369_,add,0,
f_165407_,add,0,
f_165425_,add,0,
f_165445_,resolutionContext,0,
f_165446_,lore,0,
f_165496_,scores,0,
f_165497_,entityTarget,0,
f_165504_,VALUE_CHECK,0,
f_165512_,period,0,
f_165513_,value,0,
f_165520_,provider,0,
f_165521_,range,0,
f_165553_,isRaining,0,
f_165554_,isThundering,0,
f_16555_,parent,0,
f_165562_,BLOCK_ENTITY,0,
f_165563_,BLOCK_ENTITY_ID,0,
f_165564_,BLOCK_ENTITY_PROVIDER,0,
f_165565_,getter,0,
f_16556_,previousSibling,0,
f_16557_,childIndex,0,
f_165584_,val$target,0,
f_16558_,children,0,
f_16559_,ancestor,0,
f_16560_,thread,0,
f_16561_,x,0,
f_165623_,STORAGE,0,
f_165624_,CONTEXT,0,
f_16562_,y,0,
f_165631_,id,0,
f_16563_,mod,0,
f_16564_,change,0,
f_165653_,n,0,
f_165654_,p,0,
f_16565_,shift,0,
f_165682_,LEVEL_ALL,0,
f_165683_,LEVEL_MODERATORS,0,
f_165684_,LEVEL_GAMEMASTERS,0,
f_165685_,LEVEL_ADMINS,0,
f_165686_,LEVEL_OWNERS,0,
f_165688_,value,0,
f_165731_,CONSTANT,0,
f_165732_,UNIFORM,0,
f_165733_,BINOMIAL,0,
f_165734_,SCORE,0,
f_165741_,target,0,
f_165742_,score,0,
f_165743_,scale,0,
f_165774_,min,0,
f_165775_,max,0,
f_165803_,target,0,
f_165840_,name,0,
f_165868_,FIXED,0,
f_165869_,CONTEXT,0,
f_165876_,CALLBACK_DATA_TAG,0,
f_165877_,TIMER_NAME_TAG,0,
f_165878_,TIMER_TRIGGER_TIME_TAG,0,
f_165879_,EPSILON,0,
f_165991_,firstDiv,0,
f_165992_,secondDiv,0,
f_166002_,entity,0,
f_166021_,EMPTY,0,
f_166022_,resultLength,0,
f_166025_,EPSILON,0,
f_166026_,BIG_EPSILON,0,
f_166084_,BIT_FRIENDLY_FIRE,0,
f_166085_,BIT_SEE_INVISIBLES,0,
f_166099_,FILE_ID,0,
f_166107_,CUSTOM_CRITERIA,0,
f_166108_,CRITERIA_CACHE,0,
f_166124_,BUFFER_DURATION_SECONDS,0,
f_166125_,QUEUED_BUFFER_COUNT,0,
f_166128_,DEFAULT_CHANNEL_COUNT,0,
f_166132_,DEFAULT_WIDTH,0,
f_166133_,DEFAULT_HEIGHT,0,
f_166134_,DEFAULT_DIMENSIONS,0,
f_166156_,VALUES,0,
f_166168_,width,0,
f_166169_,height,0,
f_166180_,isRecording,0,
f_166181_,isProcessing,0,
f_166194_,RED_CHANNEL,0,
f_166195_,GREEN_CHANNEL,0,
f_166196_,BLUE_CHANNEL,0,
f_166197_,ALPHA_CHANNEL,0,
f_166217_,ERROR_INVALID_ANGLE,0,
f_166218_,FORMAT_UNAVAILABLE,0,
f_166220_,CIRCULAR_LOG_SIZE,0,
f_166221_,MESSAGE_BUFFER,0,
f_166222_,lastEntry,0,
f_166223_,debugEnabled,0,
f_166227_,id,0,
f_166228_,source,0,
f_166229_,type,0,
f_166230_,severity,0,
f_166231_,message,0,
f_166232_,count,0,
f_166253_,KEY_Q,0,
f_166254_,KEY_R,0,
f_166255_,KEY_S,0,
f_166256_,KEY_T,0,
f_166257_,KEY_U,0,
f_166258_,KEY_V,0,
f_166259_,KEY_W,0,
f_166260_,KEY_X,0,
f_166261_,KEY_Y,0,
f_166262_,KEY_Z,0,
f_166263_,KEY_F1,0,
f_166264_,KEY_F2,0,
f_166265_,KEY_F3,0,
f_166266_,KEY_F4,0,
f_166267_,KEY_F5,0,
f_166268_,KEY_F6,0,
f_166269_,KEY_F7,0,
f_166270_,KEY_F8,0,
f_166271_,KEY_F9,0,
f_166272_,KEY_F10,0,
f_166273_,KEY_F11,0,
f_166274_,KEY_F12,0,
f_166275_,KEY_F13,0,
f_166276_,KEY_F14,0,
f_166277_,KEY_F15,0,
f_166278_,KEY_F16,0,
f_166279_,KEY_0,0,
f_16627_,MAP,0,
f_166280_,KEY_UP,0,
f_166281_,KEY_ADD,0,
f_166282_,KEY_APOSTROPHE,0,
f_166283_,KEY_BACKSLASH,0,
f_166284_,KEY_COMMA,0,
f_166285_,KEY_EQUALS,0,
f_166286_,KEY_GRAVE,0,
f_166287_,KEY_LBRACKET,0,
f_166288_,KEY_MINUS,0,
f_166289_,KEY_MULTIPLY,0,
f_166290_,KEY_PERIOD,0,
f_166291_,KEY_RBRACKET,0,
f_166292_,KEY_SEMICOLON,0,
f_166293_,KEY_SLASH,0,
f_166294_,KEY_SPACE,0,
f_166295_,KEY_TAB,0,
f_166296_,KEY_LALT,0,
f_166297_,KEY_LCONTROL,0,
f_166298_,KEY_LSHIFT,0,
f_166299_,KEY_LWIN,0,
f_166300_,KEY_RALT,0,
f_166301_,KEY_RCONTROL,0,
f_166302_,KEY_RSHIFT,0,
f_166303_,KEY_RWIN,0,
f_166304_,KEY_RETURN,0,
f_166305_,KEY_ESCAPE,0,
f_166306_,KEY_F17,0,
f_166307_,KEY_F18,0,
f_166308_,KEY_F19,0,
f_166309_,KEY_F20,0,
f_166310_,KEY_F21,0,
f_166311_,KEY_F22,0,
f_166312_,KEY_F23,0,
f_166313_,KEY_F24,0,
f_166314_,KEY_F25,0,
f_166315_,KEY_NUMLOCK,0,
f_166316_,KEY_NUMPAD0,0,
f_166317_,KEY_NUMPAD1,0,
f_166318_,KEY_NUMPAD2,0,
f_166319_,KEY_NUMPAD3,0,
f_166320_,KEY_NUMPAD4,0,
f_166321_,KEY_NUMPAD5,0,
f_166322_,KEY_NUMPAD6,0,
f_166323_,KEY_NUMPAD7,0,
f_166324_,KEY_NUMPAD8,0,
f_166325_,KEY_NUMPAD9,0,
f_166326_,KEY_NUMPADCOMMA,0,
f_166327_,KEY_NUMPADENTER,0,
f_166328_,KEY_NUMPADEQUALS,0,
f_166329_,KEY_DOWN,0,
f_166330_,KEY_LEFT,0,
f_166331_,KEY_RIGHT,0,
f_166332_,KEY_1,0,
f_166333_,KEY_BACKSPACE,0,
f_166334_,KEY_DELETE,0,
f_166335_,KEY_END,0,
f_166336_,KEY_HOME,0,
f_166337_,KEY_INSERT,0,
f_166338_,KEY_PAGEDOWN,0,
f_166339_,KEY_PAGEUP,0,
f_166340_,KEY_CAPSLOCK,0,
f_166341_,KEY_PAUSE,0,
f_166342_,KEY_SCROLLLOCK,0,
f_166343_,KEY_PRINTSCREEN,0,
f_166344_,PRESS,0,
f_166345_,RELEASE,0,
f_166346_,REPEAT,0,
f_166347_,MOUSE_BUTTON_LEFT,0,
f_166348_,MOUSE_BUTTON_MIDDLE,0,
f_166349_,MOUSE_BUTTON_RIGHT,0,
f_166350_,MOD_CONTROL,0,
f_166351_,CURSOR,0,
f_166352_,CURSOR_DISABLED,0,
f_166353_,CURSOR_NORMAL,0,
f_166354_,GLFW_RAW_MOUSE_MOTION_SUPPORTED,0,
f_166355_,KEY_2,0,
f_166356_,KEY_3,0,
f_166357_,KEY_4,0,
f_166358_,KEY_5,0,
f_166359_,KEY_6,0,
f_166360_,KEY_7,0,
f_166361_,KEY_8,0,
f_166362_,KEY_9,0,
f_166363_,KEY_A,0,
f_166364_,KEY_B,0,
f_166365_,KEY_C,0,
f_166366_,KEY_D,0,
f_166367_,KEY_E,0,
f_166368_,KEY_F,0,
f_166369_,KEY_G,0,
f_166370_,KEY_H,0,
f_166371_,KEY_I,0,
f_166372_,KEY_J,0,
f_166373_,KEY_K,0,
f_166374_,KEY_L,0,
f_166375_,KEY_M,0,
f_166376_,KEY_N,0,
f_166377_,KEY_O,0,
f_166378_,KEY_P,0,
f_166381_,INVENTORY_DIFFUSE_LIGHT_0,0,
f_166382_,INVENTORY_DIFFUSE_LIGHT_1,0,
f_166454_,C_COMMENT,0,
f_166455_,LINE_COMMENT,0,
f_166456_,REGEX_MOJ_IMPORT,0,
f_166457_,REGEX_VERSION,0,
f_166458_,REGEX_ENDS_WITH_WHITESPACE,0,
f_166482_,glslVersion,0,
f_166483_,sourceId,0,
f_166578_,PREPROCESSOR,0,
f_166579_,references,0,
f_166598_,MAX_LOG_LENGTH,0,
f_166625_,UT_INT1,0,
f_166626_,UT_INT2,0,
f_166627_,UT_INT3,0,
f_166628_,UT_INT4,0,
f_166629_,UT_FLOAT1,0,
f_166630_,UT_FLOAT2,0,
f_166631_,UT_FLOAT3,0,
f_166632_,UT_FLOAT4,0,
f_166633_,UT_MAT2,0,
f_166634_,UT_MAT3,0,
f_166635_,UT_MAT4,0,
f_166636_,TRANSPOSE_MATRICIES,0,
f_16666_,fixName,0,
f_16667_,fieldFrom,0,
f_16668_,fieldTo,0,
f_166762_,indexOnly,0,
f_166766_,sortingPoints,0,
f_166795_,$SwitchMap$com$mojang$blaze3d$vertex$VertexFormat$IndexType,0,
f_166797_,indexCount,0,
f_166798_,indexType,0,
f_166799_,indexOnly,0,
f_166800_,sequentialIndex,0,
f_166817_,mode,0,
f_166818_,vertices,0,
f_166819_,sortingPoints,0,
f_166849_,ELEMENT_UV,0,
f_166850_,BLIT_SCREEN,0,
f_166851_,POSITION_COLOR_NORMAL,0,
f_166860_,indexBufferId,0,
f_166861_,indexType,0,
f_166862_,arrayObjectId,0,
f_166863_,indexCount,0,
f_166864_,mode,0,
f_166865_,sequentialIndices,0,
f_166905_,elementMapping,0,
f_166923_,asGLType,0,
f_166924_,bytes,0,
f_166946_,asGLMode,0,
f_166947_,primitiveLength,0,
f_166948_,primitiveStride,0,
f_167071_,delegates,0,
f_167175_,UNITIALIZED_WORLD_NARRATION,0,
f_167228_,SKIN_HEAD_LARGE_WIDTH,0,
f_16722_,RECIPES,0,
f_167231_,BASE_UNIT,0,
f_167233_,MAX_RETRIES,0,
f_167234_,UPLOAD_PATH,0,
f_167237_,PATH_PENDING_INVITES_COUNT,0,
f_167238_,PATH_PENDING_INVITES,0,
f_167239_,PATH_ACCEPT_INVITE,0,
f_167240_,PATH_REJECT_INVITE,0,
f_167241_,PATH_UNINVITE_MYSELF,0,
f_167242_,PATH_WORLD_UPDATE,0,
f_167243_,PATH_SLOT,0,
f_167244_,PATH_WORLD_OPEN,0,
f_167245_,PATH_WORLD_CLOSE,0,
f_167246_,PATH_WORLD_RESET,0,
f_167247_,PATH_DELETE_WORLD,0,
f_167248_,PATH_WORLD_BACKUPS,0,
f_167249_,PATH_WORLD_DOWNLOAD,0,
f_167250_,PATH_WORLD_UPLOAD,0,
f_167251_,PATH_CLIENT_COMPATIBLE,0,
f_167252_,PATH_TOS_AGREED,0,
f_167253_,PATH_NEWS,0,
f_167255_,WORLDS_RESOURCE_PATH,0,
f_167256_,INVITES_RESOURCE_PATH,0,
f_167257_,MCO_RESOURCE_PATH,0,
f_167258_,SUBSCRIPTION_RESOURCE,0,
f_167259_,ACTIVITIES_RESOURCE,0,
f_167260_,OPS_RESOURCE,0,
f_167261_,REGIONS_RESOURCE,0,
f_167262_,TRIALS_RESOURCE,0,
f_167263_,PATH_INITIALIZE,0,
f_167264_,PATH_GET_ACTIVTIES,0,
f_167265_,PATH_GET_LIVESTATS,0,
f_167266_,PATH_GET_SUBSCRIPTION,0,
f_167267_,PATH_OP,0,
f_167268_,PATH_PUT_INTO_MINIGAMES_MODE,0,
f_167269_,PATH_AVAILABLE,0,
f_167270_,PATH_TEMPLATES,0,
f_167271_,PATH_WORLD_JOIN,0,
f_167272_,PATH_WORLD_GET,0,
f_167273_,PATH_WORLD_INVITES,0,
f_167274_,PATH_WORLD_UNINVITE,0,
f_167283_,DEFAULT_READ_TIMEOUT,0,
f_167284_,DEFAULT_CONNECT_TIMEOUT,0,
f_167290_,DEFAULT_FORCE_GAME_MODE,0,
f_167291_,DEFAULT_PVP,0,
f_167292_,DEFAULT_SPAWN_ANIMALS,0,
f_167293_,DEFAULT_SPAWN_MONSTERS,0,
f_167294_,DEFAULT_SPAWN_NPCS,0,
f_167295_,DEFAULT_SPAWN_PROTECTION,0,
f_167296_,DEFAULT_COMMAND_BLOCKS,0,
f_167297_,DEFAULT_DIFFICULTY,0,
f_167298_,DEFAULT_GAME_MODE,0,
f_167299_,DEFAULT_SLOT_NAME,0,
f_167300_,DEFAULT_TEMPLATE_ID,0,
f_167312_,profileUuid,0,
f_167313_,joinTime,0,
f_167314_,leaveTime,0,
f_167318_,periodInMillis,0,
f_167319_,serverActivities,0,
f_167324_,DEFAULT_SCHEMA,0,
f_167325_,DEFAULT_PORT,0,
f_167328_,DEFAULT_DELAY,0,
f_167352_,UNKNOWN,0,
f_167355_,UPLOADED_KEY,0,
f_167363_,DEFAULT_BUTTON_WIDTH,0,
f_167372_,WORLD_LIST_TITLE,0,
f_167373_,DEFAULT_BUTTON_WIDTH,0,
f_167374_,DEFAULT_BUTTON_OFFSET,0,
f_167375_,slotButtonList,0,
f_167414_,REPEATED_NARRATOR,0,
f_16741_,RECIPES,0,
f_167427_,TEXT_LEFT,0,
f_167435_,levelType,0,
f_167436_,callback,0,
f_167479_,callback,0,
f_167508_,COMPONENT_WIDTH,0,
f_167511_,DEFAULT_DIFFICULTY,0,
f_167512_,DEFAULT_GAME_MODE,0,
f_167513_,SPAWN_PROTECTION_TEXT,0,
f_167598_,index,0,
f_167599_,name,0,
f_167613_,FILE_NAME,0,
f_167619_,MINUTES,0,
f_167620_,HOURS,0,
f_167621_,DAYS,0,
f_167627_,seed,0,
f_167628_,levelType,0,
f_167629_,generateStructures,0,
f_167654_,NUMBER_OF_RETRIES,0,
f_167657_,generationInfo,0,
f_167666_,template,0,
f_167683_,FOG_DISTANCE_SCALE,0,
f_167687_,forward,0,
f_167688_,left,0,
f_167689_,up,0,
f_16771_,LEVEL,0,
f_16772_,PLAYER,0,
f_16773_,CHUNK,0,
f_16774_,HOTBAR,0,
f_16775_,OPTIONS,0,
f_16776_,STRUCTURE,0,
f_16777_,STATS,0,
f_16779_,ADVANCEMENTS,0,
f_167804_,NUM_HOTBAR_GROUPS,0,
f_167805_,CATEGORY_MOVEMENT,0,
f_167806_,CATEGORY_MISC,0,
f_167807_,CATEGORY_MULTIPLAYER,0,
f_167808_,CATEGORY_GAMEPLAY,0,
f_167809_,CATEGORY_INVENTORY,0,
f_16780_,POI_CHUNK,0,
f_167810_,CATEGORY_INTERFACE,0,
f_167811_,CATEGORY_CREATIVE,0,
f_167812_,DEBUG_CRASH_TIME,0,
f_16781_,BLOCK_ENTITY,0,
f_16782_,ITEM_STACK,0,
f_16783_,BLOCK_STATE,0,
f_167842_,wireframe,0,
f_167843_,MAX_TICKS_PER_UPDATE,0,
f_167844_,entityModels,0,
f_167845_,blockEntityRenderDispatcher,0,
f_167846_,metricsRecorder,0,
f_167847_,reloadStateTracker,0,
f_167848_,UPDATE_DRIVERS_ADVICE,0,
f_16784_,ENTITY_NAME,0,
f_16785_,ENTITY_TREE,0,
f_16786_,ENTITY,0,
f_16787_,BLOCK_NAME,0,
f_16788_,ITEM_NAME,0,
f_16789_,UNTAGGED_SPAWNER,0,
f_16790_,STRUCTURE_FEATURE,0,
f_16791_,OBJECTIVE,0,
f_16792_,TEAM,0,
f_16793_,RECIPE,0,
f_16794_,BIOME,0,
f_16795_,WORLD_GEN_SETTINGS,0,
f_168027_,message,0,
f_168405_,hideBundleTutorial,0,
f_168406_,RENDER_DISTANCE_TINY,0,
f_168407_,RENDER_DISTANCE_SHORT,0,
f_168409_,RENDER_DISTANCE_NORMAL,0,
f_168410_,RENDER_DISTANCE_FAR,0,
f_168411_,RENDER_DISTANCE_REALLY_FAR,0,
f_168412_,RENDER_DISTANCE_EXTREME,0,
f_168413_,darkMojangStudiosBackground,0,
f_168453_,val$options,0,
f_168485_,val$writer,0,
f_16848_,RENAMED_IDS,0,
f_16850_,RENAMED_IDS,0,
f_168551_,LOGGER,0,
f_168552_,reloadState,0,
f_168553_,reloadCount,0,
f_168564_,error,0,
f_168573_,name,0,
f_168584_,reloadReason,0,
f_168585_,packs,0,
f_168586_,recoveryReloadInfo,0,
f_168587_,finished,0,
f_168594_,rowHeight,0,
f_168595_,outputStream,0,
f_168596_,bytes,0,
f_168597_,width,0,
f_168598_,height,0,
f_168599_,file,0,
f_168640_,DEFAULT,0,
f_168641_,MAX_CACHE_ENTRIES,0,
f_168642_,DEFAULT,0,
f_168643_,EFFECT_DEPTH,0,
f_168664_,scopeScale,0,
f_168665_,SPYGLASS_SCOPE_LOCATION,0,
f_168666_,POWDER_SNOW_OUTLINE_LOCATION,0,
f_168667_,COLOR_WHITE,0,
f_168668_,MIN_CROSSHAIR_ATTACK_SPEED,0,
f_168669_,NUM_HEARTS_PER_ROW,0,
f_168670_,LINE_HEIGHT,0,
f_168671_,SPACER,0,
f_168672_,PORTAL_OVERLAY_ALPHA_MIN,0,
f_168673_,HEART_SIZE,0,
f_168674_,HEART_SEPARATION,0,
f_168763_,WIDTH,0,
f_168764_,HEIGHT,0,
f_168789_,hovered,0,
f_168805_,BAR_WIDTH,0,
f_168806_,BAR_HEIGHT,0,
f_168808_,this$0,0,
f_168843_,MAX_CHAT_HISTORY,0,
f_168844_,TEXT_COLOR,0,
f_168853_,lastNarratable,0,
f_168856_,DEFAULT_ALT_LIST_SELECTOR,0,
f_168857_,BOOLEAN_OPTIONS,0,
f_168858_,name,0,
f_168859_,index,0,
f_168860_,value,0,
f_168861_,values,0,
f_168862_,valueStringifier,0,
f_168863_,narrationProvider,0,
f_168864_,onValueChange,0,
f_168865_,tooltipSupplier,0,
f_168866_,displayOnlyValue,0,
f_168920_,initialIndex,0,
f_168921_,initialValue,0,
f_168922_,valueStringifier,0,
f_168923_,tooltipSupplier,0,
f_168924_,narrationProvider,0,
f_168925_,values,0,
f_168926_,displayOnlyValue,0,
f_168974_,val$copy,0,
f_168979_,val$altSelector,0,
f_168980_,val$altCopy,0,
f_168981_,val$defaultCopy,0,
f_168988_,COLOR_GREY,0,
f_168989_,MARGIN_RIGHT,0,
f_168990_,MARGIN_LEFT,0,
f_168991_,MARGIN_TOP,0,
f_168999_,BACKWARDS,0,
f_169000_,FORWARDS,0,
f_169001_,DEFAULT_TEXT_COLOR,0,
f_169002_,CURSOR_INSERT_WIDTH,0,
f_169003_,CURSOR_INSERT_COLOR,0,
f_169004_,CURSOR_APPEND_CHARACTER,0,
f_169019_,LERP_MILLISECONDS,0,
f_169039_,USAGE_NARRATION,0,
f_169049_,MAX_ROWS_PER_COL,0,
f_169070_,DISPLAY_TIME,0,
f_169074_,FADE_OUT_DELAY,0,
f_169075_,FADE_OUT_TIME,0,
f_169076_,DISPLAY_TIME,0,
f_169078_,MAX_LINE_SIZE,0,
f_169082_,ANIMATION_TIME,0,
f_169083_,PROGRESS_BAR_WIDTH,0,
f_169084_,PROGRESS_BAR_HEIGHT,0,
f_169085_,PROGRESS_BAR_X,0,
f_169086_,PROGRESS_BAR_Y,0,
f_169089_,FONTS_PATH,0,
f_169092_,SIZE,0,
f_16909_,name,0,
f_169153_,EMPTY,0,
f_169154_,contents,0,
f_169155_,converter,0,
f_169181_,generation,0,
f_169182_,entries,0,
f_169197_,val$result,0,
f_169199_,firstEntry,0,
f_169207_,type,0,
f_169208_,depth,0,
f_169212_,contents,0,
f_169213_,generation,0,
f_169214_,alreadyNarrated,0,
f_169219_,this$0,0,
f_169220_,depth,0,
f_169233_,id,0,
f_169234_,MOUSE_SCROLL_SPEED,0,
f_169235_,USAGE_TEXT,0,
f_169239_,COPY_BUTTON_TEXT,0,
f_169240_,WARNING_TEXT,0,
f_169251_,exitButtons,0,
f_169260_,UNKNOWN_HOST_MESSAGE,0,
f_169261_,NARRATION_DELAY_MS,0,
f_169272_,val$hostAndPort,0,
f_169273_,val$minecraft,0,
f_169286_,SLOT_BG_SIZE,0,
f_169287_,SLOT_STAT_HEIGHT,0,
f_169288_,SLOT_BG_X,0,
f_169289_,SLOT_BG_Y,0,
f_169290_,SLOT_FG_X,0,
f_169291_,SLOT_FG_Y,0,
f_169295_,exitButtons,0,
f_169309_,NARRATION_DELAY_MS,0,
f_169310_,done,0,
f_169314_,FADE_OUT_TIME,0,
f_169315_,FADE_IN_TIME,0,
f_169316_,LOGO_BACKGROUND_COLOR,0,
f_169317_,LOGO_BACKGROUND_COLOR_DARK,0,
f_169318_,LOGO_SCALE,0,
f_169319_,LOGO_QUARTER_FLOAT,0,
f_169320_,LOGO_QUARTER,0,
f_169321_,LOGO_HALF,0,
f_169322_,LOGO_OVERLAP,0,
f_169323_,SMOOTHING,0,
f_16932_,SKIP,0,
f_16933_,CUSTOM_MAP,0,
f_169347_,SLOT_BG_SIZE,0,
f_169348_,SLOT_STAT_HEIGHT,0,
f_169349_,SLOT_BG_X,0,
f_16934_,ITEM_KEYS,0,
f_169350_,SLOT_BG_Y,0,
f_169351_,SLOT_FG_X,0,
f_169352_,SLOT_FG_Y,0,
f_169353_,DEFAULT_BIOME,0,
f_169357_,preset,0,
f_16935_,ENTITY_KEYS,0,
f_169362_,clearScreenAfterStop,0,
f_169365_,lastNarratable,0,
f_169367_,USAGE_NARRATION,0,
f_169368_,narratables,0,
f_169369_,renderables,0,
f_16936_,ENTITIES,0,
f_169370_,NARRATE_SUPPRESS_AFTER_INIT_TIME,0,
f_169371_,NARRATE_DELAY_NARRATOR_ENABLED,0,
f_169372_,NARRATE_DELAY_MOUSE_MOVE,0,
f_169373_,NARRATE_DELAY_MOUSE_ACTION,0,
f_169374_,NARRATE_DELAY_KEYBOARD_ACTION,0,
f_169375_,narrationState,0,
f_169376_,narrationSuppressTime,0,
f_169377_,nextNarrationTime,0,
f_169420_,entry,0,
f_169421_,index,0,
f_169422_,priority,0,
f_169427_,gameMode,0,
f_169438_,COPYRIGHT_TEXT,0,
f_169439_,DEMO_LEVEL_ID,0,
f_169462_,unmodifiedScrollSpeed,0,
f_169463_,SECTION_HEADING,0,
f_169464_,NAME_PREFIX,0,
f_169466_,SPEEDUP_FACTOR,0,
f_169467_,scroll,0,
f_169514_,item,0,
f_169520_,this$1,0,
f_169530_,INDEX_MATCH_START,0,
f_169531_,INDEX_MATCH_END,0,
f_169532_,KEY_MATCH_START,0,
f_169533_,KEY_MATCH_END,0,
f_169534_,QUOTED_KEY_START,0,
f_169542_,HEIGHT,0,
f_169543_,BOX_X,0,
f_169544_,BOX_WIDTH,0,
f_169545_,FRAME_WIDTH,0,
f_169546_,ICON_X,0,
f_169547_,ICON_Y,0,
f_169548_,ICON_WIDTH,0,
f_169549_,TITLE_PADDING_LEFT,0,
f_169550_,TITLE_PADDING_RIGHT,0,
f_169551_,TITLE_X,0,
f_169552_,TITLE_Y,0,
f_169553_,TITLE_MAX_WIDTH,0,
f_169556_,WINDOW_WIDTH,0,
f_169557_,WINDOW_HEIGHT,0,
f_169558_,WINDOW_INSIDE_WIDTH,0,
f_169559_,WINDOW_INSIDE_HEIGHT,0,
f_169560_,BACKGROUND_TILE_WIDTH,0,
f_169561_,BACKGROUND_TILE_HEIGHT,0,
f_169562_,BACKGROUND_TILE_COUNT_X,0,
f_169563_,BACKGROUND_TILE_COUNT_Y,0,
f_169564_,WINDOW_INSIDE_X,0,
f_169565_,WINDOW_INSIDE_Y,0,
f_169566_,WINDOW_TITLE_X,0,
f_169567_,WINDOW_TITLE_Y,0,
f_169582_,SPRITE_SHEET_WIDTH,0,
f_169583_,SPRITE_SHEET_HEIGHT,0,
f_169584_,SLOT_AREA,0,
f_169585_,SLOT_PADDING,0,
f_169586_,SLOT_AREA_PADDED,0,
f_169587_,HELP_TIPS_OFFSET_Y,0,
f_169590_,ICON_TOP_LEFT,0,
f_169591_,ICON_AREA,0,
f_169600_,QUICKDROP_DELAY,0,
f_169602_,HOVER_ITEM_BLIT_OFFSET,0,
f_169603_,SLOT_ITEM_BLIT_OFFSET,0,
f_169604_,playerInventoryTitle,0,
f_169605_,SNAPBACK_SPEED,0,
f_169611_,player,0,
f_169612_,beaconButtons,0,
f_169639_,tier,0,
f_169672_,this$0,0,
f_169682_,TEXT_WIDTH,0,
f_169683_,TEXT_HEIGHT,0,
f_169685_,IMAGE_WIDTH,0,
f_169686_,IMAGE_HEIGHT,0,
f_169687_,PAGE_INDICATOR_TEXT_Y_OFFSET,0,
f_169688_,PAGE_TEXT_X_OFFSET,0,
f_169689_,PAGE_TEXT_Y_OFFSET,0,
f_169690_,TEXT_WIDTH,0,
f_169691_,TEXT_HEIGHT,0,
f_169692_,IMAGE_WIDTH,0,
f_169693_,IMAGE_HEIGHT,0,
f_169735_,GUI_CREATIVE_TAB_PREFIX,0,
f_169737_,NUM_ROWS,0,
f_169738_,NUM_COLS,0,
f_169739_,TAB_WIDTH,0,
f_169740_,TAB_HEIGHT,0,
f_169741_,SCROLLER_WIDTH,0,
f_169742_,SCROLLER_HEIGHT,0,
f_169743_,TEXT_COLOR,0,
f_169749_,inventoryMenu,0,
f_169756_,bookModel,0,
f_169763_,generateButton,0,
f_169776_,PATTERN_COLUMNS,0,
f_169777_,PATTERN_ROWS,0,
f_169778_,SCROLLER_WIDTH,0,
f_169779_,SCROLLER_HEIGHT,0,
f_169780_,PATTERN_IMAGE_SIZE,0,
f_169781_,SCROLLER_FULL_HEIGHT,0,
f_169782_,PATTERNS_X,0,
f_169783_,PATTERNS_Y,0,
f_169785_,TEXTURE_WIDTH,0,
f_169786_,TEXTURE_HEIGHT,0,
f_169787_,MERCHANT_MENU_PART_X,0,
f_169788_,PROGRESS_BAR_X,0,
f_169789_,PROGRESS_BAR_Y,0,
f_169790_,SELL_ITEM_1_X,0,
f_169791_,SELL_ITEM_2_X,0,
f_169792_,BUY_ITEM_X,0,
f_169793_,LABEL_Y,0,
f_169794_,NUMBER_OF_OFFER_BUTTONS,0,
f_169795_,TRADE_BUTTON_X,0,
f_169796_,TRADE_BUTTON_HEIGHT,0,
f_169797_,TRADE_BUTTON_WIDTH,0,
f_169798_,SCROLLER_HEIGHT,0,
f_169799_,SCROLLER_WIDTH,0,
f_169800_,SCROLL_BAR_HEIGHT,0,
f_169801_,SCROLL_BAR_TOP_POS_Y,0,
f_169802_,SCROLL_BAR_START_X,0,
f_169826_,SCROLLER_WIDTH,0,
f_169827_,SCROLLER_HEIGHT,0,
f_169828_,RECIPES_COLUMNS,0,
f_169829_,RECIPES_ROWS,0,
f_169830_,RECIPES_IMAGE_SIZE_WIDTH,0,
f_169831_,RECIPES_IMAGE_SIZE_HEIGHT,0,
f_169832_,SCROLLER_FULL_HEIGHT,0,
f_169833_,RECIPES_X,0,
f_169834_,RECIPES_Y,0,
f_169835_,includeEntitiesButton,0,
f_169836_,ALL_MODES,0,
f_169837_,DEFAULT_MODES,0,
f_169864_,MARGIN_Y,0,
f_169865_,BORDER_WIDTH,0,
f_169867_,SLOT_SIZE_X,0,
f_169868_,SLOT_SIZE_Y,0,
f_169921_,w,0,
f_169922_,h,0,
f_169936_,text,0,
f_169981_,ICON_WIDTH,0,
f_169983_,ICON_WIDTH,0,
f_169984_,ICON_HEIGHT,0,
f_169993_,LIST_WIDTH,0,
f_169994_,RELOAD_COOLDOWN,0,
f_170032_,MAX_DESCRIPTION_WIDTH_PIXELS,0,
f_170033_,MAX_NAME_WIDTH_PIXELS,0,
f_170034_,TOO_LONG_NAME_SUFFIX,0,
f_170036_,MAX_ROW,0,
f_170037_,MAX_ROW_LARGE,0,
f_170038_,ITEM_RENDER_SCALE,0,
f_170041_,visible,0,
f_170042_,IMAGE_WIDTH,0,
f_170043_,IMAGE_HEIGHT,0,
f_170044_,OFFSET_X_POSITION,0,
f_170052_,ITEMS_PER_PAGE,0,
f_170055_,ANIMATION_TIME,0,
f_170056_,TICKS_TO_SWAP,0,
f_170057_,ANIMATION_TIME,0,
f_170058_,BACKGROUND_SIZE,0,
f_170061_,PADDING,0,
f_170062_,CHAT_TOGGLE_ICON_SIZE,0,
f_170065_,TOOLTIP_DELAY,0,
f_170069_,SKIN_SIZE,0,
f_170096_,this$0,0,
f_170131_,BG_WIDTH,0,
f_170132_,SEARCH_HEIGHT,0,
f_170133_,MARGIN_Y,0,
f_170134_,IMAGE_WIDTH,0,
f_170135_,BUTTON_HEIGHT,0,
f_170136_,ITEM_HEIGHT,0,
f_170137_,LIST_START,0,
f_170138_,SEARCH_START,0,
f_170140_,BG_BORDER_SIZE,0,
f_170147_,TEMP_WORLD_PREFIX,0,
f_17015_,LOGGER,0,
f_170221_,this$1,0,
f_170237_,LOGGER,0,
f_170312_,ICON_WIDTH,0,
f_170313_,ICON_HEIGHT,0,
f_170328_,MAX_PER_PAGE,0,
f_170329_,NO_SELECTION,0,
f_170338_,babyYHeadOffset,0,
f_170339_,babyZHeadOffset,0,
f_170349_,RIGHT_BODY_STICK,0,
f_170350_,LEFT_BODY_STICK,0,
f_170351_,SHOULDER_STICK,0,
f_170352_,BASE_PLATE,0,
f_170353_,rightBodyStick,0,
f_170354_,leftBodyStick,0,
f_170358_,SWIMMING_LEG_XROT,0,
f_170359_,tail,0,
f_170360_,leftHindLeg,0,
f_170361_,rightHindLeg,0,
f_170362_,leftFrontLeg,0,
f_170363_,rightFrontLeg,0,
f_170364_,body,0,
f_170365_,head,0,
f_170366_,topGills,0,
f_170367_,leftGills,0,
f_170368_,rightGills,0,
f_170425_,root,0,
f_170430_,BEE_Y_BASE,0,
f_170431_,BONE,0,
f_170432_,STINGER,0,
f_170433_,LEFT_ANTENNA,0,
f_170434_,RIGHT_ANTENNA,0,
f_170435_,FRONT_LEGS,0,
f_170436_,MIDDLE_LEGS,0,
f_170437_,BACK_LEGS,0,
f_170441_,root,0,
f_170451_,LEFT_PADDLE,0,
f_170452_,RIGHT_PADDLE,0,
f_170453_,WATER_PATCH,0,
f_170454_,BOTTOM,0,
f_170455_,BACK,0,
f_170456_,FRONT,0,
f_170457_,RIGHT,0,
f_170458_,LEFT,0,
f_170459_,leftPaddle,0,
f_170460_,rightPaddle,0,
f_170469_,LEFT_PAGES,0,
f_170470_,RIGHT_PAGES,0,
f_170471_,FLIP_PAGE_1,0,
f_170472_,FLIP_PAGE_2,0,
f_170473_,root,0,
f_170479_,leftChest,0,
f_170480_,rightChest,0,
f_170484_,RED_THING,0,
f_170485_,rightLeg,0,
f_170486_,leftLeg,0,
f_170487_,rightWing,0,
f_170488_,leftWing,0,
f_17048_,chestIds,0,
f_170492_,root,0,
f_170497_,r,0,
f_170498_,g,0,
f_170499_,b,0,
f_170517_,root,0,
f_170518_,rightHindLeg,0,
f_170519_,leftHindLeg,0,
f_170520_,rightFrontLeg,0,
f_170521_,leftFrontLeg,0,
f_170522_,Y_OFFSET,0,
f_170528_,root,0,
f_170543_,root,0,
f_170550_,BASE,0,
f_170551_,UPPER_JAW,0,
f_170552_,LOWER_JAW,0,
f_170553_,root,0,
f_170558_,rightHindLeg,0,
f_170559_,leftHindLeg,0,
f_170560_,rightFrontLeg,0,
f_170561_,leftFrontLeg,0,
f_170562_,LEG_SIZE,0,
f_170563_,HEAD_HEIGHT,0,
f_170564_,LEG_POS,0,
f_170568_,root,0,
f_170594_,EYE,0,
f_170595_,TAIL_0,0,
f_170596_,TAIL_1,0,
f_170597_,TAIL_2,0,
f_170598_,root,0,
f_170633_,DEFAULT_HEAD_X_ROT,0,
f_170634_,ATTACK_HEAD_X_ROT_END,0,
f_170635_,rightFrontLeg,0,
f_170636_,leftFrontLeg,0,
f_170637_,rightHindLeg,0,
f_170638_,leftHindLeg,0,
f_170642_,leftFrontLeg,0,
f_170643_,rightHindBabyLeg,0,
f_170644_,leftHindBabyLeg,0,
f_170645_,rightFrontBabyLeg,0,
f_170646_,leftFrontBabyLeg,0,
f_170647_,HEAD_PARTS,0,
f_170648_,DEG_125,0,
f_170649_,DEG_60,0,
f_170650_,DEG_45,0,
f_170651_,DEG_30,0,
f_170652_,DEG_15,0,
f_170653_,LEFT_HIND_BABY_LEG,0,
f_170654_,RIGHT_HIND_BABY_LEG,0,
f_170655_,LEFT_FRONT_BABY_LEG,0,
f_170656_,RIGHT_FRONT_BABY_LEG,0,
f_170657_,SADDLE,0,
f_170658_,LEFT_SADDLE_MOUTH,0,
f_170659_,LEFT_SADDLE_LINE,0,
f_170660_,RIGHT_SADDLE_MOUTH,0,
f_170661_,RIGHT_SADDLE_LINE,0,
f_170662_,HEAD_SADDLE,0,
f_170663_,MOUTH_SADDLE_WRAP,0,
f_170664_,rightHindLeg,0,
f_170665_,leftHindLeg,0,
f_170666_,rightFrontLeg,0,
f_170671_,SPYGLASS_ARM_ROT_Y,0,
f_170672_,SPYGLASS_ARM_ROT_X,0,
f_170673_,OVERLAY_SCALE,0,
f_170674_,HAT_OVERLAY_SCALE,0,
f_170675_,SPYGLASS_ARM_CROUCH_ROT_X,0,
f_170686_,root,0,
f_170691_,root,0,
f_170692_,rightArm,0,
f_170693_,leftArm,0,
f_170694_,rightLeg,0,
f_170695_,leftLeg,0,
f_170700_,SEGMENT_COUNT,0,
f_170701_,root,0,
f_170711_,KNOT,0,
f_170712_,root,0,
f_170717_,rightHindLeg,0,
f_170718_,leftHindLeg,0,
f_170719_,rightFrontLeg,0,
f_170720_,leftFrontLeg,0,
f_170721_,rightChest,0,
f_170722_,leftChest,0,
f_170727_,MAIN,0,
f_170728_,root,0,
f_170733_,root,0,
f_170741_,BODY_WALK_Z,0,
f_170742_,TAIL_1_WALK_Y,0,
f_170743_,TAIL_1_WALK_Z,0,
f_170744_,TAIL_2_WALK_Y,0,
f_170745_,TAIL_2_WALK_Z,0,
f_170746_,FRONT_LEG_Z,0,
f_170747_,TAIL_1,0,
f_170748_,TAIL_2,0,
f_170749_,SITTING_STATE,0,
f_17074_,LEVEL_XP_THRESHOLDS,0,
f_170750_,BACK_LEG_Y,0,
f_170751_,BACK_LEG_Z,0,
f_170752_,FRONT_LEG_Y,0,
f_170753_,leftHindLeg,0,
f_170754_,rightHindLeg,0,
f_170755_,leftFrontLeg,0,
f_170756_,rightFrontLeg,0,
f_170757_,CROUCH_STATE,0,
f_170758_,WALK_STATE,0,
f_170759_,SPRINT_STATE,0,
f_170760_,XO,0,
f_170761_,YO,0,
f_170762_,ZO,0,
f_170763_,HEAD_WALK_Y,0,
f_170764_,HEAD_WALK_Z,0,
f_170765_,BODY_WALK_Y,0,
f_170773_,FEATHER,0,
f_170774_,root,0,
f_170775_,leftWing,0,
f_170776_,rightWing,0,
f_170777_,leftLeg,0,
f_170778_,rightLeg,0,
f_170784_,TAIL_BASE,0,
f_170785_,TAIL_TIP,0,
f_170786_,root,0,
f_170807_,rightEar,0,
f_170808_,leftEar,0,
f_170813_,LEFT_PANTS,0,
f_170814_,RIGHT_PANTS,0,
f_170815_,parts,0,
f_170816_,EAR,0,
f_170817_,CLOAK,0,
f_170818_,LEFT_SLEEVE,0,
f_170819_,RIGHT_SLEEVE,0,
f_170831_,root,0,
f_170832_,leftBlueFin,0,
f_170833_,rightBlueFin,0,
f_170838_,root,0,
f_170839_,leftBlueFin,0,
f_170840_,rightBlueFin,0,
f_170845_,root,0,
f_170846_,leftFin,0,
f_170847_,rightFin,0,
f_170852_,rightHindLeg,0,
f_170853_,leftHindLeg,0,
f_170854_,rightFrontLeg,0,
f_170855_,leftFrontLeg,0,
f_170867_,REAR_JUMP_ANGLE,0,
f_170868_,FRONT_JUMP_ANGLE,0,
f_170869_,LEFT_HAUNCH,0,
f_170870_,RIGHT_HAUNCH,0,
f_170871_,leftRearFoot,0,
f_170872_,rightRearFoot,0,
f_170873_,leftHaunch,0,
f_170874_,rightHaunch,0,
f_170875_,leftFrontLeg,0,
f_170876_,rightFrontLeg,0,
f_170877_,rightEar,0,
f_170878_,leftEar,0,
f_170879_,NEW_SCALE,0,
f_170883_,root,0,
f_170884_,rightHindLeg,0,
f_170885_,leftHindLeg,0,
f_170886_,rightFrontLeg,0,
f_170887_,leftFrontLeg,0,
f_170892_,BODY_FRONT,0,
f_170893_,BODY_BACK,0,
f_170894_,root,0,
f_170905_,PLATE,0,
f_170906_,HANDLE,0,
f_170907_,SHIELD_WIDTH,0,
f_170908_,SHIELD_HEIGHT,0,
f_170909_,root,0,
f_170913_,MAIN,0,
f_170914_,root,0,
f_170919_,LID,0,
f_170920_,BASE,0,
f_170924_,BODY_COUNT,0,
f_170925_,root,0,
f_170943_,root,0,
f_170953_,root,0,
f_170959_,UPPER_BODY,0,
f_170960_,root,0,
f_170961_,upperBody,0,
f_170962_,leftArm,0,
f_170963_,rightArm,0,
f_170968_,BODY_0,0,
f_170969_,BODY_1,0,
f_170970_,RIGHT_MIDDLE_FRONT_LEG,0,
f_170971_,LEFT_MIDDLE_FRONT_LEG,0,
f_170972_,RIGHT_MIDDLE_HIND_LEG,0,
f_170973_,LEFT_MIDDLE_HIND_LEG,0,
f_170974_,root,0,
f_170975_,rightHindLeg,0,
f_170976_,leftHindLeg,0,
f_170977_,rightMiddleHindLeg,0,
f_170978_,leftMiddleHindLeg,0,
f_170979_,rightMiddleFrontLeg,0,
f_170980_,leftMiddleFrontLeg,0,
f_170981_,rightFrontLeg,0,
f_170982_,leftFrontLeg,0,
f_170987_,root,0,
f_170997_,RIGHT_BOTTOM_BRISTLE,0,
f_170998_,RIGHT_MIDDLE_BRISTLE,0,
f_170999_,RIGHT_TOP_BRISTLE,0,
f_171000_,LEFT_TOP_BRISTLE,0,
f_171001_,LEFT_MIDDLE_BRISTLE,0,
f_171002_,LEFT_BOTTOM_BRISTLE,0,
f_171003_,root,0,
f_171004_,rightBottomBristle,0,
f_171005_,rightMiddleBristle,0,
f_171006_,rightTopBristle,0,
f_171007_,leftTopBristle,0,
f_171008_,leftMiddleBristle,0,
f_171009_,leftBottomBristle,0,
f_171014_,root,0,
f_171018_,root,0,
f_171034_,root,0,
f_171040_,EGG_BELLY,0,
f_171047_,root,0,
f_171048_,rightLeg,0,
f_171049_,leftLeg,0,
f_171057_,RIBCAGE,0,
f_171058_,CENTER_HEAD,0,
f_171059_,RIGHT_HEAD,0,
f_171060_,LEFT_HEAD,0,
f_171061_,RIBCAGE_X_ROT_OFFSET,0,
f_171062_,TAIL_X_ROT_OFFSET,0,
f_171063_,root,0,
f_171064_,centerHead,0,
f_171065_,rightHead,0,
f_171066_,leftHead,0,
f_171067_,ribcage,0,
f_171068_,tail,0,
f_171078_,REAL_HEAD,0,
f_171079_,UPPER_BODY,0,
f_171080_,REAL_TAIL,0,
f_171081_,rightHindLeg,0,
f_171082_,leftHindLeg,0,
f_171083_,rightFrontLeg,0,
f_171084_,leftFrontLeg,0,
f_171085_,LEG_SIZE,0,
f_171099_,roots,0,
f_171105_,FISH_PATTERN_DEFORMATION,0,
f_171106_,OUTER_ARMOR_DEFORMATION,0,
f_171107_,INNER_ARMOR_DEFORMATION,0,
f_171118_,model,0,
f_171119_,layer,0,
f_171129_,CREEPER_ARMOR,0,
f_171130_,CREEPER_HEAD,0,
f_171131_,DOLPHIN,0,
f_171132_,DONKEY,0,
f_171133_,DOUBLE_CHEST_LEFT,0,
f_171134_,DOUBLE_CHEST_RIGHT,0,
f_171135_,DRAGON_SKULL,0,
f_171136_,DROWNED,0,
f_171137_,DROWNED_INNER_ARMOR,0,
f_171138_,DROWNED_OUTER_ARMOR,0,
f_171139_,DROWNED_OUTER_LAYER,0,
f_171140_,ELDER_GUARDIAN,0,
f_171141_,ELYTRA,0,
f_171142_,ENDERMAN,0,
f_171143_,ENDERMITE,0,
f_171144_,ENDER_DRAGON,0,
f_171145_,END_CRYSTAL,0,
f_171146_,EVOKER,0,
f_171147_,EVOKER_FANGS,0,
f_171148_,FOX,0,
f_171149_,FURNACE_MINECART,0,
f_171150_,GHAST,0,
f_171151_,GIANT,0,
f_171152_,GIANT_INNER_ARMOR,0,
f_171153_,GIANT_OUTER_ARMOR,0,
f_171154_,GLOW_SQUID,0,
f_171155_,ARMOR_STAND,0,
f_171156_,PIGLIN_BRUTE_INNER_ARMOR,0,
f_171157_,PIGLIN_BRUTE_OUTER_ARMOR,0,
f_171158_,PIGLIN_INNER_ARMOR,0,
f_171159_,PIGLIN_OUTER_ARMOR,0,
f_171160_,PIG_SADDLE,0,
f_171161_,PILLAGER,0,
f_171162_,PLAYER,0,
f_171163_,PLAYER_HEAD,0,
f_171164_,PLAYER_INNER_ARMOR,0,
f_171165_,PLAYER_OUTER_ARMOR,0,
f_171166_,PLAYER_SLIM,0,
f_171167_,PLAYER_SLIM_INNER_ARMOR,0,
f_171168_,PLAYER_SLIM_OUTER_ARMOR,0,
f_171169_,PLAYER_SPIN_ATTACK,0,
f_171170_,POLAR_BEAR,0,
f_171171_,PUFFERFISH_BIG,0,
f_171172_,PUFFERFISH_MEDIUM,0,
f_171173_,PUFFERFISH_SMALL,0,
f_171174_,RABBIT,0,
f_171175_,RAVAGER,0,
f_171176_,SALMON,0,
f_171177_,SHEEP,0,
f_171178_,SHEEP_FUR,0,
f_171179_,SHIELD,0,
f_171180_,SHULKER,0,
f_171181_,SHULKER_BULLET,0,
f_171182_,GOAT,0,
f_171183_,GUARDIAN,0,
f_171184_,HOGLIN,0,
f_171185_,HOPPER_MINECART,0,
f_171186_,HORSE,0,
f_171187_,HORSE_ARMOR,0,
f_171188_,HUSK,0,
f_171189_,HUSK_INNER_ARMOR,0,
f_171190_,HUSK_OUTER_ARMOR,0,
f_171191_,ILLUSIONER,0,
f_171192_,IRON_GOLEM,0,
f_171193_,LEASH_KNOT,0,
f_171194_,LLAMA,0,
f_171195_,LLAMA_DECOR,0,
f_171196_,LLAMA_SPIT,0,
f_171197_,MAGMA_CUBE,0,
f_171198_,MINECART,0,
f_171199_,MOOSHROOM,0,
f_171200_,MULE,0,
f_171201_,OCELOT,0,
f_171202_,PANDA,0,
f_171203_,PARROT,0,
f_171204_,PHANTOM,0,
f_171205_,PIG,0,
f_171206_,PIGLIN,0,
f_171207_,PIGLIN_BRUTE,0,
f_171208_,ARMOR_STAND_INNER_ARMOR,0,
f_171209_,VEX,0,
f_171210_,VILLAGER,0,
f_171211_,VINDICATOR,0,
f_171212_,WANDERING_TRADER,0,
f_171213_,WITCH,0,
f_171214_,WITHER,0,
f_171215_,WITHER_ARMOR,0,
f_171216_,WITHER_SKELETON,0,
f_171217_,WITHER_SKELETON_INNER_ARMOR,0,
f_171218_,WITHER_SKELETON_OUTER_ARMOR,0,
f_171219_,WITHER_SKELETON_SKULL,0,
f_171220_,WITHER_SKULL,0,
f_171221_,WOLF,0,
f_171222_,ZOGLIN,0,
f_171223_,ZOMBIE,0,
f_171224_,ZOMBIE_HEAD,0,
f_171225_,ZOMBIE_HORSE,0,
f_171226_,ZOMBIE_INNER_ARMOR,0,
f_171227_,ZOMBIE_OUTER_ARMOR,0,
f_171228_,ZOMBIE_VILLAGER,0,
f_171229_,ZOMBIE_VILLAGER_INNER_ARMOR,0,
f_171230_,ZOMBIE_VILLAGER_OUTER_ARMOR,0,
f_171231_,ZOMBIFIED_PIGLIN,0,
f_171232_,ZOMBIFIED_PIGLIN_INNER_ARMOR,0,
f_171233_,ZOMBIFIED_PIGLIN_OUTER_ARMOR,0,
f_171234_,DEFAULT_LAYER,0,
f_171235_,SILVERFISH,0,
f_171236_,SKELETON,0,
f_171237_,SKELETON_HORSE,0,
f_171238_,SKELETON_INNER_ARMOR,0,
f_171239_,SKELETON_OUTER_ARMOR,0,
f_171240_,SKELETON_SKULL,0,
f_171241_,SLIME,0,
f_171242_,SLIME_OUTER,0,
f_171243_,SNOW_GOLEM,0,
f_171244_,SPAWNER_MINECART,0,
f_171245_,SPIDER,0,
f_171246_,SQUID,0,
f_171247_,STRAY,0,
f_171248_,STRAY_INNER_ARMOR,0,
f_171249_,STRAY_OUTER_ARMOR,0,
f_171250_,STRAY_OUTER_LAYER,0,
f_171251_,STRIDER,0,
f_171252_,STRIDER_SADDLE,0,
f_171253_,TNT_MINECART,0,
f_171254_,TRADER_LLAMA,0,
f_171255_,TRIDENT,0,
f_171256_,TROPICAL_FISH_LARGE,0,
f_171257_,TROPICAL_FISH_LARGE_PATTERN,0,
f_171258_,TROPICAL_FISH_SMALL,0,
f_171259_,TROPICAL_FISH_SMALL_PATTERN,0,
f_171260_,TURTLE,0,
f_171261_,ARMOR_STAND_OUTER_ARMOR,0,
f_171262_,ALL_MODELS,0,
f_171263_,AXOLOTL,0,
f_171264_,BANNER,0,
f_171265_,BAT,0,
f_171266_,BED_FOOT,0,
f_171267_,BED_HEAD,0,
f_171268_,BEE,0,
f_171269_,BELL,0,
f_171270_,BLAZE,0,
f_171271_,BOOK,0,
f_171272_,CAT,0,
f_171273_,CAT_COLLAR,0,
f_171274_,CAVE_SPIDER,0,
f_171275_,CHEST,0,
f_171276_,CHEST_MINECART,0,
f_171277_,CHICKEN,0,
f_171278_,COD,0,
f_171279_,COMMAND_BLOCK_MINECART,0,
f_171280_,CONDUIT_CAGE,0,
f_171281_,CONDUIT_EYE,0,
f_171282_,CONDUIT_SHELL,0,
f_171283_,CONDUIT_WIND,0,
f_171284_,COW,0,
f_171285_,CREEPER,0,
f_171346_,RIGHT_FRONT_FOOT,0,
f_171347_,LEFT_HIND_LEG_TIP,0,
f_171348_,RIGHT_HIND_LEG_TIP,0,
f_171349_,LEFT_FRONT_LEG_TIP,0,
f_171350_,RIGHT_FRONT_LEG_TIP,0,
f_171351_,LEFT_LID,0,
f_171352_,RIGHT_LID,0,
f_171353_,LEFT_CHEST,0,
f_171354_,RIGHT_CHEST,0,
f_171355_,LEFT_HORN,0,
f_171356_,RIGHT_HORN,0,
f_171357_,LEFT_EYE,0,
f_171358_,RIGHT_EYE,0,
f_171359_,JAW,0,
f_171360_,NOSE,0,
f_171361_,ARMS,0,
f_171362_,TAIL,0,
f_171363_,CUBE,0,
f_171364_,BEAK,0,
f_171365_,BACK_FIN,0,
f_171366_,MANE,0,
f_171367_,NECK,0,
f_171368_,MOUTH,0,
f_171369_,HEAD,0,
f_171370_,HAT,0,
f_171371_,BODY,0,
f_171372_,LEFT_FIN,0,
f_171373_,HAT_RIM,0,
f_171374_,JACKET,0,
f_171375_,TOP_GILLS,0,
f_171376_,LEFT_GILLS,0,
f_171377_,RIGHT_GILLS,0,
f_171378_,RIGHT_FIN,0,
f_171379_,TOP_FIN,0,
f_171380_,BOTTOM_FIN,0,
f_171381_,TAIL_FIN,0,
f_171382_,LEFT_BLUE_FIN,0,
f_171383_,RIGHT_BLUE_FIN,0,
f_171384_,LEFT_ARM,0,
f_171385_,RIGHT_ARM,0,
f_171386_,LEFT_WING,0,
f_171387_,RIGHT_WING,0,
f_171388_,LEFT_WING_BASE,0,
f_171389_,RIGHT_WING_BASE,0,
f_171390_,LEFT_WING_TIP,0,
f_171391_,RIGHT_WING_TIP,0,
f_171392_,LEFT_EAR,0,
f_171393_,RIGHT_EAR,0,
f_171394_,LEFT_LEG,0,
f_171395_,RIGHT_LEG,0,
f_171396_,LEFT_HIND_LEG,0,
f_171397_,RIGHT_HIND_LEG,0,
f_171398_,LEFT_FRONT_LEG,0,
f_171399_,RIGHT_FRONT_LEG,0,
f_171400_,LEFT_HIND_FOOT,0,
f_171401_,RIGHT_HIND_FOOT,0,
f_171402_,LEFT_FRONT_FOOT,0,
f_171404_,ZERO,0,
f_171405_,x,0,
f_171406_,y,0,
f_171407_,z,0,
f_171408_,xRot,0,
f_171409_,yRot,0,
f_171410_,zRot,0,
f_171434_,comment,0,
f_171435_,origin,0,
f_171436_,dimensions,0,
f_171437_,grow,0,
f_171438_,mirror,0,
f_171439_,texCoord,0,
f_171440_,texScale,0,
f_171458_,NONE,0,
f_171459_,growX,0,
f_171460_,growY,0,
f_171461_,growZ,0,
f_171475_,cubes,0,
f_171476_,xTexOffs,0,
f_171477_,yTexOffs,0,
f_171478_,mirror,0,
f_17151_,WALL_BLOCKS,0,
f_171559_,mesh,0,
f_171560_,material,0,
f_171569_,xTexSize,0,
f_171570_,yTexSize,0,
f_171574_,root,0,
f_171577_,cubes,0,
f_171578_,partPose,0,
f_171579_,children,0,
f_171607_,u,0,
f_171608_,v,0,
f_171628_,CLOUD_COLOR,0,
f_171629_,FLUID_PARTICLE_SPAWN_OFFSET,0,
f_171630_,tickingEntities,0,
f_171631_,entityStorage,0,
f_171692_,this$0,0,
f_17170_,DEFAULTS,0,
f_171810_,CANT_CONNECT_MESSAGE,0,
f_171817_,val$address,0,
f_171831_,val$blockLists,0,
f_171847_,val$address,0,
f_171854_,LOGGER,0,
f_171855_,hostAndPort,0,
f_171856_,INVALID,0,
f_171874_,LOGGER,0,
f_171875_,SYSTEM,0,
f_171881_,DEFAULT,0,
f_171882_,resolver,0,
f_171883_,redirectHandler,0,
f_171884_,addressCheck,0,
f_171892_,LOGGER,0,
f_171893_,EMPTY,0,
f_171920_,COLOR_MIN_RED,0,
f_171921_,COLOR_MIN_GREEN,0,
f_171922_,COLOR_MIN_BLUE,0,
f_171923_,COLOR_MAX_RED,0,
f_171924_,COLOR_MAX_GREEN,0,
f_171925_,COLOR_MAX_BLUE,0,
f_171926_,COLOR_MIN,0,
f_171927_,COLOR_MAX,0,
f_172050_,fromColor,0,
f_172051_,toColor,0,
f_172071_,sprites,0,
f_172092_,sprites,0,
f_172111_,sprite,0,
f_172132_,RANDOM,0,
f_172133_,sprites,0,
f_172148_,SPEED_FACTOR,0,
f_172149_,sprite,0,
f_172170_,sprite,0,
f_172191_,SPEED_FACTOR,0,
f_172192_,sprite,0,
f_172213_,SPEED_FACTOR,0,
f_172214_,sprite,0,
f_172235_,SPEED_FACTOR,0,
f_172236_,sprite,0,
f_172257_,LIFE_TIME,0,
f_172258_,friction,0,
f_172259_,speedUpWhenYMotionIsBlocked,0,
f_172264_,MAX_PARTICLES_PER_LAYER,0,
f_172265_,trackedParticleCounts,0,
f_172290_,sprites,0,
f_172302_,sprites,0,
f_172334_,sprites,0,
f_172417_,sprite,0,
f_172488_,sprite,0,
f_172509_,COLOR_RGB24,0,
f_172525_,POSITION_REMINDER_INTERVAL,0,
f_172526_,WATER_VISION_MAX_TIME,0,
f_172527_,WATER_VISION_QUICK_TIME,0,
f_172528_,WATER_VISION_QUICK_PERCENT,0,
f_172529_,SUFFOCATING_COLLISION_CHECK_SCALE,0,
f_172536_,levelRenderer,0,
f_172537_,samplers,0,
f_172538_,samplerFactory,0,
f_172546_,skullModels,0,
f_172547_,blockEntityRenderDispatcher,0,
f_172548_,entityModelSet,0,
f_172561_,SIDES,0,
f_172562_,CLOUD_LEVEL,0,
f_172564_,EFFECT_SHADER_PATH,0,
f_172565_,ALWAYS_REAPPLY,0,
f_172574_,BIOME_FOG_TRANSITION_TIME,0,
f_172575_,WATER_FOG_DISTANCE,0,
f_172578_,shaders,0,
f_172579_,positionShader,0,
f_172580_,positionColorShader,0,
f_172581_,positionColorTexShader,0,
f_172582_,positionTexShader,0,
f_172583_,positionTexColorShader,0,
f_172586_,particleShader,0,
f_172587_,positionColorLightmapShader,0,
f_172588_,positionColorTexLightmapShader,0,
f_172591_,rendertypeSolidShader,0,
f_172592_,PROJECTION_Z_NEAR,0,
f_172593_,rendertypeGlintTranslucentShader,0,
f_172594_,rendertypeGlintShader,0,
f_172595_,rendertypeGlintDirectShader,0,
f_172596_,rendertypeEntityGlintShader,0,
f_172597_,rendertypeEntityGlintDirectShader,0,
f_172598_,rendertypeTextShader,0,
f_172599_,rendertypeTextIntensityShader,0,
f_172600_,rendertypeTextSeeThroughShader,0,
f_172601_,rendertypeTextIntensitySeeThroughShader,0,
f_172602_,rendertypeLightningShader,0,
f_172603_,rendertypeTripwireShader,0,
f_172604_,rendertypeEndPortalShader,0,
f_172605_,rendertypeEndGatewayShader,0,
f_172606_,rendertypeLinesShader,0,
f_172607_,rendertypeCrumblingShader,0,
f_172608_,rendertypeCutoutMippedShader,0,
f_172609_,rendertypeCutoutShader,0,
f_172610_,rendertypeTranslucentShader,0,
f_172611_,rendertypeTranslucentMovingBlockShader,0,
f_172613_,rendertypeArmorCutoutNoCullShader,0,
f_172614_,rendertypeEntitySolidShader,0,
f_172615_,rendertypeEntityCutoutShader,0,
f_172616_,rendertypeEntityCutoutNoCullShader,0,
f_172617_,rendertypeEntityCutoutNoCullZOffsetShader,0,
f_172618_,rendertypeItemEntityTranslucentCullShader,0,
f_172619_,rendertypeEntityTranslucentCullShader,0,
f_172620_,rendertypeEntityTranslucentShader,0,
f_172621_,rendertypeEntitySmoothCutoutShader,0,
f_172622_,rendertypeBeaconBeamShader,0,
f_172623_,rendertypeEntityDecalShader,0,
f_172624_,rendertypeEntityNoOutlineShader,0,
f_172625_,rendertypeEntityShadowShader,0,
f_172626_,rendertypeEntityAlphaShader,0,
f_172627_,rendertypeEyesShader,0,
f_172628_,rendertypeEnergySwirlShader,0,
f_172629_,rendertypeLeashShader,0,
f_172630_,rendertypeWaterMaskShader,0,
f_172631_,rendertypeOutlineShader,0,
f_172632_,rendertypeArmorGlintShader,0,
f_172633_,rendertypeArmorEntityGlintShader,0,
f_172634_,ITEM_ACTIVATION_ANIMATION_LENGTH,0,
f_172635_,blitShader,0,
f_172636_,DEPTH_BUFFER_DEBUG,0,
f_17265_,CODEC,0,
f_17266_,spacing,0,
f_17267_,separation,0,
f_17268_,salt,0,
f_172842_,ARM_SWING_Z_ROT_AMOUNT,0,
f_172843_,ARM_HEIGHT_SCALE,0,
f_172844_,ARM_POS_SCALE,0,
f_172845_,ARM_POS_X,0,
f_172846_,ARM_POS_Y,0,
f_172847_,ARM_POS_Z,0,
f_172848_,ARM_PRESWING_ROT_Y,0,
f_172849_,ARM_PREROTATION_X_OFFSET,0,
f_172850_,ARM_PREROTATION_Y_OFFSET,0,
f_172851_,ARM_PREROTATION_Z_OFFSET,0,
f_172852_,ARM_POSTROTATION_X_OFFSET,0,
f_172853_,ARM_ROT_X,0,
f_172854_,ARM_ROT_Y,0,
f_172855_,ARM_ROT_Z,0,
f_172856_,MAP_SWING_X_POS_SCALE,0,
f_172857_,MAP_SWING_Z_POS_SCALE,0,
f_172858_,MAP_HANDS_POS_X,0,
f_172859_,MAP_HANDS_POS_Y,0,
f_172860_,MAP_HANDS_POS_Z,0,
f_172861_,MAP_HANDS_HEIGHT_SCALE,0,
f_172862_,MAP_HANDS_TILT_SCALE,0,
f_172863_,MAP_PLAYER_PITCH_SCALE,0,
f_172864_,MAP_HANDS_Z_ROT_AMOUNT,0,
f_172865_,MAPHAND_X_ROT_AMOUNT,0,
f_172866_,MAPHAND_Y_ROT_AMOUNT,0,
f_172867_,MAPHAND_Z_ROT_AMOUNT,0,
f_172868_,MAP_HAND_X_POS,0,
f_172869_,MAP_HAND_Y_POS,0,
f_172870_,MAP_HAND_Z_POS,0,
f_172871_,MAP_SWING_X_ROT_AMOUNT,0,
f_172872_,MAP_PRE_ROT_SCALE,0,
f_172873_,MAP_GLOBAL_X_POS,0,
f_172874_,MAP_GLOBAL_Y_POS,0,
f_172875_,MAP_GLOBAL_Z_POS,0,
f_172876_,MAP_FINAL_SCALE,0,
f_172877_,MAP_BORDER,0,
f_172878_,MAP_HEIGHT,0,
f_172879_,MAP_WIDTH,0,
f_172880_,BOW_CHARGE_X_POS_SCALE,0,
f_172881_,BOW_CHARGE_Y_POS_SCALE,0,
f_172882_,BOW_CHARGE_Z_POS_SCALE,0,
f_172883_,BOW_CHARGE_SHAKE_X_SCALE,0,
f_172884_,BOW_CHARGE_SHAKE_Y_SCALE,0,
f_172885_,BOW_CHARGE_SHAKE_Z_SCALE,0,
f_172886_,BOW_CHARGE_Z_SCALE,0,
f_172887_,BOW_MIN_SHAKE_CHARGE,0,
f_172888_,ITEM_SWING_X_POS_SCALE,0,
f_172889_,ITEM_SWING_Y_POS_SCALE,0,
f_172890_,ITEM_SWING_Z_POS_SCALE,0,
f_172891_,ITEM_HEIGHT_SCALE,0,
f_172892_,ITEM_POS_X,0,
f_172893_,ITEM_POS_Y,0,
f_172894_,ITEM_POS_Z,0,
f_172895_,ITEM_PRESWING_ROT_Y,0,
f_172896_,ITEM_SWING_X_ROT_AMOUNT,0,
f_172897_,ITEM_SWING_Y_ROT_AMOUNT,0,
f_172898_,ITEM_SWING_Z_ROT_AMOUNT,0,
f_172899_,EAT_JIGGLE_X_ROT_AMOUNT,0,
f_172900_,EAT_JIGGLE_Y_ROT_AMOUNT,0,
f_172901_,EAT_JIGGLE_Z_ROT_AMOUNT,0,
f_172902_,EAT_JIGGLE_X_POS_SCALE,0,
f_172903_,EAT_JIGGLE_Y_POS_SCALE,0,
f_172904_,EAT_JIGGLE_Z_POS_SCALE,0,
f_172905_,EAT_JIGGLE_EXPONENT,0,
f_172906_,EAT_EXTRA_JIGGLE_CUTOFF,0,
f_172907_,EAT_EXTRA_JIGGLE_SCALE,0,
f_172908_,ARM_SWING_X_POS_SCALE,0,
f_172909_,ARM_SWING_Y_POS_SCALE,0,
f_17290_,name,0,
f_172910_,ARM_SWING_Z_POS_SCALE,0,
f_172911_,ARM_SWING_Y_ROT_AMOUNT,0,
f_17291_,type,0,
f_172921_,renderMainHand,0,
f_172922_,renderOffHand,0,
f_172938_,cullingFrustum,0,
f_172941_,SKY_DISC_RADIUS,0,
f_172942_,MIN_FOG_DISTANCE,0,
f_172943_,RAIN_RADIUS,0,
f_172944_,RAIN_DIAMETER,0,
f_172945_,TRANSPARENT_SORT_COUNT,0,
f_172946_,blockEntityRenderDispatcher,0,
f_173040_,FULL_BRIGHT,0,
f_173041_,FULL_SKY,0,
f_173042_,FULL_BLOCK,0,
f_173045_,MAIN_RENDER_TARGET,0,
f_17304_,NAMESPACED_STRING_CODEC,0,
f_17305_,NAMESPACED_STRING,0,
f_173063_,RENDERTYPE_ENTITY_CUTOUT_NO_CULL_Z_OFFSET_SHADER,0,
f_173064_,RENDERTYPE_ITEM_ENTITY_TRANSLUCENT_CULL_SHADER,0,
f_173065_,RENDERTYPE_ENTITY_TRANSLUCENT_CULL_SHADER,0,
f_173066_,RENDERTYPE_ENTITY_TRANSLUCENT_SHADER,0,
f_173067_,RENDERTYPE_ENTITY_SMOOTH_CUTOUT_SHADER,0,
f_173068_,RENDERTYPE_BEACON_BEAM_SHADER,0,
f_173069_,RENDERTYPE_ENTITY_DECAL_SHADER,0,
f_173070_,RENDERTYPE_ENTITY_NO_OUTLINE_SHADER,0,
f_173071_,RENDERTYPE_ENTITY_SHADOW_SHADER,0,
f_173072_,RENDERTYPE_ENTITY_ALPHA_SHADER,0,
f_173073_,RENDERTYPE_EYES_SHADER,0,
f_173074_,RENDERTYPE_ENERGY_SWIRL_SHADER,0,
f_173075_,RENDERTYPE_LEASH_SHADER,0,
f_173076_,RENDERTYPE_WATER_MASK_SHADER,0,
f_173077_,RENDERTYPE_OUTLINE_SHADER,0,
f_173078_,RENDERTYPE_ARMOR_GLINT_SHADER,0,
f_173079_,RENDERTYPE_ARMOR_ENTITY_GLINT_SHADER,0,
f_173080_,RENDERTYPE_GLINT_TRANSLUCENT_SHADER,0,
f_173081_,RENDERTYPE_GLINT_SHADER,0,
f_173082_,RENDERTYPE_GLINT_DIRECT_SHADER,0,
f_173083_,RENDERTYPE_ENTITY_GLINT_SHADER,0,
f_173084_,RENDERTYPE_ENTITY_GLINT_DIRECT_SHADER,0,
f_173085_,RENDERTYPE_CRUMBLING_SHADER,0,
f_173086_,RENDERTYPE_TEXT_SHADER,0,
f_173087_,RENDERTYPE_TEXT_INTENSITY_SHADER,0,
f_173088_,RENDERTYPE_TEXT_SEE_THROUGH_SHADER,0,
f_173089_,VIEW_SCALE_Z_EPSILON,0,
f_173090_,RENDERTYPE_TEXT_INTENSITY_SEE_THROUGH_SHADER,0,
f_173091_,RENDERTYPE_LIGHTNING_SHADER,0,
f_173092_,RENDERTYPE_TRIPWIRE_SHADER,0,
f_173093_,RENDERTYPE_END_PORTAL_SHADER,0,
f_173094_,RENDERTYPE_END_GATEWAY_SHADER,0,
f_173095_,RENDERTYPE_LINES_SHADER,0,
f_173096_,NO_SHADER,0,
f_173099_,POSITION_COLOR_LIGHTMAP_SHADER,0,
f_173100_,POSITION_SHADER,0,
f_173101_,POSITION_COLOR_TEX_SHADER,0,
f_173102_,POSITION_TEX_SHADER,0,
f_173103_,POSITION_COLOR_TEX_LIGHTMAP_SHADER,0,
f_173104_,POSITION_COLOR_SHADER,0,
f_173105_,RENDERTYPE_SOLID_SHADER,0,
f_173106_,RENDERTYPE_CUTOUT_MIPPED_SHADER,0,
f_173107_,RENDERTYPE_CUTOUT_SHADER,0,
f_173108_,RENDERTYPE_TRANSLUCENT_SHADER,0,
f_173109_,RENDERTYPE_TRANSLUCENT_MOVING_BLOCK_SHADER,0,
f_173111_,RENDERTYPE_ARMOR_CUTOUT_NO_CULL_SHADER,0,
f_173112_,RENDERTYPE_ENTITY_SOLID_SHADER,0,
f_173113_,RENDERTYPE_ENTITY_CUTOUT_SHADER,0,
f_173114_,RENDERTYPE_ENTITY_CUTOUT_NO_CULL_SHADER,0,
f_173121_,cutoutTexture,0,
f_173129_,builder,0,
f_173136_,shader,0,
f_173148_,BIG_BUFFER_SIZE,0,
f_173150_,SMALL_BUFFER_SIZE,0,
f_173151_,TRANSIENT_BUFFER_SIZE,0,
f_173152_,LINE_STRIP,0,
f_173154_,MEGABYTE,0,
f_173155_,ARMOR_CUTOUT_NO_CULL,0,
f_173156_,ENTITY_SOLID,0,
f_173157_,ENTITY_CUTOUT,0,
f_173158_,END_PORTAL,0,
f_173159_,END_GATEWAY,0,
f_173160_,ENTITY_CUTOUT_NO_CULL,0,
f_173161_,ENTITY_CUTOUT_NO_CULL_Z_OFFSET,0,
f_173162_,ITEM_ENTITY_TRANSLUCENT_CULL,0,
f_173163_,ENTITY_TRANSLUCENT_CULL,0,
f_173164_,ENTITY_TRANSLUCENT,0,
f_173165_,ENTITY_SMOOTH_CUTOUT,0,
f_173166_,BEACON_BEAM,0,
f_173167_,ENTITY_DECAL,0,
f_173168_,ENTITY_NO_OUTLINE,0,
f_173169_,ENTITY_SHADOW,0,
f_173170_,DRAGON_EXPLOSION_ALPHA,0,
f_173171_,EYES,0,
f_173172_,CRUMBLING,0,
f_173173_,TEXT,0,
f_173174_,TEXT_INTENSITY,0,
f_173175_,TEXT_SEE_THROUGH,0,
f_173176_,TEXT_INTENSITY_SEE_THROUGH,0,
f_173256_,OUTLINE,0,
f_173274_,shaderState,0,
f_173289_,shaderState,0,
f_173299_,programId,0,
f_173300_,name,0,
f_173301_,dirty,0,
f_173302_,blend,0,
f_173305_,vertexProgram,0,
f_173306_,fragmentProgram,0,
f_173307_,vertexFormat,0,
f_173308_,MODEL_VIEW_MATRIX,0,
f_173309_,PROJECTION_MATRIX,0,
f_173310_,TEXTURE_MATRIX,0,
f_173311_,SCREEN_SIZE,0,
f_173312_,COLOR_MODULATOR,0,
f_173313_,LIGHT0_DIRECTION,0,
f_173314_,LIGHT1_DIRECTION,0,
f_173315_,FOG_START,0,
f_173316_,FOG_END,0,
f_173317_,FOG_COLOR,0,
f_173318_,LINE_WIDTH,0,
f_173319_,GAME_TIME,0,
f_173320_,CHUNK_OFFSET,0,
f_173321_,SHADER_PATH,0,
f_173322_,SHADER_INCLUDE_PATH,0,
f_173323_,LOGGER,0,
f_173324_,DUMMY_UNIFORM,0,
f_173325_,ALWAYS_REAPPLY,0,
f_173326_,lastAppliedShader,0,
f_173327_,lastProgramId,0,
f_173328_,samplerMap,0,
f_173329_,samplerNames,0,
f_173330_,samplerLocations,0,
f_173331_,uniforms,0,
f_173332_,uniformLocations,0,
f_173333_,uniformMap,0,
f_173367_,val$relativePath,0,
f_173368_,val$resourceProvider,0,
f_173369_,importedPaths,0,
f_173376_,BANNER_MATERIALS,0,
f_173377_,SHIELD_MATERIALS,0,
f_173397_,blockEntityRenderer,0,
f_173402_,MAX_FLUID_HEIGHT,0,
f_173403_,FACE_CUBIC,0,
f_173404_,FACE_PARTIAL,0,
f_173405_,DIRECTIONS,0,
f_173406_,CACHE_SIZE,0,
f_173411_,DEFAULT_RESCALE,0,
f_173412_,MIN_EXTENT,0,
f_173413_,MAX_EXTENT,0,
f_173414_,DEFAULT_SHADE,0,
f_173415_,NO_TINT,0,
f_173416_,DEFAULT_TINT_INDEX,0,
f_173417_,DEFAULT_ROTATION,0,
f_173418_,PARTICLE_TEXTURE_REFERENCE,0,
f_173419_,REFERENCE_CHAR,0,
f_173430_,this$0,0,
f_173433_,VERTEX_INT_SIZE,0,
f_173434_,VERTEX_COUNT,0,
f_173435_,UV_INDEX,0,
f_173436_,COLOR_INDEX,0,
f_173437_,MIN_Z,0,
f_173438_,MAX_Z,0,
f_173454_,property,0,
f_173455_,value,0,
f_173461_,properties,0,
f_173480_,matchers,0,
f_173481_,model,0,
f_173487_,index,0,
f_173488_,value,0,
f_173492_,MAX_TRANSLATION,0,
f_173493_,MAX_SCALE,0,
f_173495_,DEFAULT_UVLOCK,0,
f_173496_,DEFAULT_WEIGHT,0,
f_173497_,DEFAULT_X_ROTATION,0,
f_173498_,DEFAULT_Y_ROTATION,0,
f_173499_,TOKEN,0,
f_173510_,TOKEN,0,
f_173514_,FLAG,0,
f_173515_,BANNER_WIDTH,0,
f_173516_,BANNER_HEIGHT,0,
f_173517_,MAX_PATTERNS,0,
f_173518_,POLE,0,
f_173519_,BAR,0,
f_173527_,MAX_RENDER_Y,0,
f_173537_,headRoot,0,
f_173538_,footRoot,0,
f_173552_,BELL_BODY,0,
f_173556_,entityModelSet,0,
f_173557_,blockRenderDispatcher,0,
f_173572_,blockEntityRenderDispatcher,0,
f_173573_,blockRenderDispatcher,0,
f_173574_,modelSet,0,
f_173575_,font,0,
f_173587_,PROVIDERS,0,
f_173600_,SIZE,0,
f_173603_,BOTTOM,0,
f_173604_,LID,0,
f_173605_,LOCK,0,
f_173611_,renderer,0,
f_173629_,STICK,0,
f_173630_,BLACK_TEXT_OUTLINE_COLOR,0,
f_173631_,OUTLINE_RENDER_DISTANCE,0,
f_173632_,signModels,0,
f_173633_,font,0,
f_173655_,root,0,
f_173658_,modelByType,0,
f_173723_,SIZE_IN_BITS,0,
f_173724_,LEN,0,
f_173725_,MASK,0,
f_173726_,SIZE,0,
f_173727_,X_SHIFT,0,
f_173728_,Z_SHIFT,0,
f_173729_,Y_SHIFT,0,
f_173730_,INVALID_INDEX,0,
f_173737_,SHOW_GOAL_FOR_ALL_BEES,0,
f_173738_,SHOW_NAME_FOR_ALL_BEES,0,
f_173739_,SHOW_HIVE_FOR_ALL_BEES,0,
f_173740_,SHOW_FLOWER_POS_FOR_ALL_BEES,0,
f_173741_,SHOW_TRAVEL_TICKS_FOR_ALL_BEES,0,
f_173742_,SHOW_PATH_FOR_ALL_BEES,0,
f_173743_,SHOW_GOAL_FOR_SELECTED_BEE,0,
f_173744_,SHOW_NAME_FOR_SELECTED_BEE,0,
f_173745_,SHOW_HIVE_FOR_SELECTED_BEE,0,
f_173746_,SHOW_FLOWER_POS_FOR_SELECTED_BEE,0,
f_173747_,SHOW_TRAVEL_TICKS_FOR_SELECTED_BEE,0,
f_173748_,SHOW_PATH_FOR_SELECTED_BEE,0,
f_173749_,SHOW_HIVE_MEMBERS,0,
f_173750_,SHOW_BLACKLISTS,0,
f_173751_,MAX_RENDER_DIST_FOR_HIVE_OVERLAY,0,
f_173752_,MAX_RENDER_DIST_FOR_BEE_OVERLAY,0,
f_173753_,MAX_TARGETING_DIST,0,
f_173754_,HIVE_TIMEOUT,0,
f_173755_,TEXT_SCALE,0,
f_173756_,WHITE,0,
f_173757_,YELLOW,0,
f_173758_,ORANGE,0,
f_173759_,GREEN,0,
f_173760_,GRAY,0,
f_173761_,PINK,0,
f_173762_,RED,0,
f_173778_,YELLOW,0,
f_173779_,CYAN,0,
f_173780_,GREEN,0,
f_173781_,GRAY,0,
f_173782_,PINK,0,
f_173783_,RED,0,
f_173784_,ORANGE,0,
f_173785_,SHOW_NAME_FOR_ALL,0,
f_173786_,SHOW_PROFESSION_FOR_ALL,0,
f_173787_,SHOW_BEHAVIORS_FOR_ALL,0,
f_173788_,SHOW_ACTIVITIES_FOR_ALL,0,
f_173789_,SHOW_INVENTORY_FOR_ALL,0,
f_173790_,SHOW_GOSSIPS_FOR_ALL,0,
f_173791_,SHOW_PATH_FOR_ALL,0,
f_173792_,SHOW_HEALTH_FOR_ALL,0,
f_173793_,SHOW_WANTS_GOLEM_FOR_ALL,0,
f_173794_,SHOW_NAME_FOR_SELECTED,0,
f_173795_,SHOW_PROFESSION_FOR_SELECTED,0,
f_173796_,SHOW_BEHAVIORS_FOR_SELECTED,0,
f_173797_,SHOW_ACTIVITIES_FOR_SELECTED,0,
f_173798_,SHOW_MEMORIES_FOR_SELECTED,0,
f_173799_,SHOW_INVENTORY_FOR_SELECTED,0,
f_173800_,SHOW_GOSSIPS_FOR_SELECTED,0,
f_173801_,SHOW_PATH_FOR_SELECTED,0,
f_173802_,SHOW_HEALTH_FOR_SELECTED,0,
f_173803_,SHOW_WANTS_GOLEM_FOR_SELECTED,0,
f_173804_,SHOW_POI_INFO,0,
f_173805_,MAX_RENDER_DIST_FOR_BRAIN_INFO,0,
f_173806_,MAX_RENDER_DIST_FOR_POI_INFO,0,
f_173807_,MAX_TARGETING_DIST,0,
f_173808_,TEXT_SCALE,0,
f_173809_,WHITE,0,
f_173815_,gameEventListenerRenderer,0,
f_173816_,minecraft,0,
f_173817_,LISTENER_RENDER_DIST,0,
f_173818_,BOX_HEIGHT,0,
f_173819_,trackedGameEvents,0,
f_173820_,trackedListeners,0,
f_173861_,timeStamp,0,
f_173862_,gameEvent,0,
f_173863_,position,0,
f_173869_,listenerSource,0,
f_173870_,listenerRange,0,
f_173886_,PADDING,0,
f_173887_,MAX_RENDER_DIST,0,
f_173890_,CHUNK_DIST,0,
f_173891_,BOX_HEIGHT,0,
f_173892_,MAX_RENDER_DIST,0,
f_173893_,TIMEOUT,0,
f_173894_,MAX_RENDER_DIST,0,
f_173895_,SHOW_OPEN_CLOSED,0,
f_173896_,SHOW_OPEN_CLOSED_COST_MALUS,0,
f_173897_,SHOW_OPEN_CLOSED_NODE_TYPE_WITH_TEXT,0,
f_173898_,SHOW_OPEN_CLOSED_NODE_TYPE_WITH_BOX,0,
f_173899_,SHOW_GROUND_LABELS,0,
f_173900_,TEXT_SCALE,0,
f_173901_,MAX_RENDER_DIST,0,
f_173902_,TEXT_SCALE,0,
f_173903_,MAX_RENDER_DIST,0,
f_173904_,MAX_RENDER_DIST_FOR_VILLAGE_SECTIONS,0,
f_173918_,TEXTURE_BY_TYPE,0,
f_173934_,boatResources,0,
f_173944_,SCALE,0,
f_173967_,GLASS,0,
f_173968_,BASE,0,
f_173995_,itemRenderer,0,
f_173996_,entityModels,0,
f_174005_,font,0,
f_174006_,NAMETAG_SCALE,0,
f_174011_,entityRenderDispatcher,0,
f_174012_,itemRenderer,0,
f_174013_,resourceManager,0,
f_174014_,modelSet,0,
f_174015_,font,0,
f_174030_,LOGGER,0,
f_174031_,PROVIDERS,0,
f_174032_,PLAYER_PROVIDERS,0,
f_174101_,SYNTAX_START_PROPERTIES,0,
f_174102_,SYNTAX_START_NBT,0,
f_174103_,SYNTAX_END_PROPERTIES,0,
f_174104_,SYNTAX_EQUALS,0,
f_174105_,SYNTAX_PROPERTY_SEPARATOR,0,
f_174106_,SYNTAX_TAG,0,
f_174115_,VIEW_BOBBING_SCALE,0,
f_174133_,GLOW_SQUID_LOCATION,0,
f_174150_,GOAT_LOCATION,0,
f_174189_,ITEM_BUNDLE_OFFSET_SCALE,0,
f_174194_,FLAT_ITEM_BUNDLE_OFFSET_X,0,
f_174195_,FLAT_ITEM_BUNDLE_OFFSET_Y,0,
f_174196_,FLAT_ITEM_BUNDLE_OFFSET_Z,0,
f_174199_,GLOW_FRAME_BRIGHTNESS,0,
f_174200_,BRIGHT_MAP_LIGHT_ADJUSTMENT,0,
f_174201_,GLOW_FRAME_LOCATION,0,
f_174202_,GLOW_MAP_FRAME_LOCATION,0,
f_174218_,ITEM_COUNT_BLIT_OFFSET,0,
f_174219_,COMPASS_FOIL_UI_SCALE,0,
f_174220_,COMPASS_FOIL_FIRST_PERSON_SCALE,0,
f_174221_,GUI_SLOT_CENTER_X,0,
f_174222_,GUI_SLOT_CENTER_Y,0,
f_174223_,blockEntityRenderer,0,
f_174287_,EYE_BED_OFFSET,0,
f_174302_,LEASH_RENDER_STEPS,0,
f_174341_,TEXTURES,0,
f_174342_,PIGLIN_CUSTOM_HEAD_SCALE,0,
f_174394_,ERROR_OUT_OF_BOUNDS,0,
f_174412_,MIN_CAMERA_DISTANCE_SQUARED,0,
f_174473_,skullModels,0,
f_174513_,X_ROT_MIN,0,
f_174514_,X_ROT_MAX,0,
f_174538_,BOX,0,
f_174680_,NOT_ASSIGNED,0,
f_174681_,PREFIX_LOCAL_COORDINATE,0,
f_174686_,ALPHA_CUTOUT_CUTOFF,0,
f_174688_,MISSING_IMAGE_WIDTH,0,
f_174689_,MISSING_IMAGE_HEIGHT,0,
f_174690_,MISSING_TEXTURE_NAME,0,
f_174691_,NO_WHITE_U,0,
f_174692_,RED_OVERLAY_V,0,
f_174693_,WHITE_OVERLAY_V,0,
f_174694_,SIZE,0,
f_174855_,UNKNOWN_FRAME_TIME,0,
f_174858_,SECTION_NAME,0,
f_174859_,DEFAULT_FRAME_TIME,0,
f_174860_,UNKNOWN_SIZE,0,
f_174866_,SECTION_NAME,0,
f_174870_,DEFAULT_BLUR,0,
f_174871_,DEFAULT_CLAMP,0,
f_174872_,DEGREES,0,
f_174875_,DESTROY_STAGE_COUNT,0,
f_174876_,SINGLETON_MODEL_GROUP,0,
f_174877_,INVISIBLE_MODEL_GROUP,0,
f_174878_,BUILTIN_SLASH,0,
f_174879_,BUILTIN_SLASH_GENERATED,0,
f_174880_,BUILTIN_BLOCK_ENTITY,0,
f_174881_,MISSING_MODEL_NAME,0,
f_174906_,VARIANT_SEPARATOR,0,
f_174917_,VOLUME_MIN,0,
f_174918_,VOLUME_MAX,0,
f_174919_,PITCH_MIN,0,
f_174920_,LOOP_SOUND_CROSS_FADE_TIME,0,
f_174921_,SKY_MOOD_RECOVERY_RATE,0,
f_174926_,DELAY,0,
f_174927_,VOLUME_MIN,0,
f_174928_,VOLUME_SCALE,0,
f_174929_,PITCH_MIN,0,
f_174930_,PITCH_SCALE,0,
f_174931_,VOLUME_MIN,0,
f_174932_,VOLUME_MAX,0,
f_174933_,PITCH_MIN,0,
f_174934_,PITCH_MAX,0,
f_174935_,PITCH_DELTA,0,
f_174936_,VOLUME_MIN,0,
f_174937_,VOLUME_MAX,0,
f_174938_,underwaterSound,0,
f_174957_,CHANCE_PER_TICK,0,
f_174958_,RARE_CHANCE_PER_TICK,0,
f_174959_,ULTRA_RARE_CHANCE_PER_TICK,0,
f_174960_,MINIMUM_TICK_DELAY,0,
f_174962_,FADE_DURATION,0,
f_174963_,END_OF_TEXT_MARKER,0,
f_174964_,END_OF_DATA,0,
f_174966_,publishedGameType,0,
f_174974_,MULTICAST_GROUP,0,
f_174975_,PING_PORT,0,
f_174976_,PING_INTERVAL,0,
f_174979_,STARTING_DELAY,0,
f_174982_,MISSING_SOUND,0,
f_174983_,PITCH_MIN,0,
f_174984_,PITCH_MAX,0,
f_174985_,VOLUME_MIN,0,
f_174986_,VOLUME_MAX,0,
f_174987_,MIN_SOURCE_LIFETIME,0,
f_174997_,SOUNDS_PATH,0,
f_174999_,tutorial,0,
f_175000_,options,0,
f_175001_,toast,0,
f_17500_,block,0,
f_175011_,HINT_DELAY,0,
f_175012_,HINT_DELAY,0,
f_175013_,MINIMUM_TIME_MOVED,0,
f_175014_,MINIMUM_TIME_LOOKED,0,
f_175015_,MOVE_HINT_DELAY,0,
f_175016_,LOOK_HINT_DELAY,0,
f_175017_,INCOMPLETE,0,
f_175018_,HINT_DELAY,0,
f_175019_,HINT_DELAY,0,
f_17501_,item,0,
f_175020_,bundleTutorial,0,
f_175042_,COLOR_LINK,0,
f_175043_,COLOR_LINK_HOVER,0,
f_175044_,COLOR_INFO,0,
f_175057_,labels,0,
f_175058_,TITLE_HEIGHT,0,
f_175060_,EXPIRATION_NOTIFICATION_DAYS,0,
f_175061_,SIZE_LIMIT,0,
f_175064_,COLOR_DARK_GRAY,0,
f_175065_,COLOR_MEDIUM_GRAY,0,
f_175066_,COLOR_GREEN,0,
f_175084_,PREFIX_RELATIVE,0,
f_175099_,INFINITE,0,
f_175100_,ANY_TYPE,0,
f_175112_,SYNTAX_SELECTOR_START,0,
f_175113_,SYNTAX_OPTIONS_KEY_VALUE_SEPARATOR,0,
f_175114_,SYNTAX_NOT,0,
f_175115_,SYNTAX_TAG,0,
f_175116_,SYNTAX_OPTIONS_START,0,
f_175117_,SYNTAX_OPTIONS_END,0,
f_175118_,SYNTAX_OPTIONS_SEPARATOR,0,
f_175119_,SELECTOR_NEAREST_PLAYER,0,
f_175120_,SELECTOR_ALL_PLAYERS,0,
f_175121_,SELECTOR_RANDOM_PLAYERS,0,
f_175122_,SELECTOR_CURRENT_ENTITY,0,
f_175123_,SELECTOR_ALL_ENTITIES,0,
f_175256_,VANILLA_UV_TRANSFORM_LOCAL_TO_GLOBAL,0,
f_175257_,VANILLA_UV_TRANSFORM_GLOBAL_TO_LOCAL,0,
f_175261_,Y_OFFSET,0,
f_175352_,TYPE_INSIDE,0,
f_175353_,TYPE_FACE,0,
f_175354_,TYPE_EDGE,0,
f_175355_,TYPE_CORNER,0,
f_175356_,CODEC,0,
f_175396_,BITS,0,
f_175397_,SIZE,0,
f_175398_,SECTION_TO_QUARTS_BITS,0,
f_175535_,SECTION_BITS,0,
f_175536_,SECTION_SIZE,0,
f_175537_,SECTION_HALF_SIZE,0,
f_175538_,SECTION_MAX_INDEX,0,
f_175539_,SECTION_MASK,0,
f_175540_,PACKED_X_LENGTH,0,
f_175541_,PACKED_Y_LENGTH,0,
f_175542_,PACKED_Z_LENGTH,0,
f_175543_,PACKED_X_MASK,0,
f_175544_,PACKED_Y_MASK,0,
f_175545_,PACKED_Z_MASK,0,
f_175546_,Y_OFFSET,0,
f_175547_,Z_OFFSET,0,
f_175548_,X_OFFSET,0,
f_175549_,RELATIVE_X_SHIFT,0,
f_175550_,RELATIVE_Y_SHIFT,0,
f_175551_,RELATIVE_Z_SHIFT,0,
f_175574_,ORDER,0,
f_175606_,EMPTY,0,
f_175607_,WATER,0,
f_175608_,LAVA,0,
f_175609_,POWDER_SNOW,0,
f_175610_,FILL_WATER,0,
f_175611_,FILL_LAVA,0,
f_175612_,FILL_POWDER_SNOW,0,
f_175613_,SHULKER_BOX,0,
f_175614_,BANNER,0,
f_175615_,DYED_ITEM,0,
f_175749_,LOGGER,0,
f_175751_,SCULK_PARTICLE_COLOR,0,
f_175752_,SCULK_TO_REDSTONE,0,
f_175753_,CODEC,0,
f_175755_,toColor,0,
f_175788_,REDSTONE_PARTICLE_COLOR,0,
f_175814_,SPORE_BLOSSOM,0,
f_175815_,limit,0,
f_175820_,VIBRATION,0,
f_175821_,SNOWFLAKE,0,
f_175822_,DRIPPING_DRIPSTONE_LAVA,0,
f_175823_,FALLING_DRIPSTONE_LAVA,0,
f_175824_,DRIPPING_DRIPSTONE_WATER,0,
f_175825_,FALLING_DRIPSTONE_WATER,0,
f_175826_,GLOW_SQUID_INK,0,
f_175827_,GLOW,0,
f_175828_,WAX_ON,0,
f_175829_,WAX_OFF,0,
f_175830_,ELECTRIC_SPARK,0,
f_175831_,SCRAPE,0,
f_175832_,FALLING_SPORE_BLOSSOM,0,
f_175833_,SPORE_BLOSSOM_AIR,0,
f_175834_,SMALL_FLAME,0,
f_175836_,DUST_COLOR_TRANSITION,0,
f_175842_,CODEC,0,
f_175870_,WAXED_WEATHERED_COPPER,0,
f_175871_,WAXED_WEATHERED_CUT_COPPER,0,
f_175872_,OXIDIZED_COPPER,0,
f_175873_,OXIDIZED_CUT_COPPER,0,
f_175874_,WAXED_OXIDIZED_COPPER,0,
f_175875_,WAXED_OXIDIZED_CUT_COPPER,0,
f_175876_,COBBLESTONE,0,
f_175877_,MOSSY_COBBLESTONE,0,
f_175878_,DIORITE,0,
f_175879_,POLISHED_DIORITE,0,
f_175880_,GRANITE,0,
f_175881_,POLISHED_GRANITE,0,
f_175882_,NETHER_BRICKS,0,
f_175883_,RED_NETHER_BRICKS,0,
f_175884_,PRISMARINE,0,
f_175885_,PURPUR,0,
f_175886_,PRISMARINE_BRICKS,0,
f_175887_,DARK_PRISMARINE,0,
f_175888_,QUARTZ,0,
f_175889_,SMOOTH_QUARTZ,0,
f_175890_,SANDSTONE,0,
f_175891_,CUT_SANDSTONE,0,
f_175892_,SMOOTH_SANDSTONE,0,
f_175893_,RED_SANDSTONE,0,
f_175894_,CUT_RED_SANDSTONE,0,
f_175895_,SMOOTH_RED_SANDSTONE,0,
f_175896_,ACACIA_PLANKS,0,
f_175897_,STONE,0,
f_175898_,STONE_BRICK,0,
f_175899_,DEEPSLATE,0,
f_175900_,COBBLED_DEEPSLATE,0,
f_175901_,POLISHED_DEEPSLATE,0,
f_175902_,DEEPSLATE_BRICKS,0,
f_175903_,DEEPSLATE_TILES,0,
f_175904_,MAP,0,
f_175905_,RECIPE_GROUP_PREFIX_WOODEN,0,
f_175906_,RECIPE_UNLOCKED_BY_HAS_PLANKS,0,
f_175907_,BIRCH_PLANKS,0,
f_175908_,CRIMSON_PLANKS,0,
f_175909_,JUNGLE_PLANKS,0,
f_175910_,OAK_PLANKS,0,
f_175911_,DARK_OAK_PLANKS,0,
f_175912_,SPRUCE_PLANKS,0,
f_175913_,WARPED_PLANKS,0,
f_175914_,ANDESITE,0,
f_175915_,POLISHED_ANDESITE,0,
f_175916_,BLACKSTONE,0,
f_175917_,POLISHED_BLACKSTONE,0,
f_175918_,POLISHED_BLACKSTONE_BRICKS,0,
f_175919_,BRICKS,0,
f_175920_,END_STONE_BRICKS,0,
f_175921_,MOSSY_STONE_BRICKS,0,
f_175922_,COPPER_BLOCK,0,
f_175923_,CUT_COPPER,0,
f_175924_,WAXED_COPPER_BLOCK,0,
f_175925_,WAXED_CUT_COPPER,0,
f_175926_,EXPOSED_COPPER,0,
f_175927_,EXPOSED_CUT_COPPER,0,
f_175928_,WAXED_EXPOSED_COPPER,0,
f_175929_,WAXED_EXPOSED_CUT_COPPER,0,
f_175930_,WEATHERED_COPPER,0,
f_175931_,WEATHERED_CUT_COPPER,0,
f_175943_,baseBlock,0,
f_175944_,variants,0,
f_175945_,generateModel,0,
f_175946_,generateRecipe,0,
f_175947_,recipeGroupPrefix,0,
f_175948_,recipeUnlockedBy,0,
f_175959_,family,0,
f_176079_,MULTIFACE_GENERATOR,0,
f_176080_,nonOrientableTrapdoor,0,
f_176081_,fullBlockModelCustomGenerators,0,
f_176082_,texturedModels,0,
f_176083_,SHAPE_CONSUMERS,0,
f_176254_,models,0,
f_176255_,family,0,
f_176462_,POINTED_DRIPSTONE,0,
f_176463_,CAULDRON_LEVEL1,0,
f_176464_,CAULDRON_LEVEL2,0,
f_176465_,CAULDRON_FULL,0,
f_176466_,AZALEA,0,
f_176467_,POTTED_AZALEA,0,
f_176468_,CANDLE,0,
f_176469_,TWO_CANDLES,0,
f_176470_,THREE_CANDLES,0,
f_176471_,FOUR_CANDLES,0,
f_176472_,CANDLE_CAKE,0,
f_176473_,CUBE_COLUMN_MIRRORED,0,
f_176490_,CANDLE,0,
f_176491_,INSIDE,0,
f_176492_,CONTENT,0,
f_177022_,FOSSIL_ROT,0,
f_177023_,FOSSIL_COAL,0,
f_177024_,FOSSIL_DIAMONDS,0,
f_177056_,DEFAULT_BATCH_NAME,0,
f_177057_,afterBatchFunction,0,
f_177099_,finalCheckAdded,0,
f_177469_,structureBlockEntity,0,
f_177495_,TEST_FUNCTIONS,0,
f_177496_,TEST_CLASS_NAMES,0,
f_177497_,BEFORE_BATCH_FUNCTIONS,0,
f_177498_,AFTER_BATCH_FUNCTIONS,0,
f_177499_,LAST_FAILED_TESTS,0,
f_177524_,DEFAULT_TESTS_PER_ROW,0,
f_177577_,this$0,0,
f_177578_,NOT_TRIGGERED,0,
f_177579_,triggerTime,0,
f_177585_,LOGGER,0,
f_177586_,PROGRESS_REPORT_INTERVAL,0,
f_177587_,testBatches,0,
f_177588_,spawnPos,0,
f_177589_,TEST_GAME_RULES,0,
f_177591_,testTracker,0,
f_177648_,SINGLETON,0,
f_177649_,DELEGATE,0,
f_177659_,document,0,
f_177660_,testSuite,0,
f_177661_,stopwatch,0,
f_177662_,destination,0,
f_177677_,NOT_STARTED_TEST_CHAR,0,
f_177678_,ONGOING_TEST_CHAR,0,
f_177679_,SUCCESSFUL_TEST_CHAR,0,
f_177680_,FAILED_OPTIONAL_TEST_CHAR,0,
f_177681_,FAILED_REQUIRED_TEST_CHAR,0,
f_177686_,attempts,0,
f_177687_,successes,0,
f_177741_,DEFAULT_TEST_STRUCTURES_DIR,0,
f_177742_,LOGGER,0,
f_177776_,$SwitchMap$net$minecraft$world$level$block$Rotation,0,
f_177786_,DEFAULT_CLEAR_RADIUS,0,
f_177787_,MAX_CLEAR_RADIUS,0,
f_177788_,STRUCTURE_BLOCK_NEARBY_SEARCH_RADIUS,0,
f_177789_,STRUCTURE_BLOCK_FULL_SEARCH_RADIUS,0,
f_177790_,TEST_POS_Z_OFFSET_FROM_PLAYER,0,
f_177791_,SHOW_POS_DURATION_MS,0,
f_177792_,DEFAULT_X_SIZE,0,
f_177793_,DEFAULT_Y_SIZE,0,
f_177794_,DEFAULT_Z_SIZE,0,
f_177798_,maxAttempts,0,
f_177799_,requiredSuccesses,0,
f_177832_,DEFAULT,0,
f_177870_,VANILLA_NAME,0,
f_177872_,metricsRecorder,0,
f_177873_,onMetricsRecordingStopped,0,
f_177874_,onMetricsRecordingFinished,0,
f_177875_,willStartRecordingMetrics,0,
f_177876_,debugCommandProfiler,0,
f_177877_,debugCommandProfilerDelayStart,0,
f_177883_,ABSOLUTE_MAX_WORLD_SIZE,0,
f_177884_,AVERAGE_TICK_TIME_SMOOTHING,0,
f_177885_,TICK_STATS_SPAN,0,
f_177890_,MAX_STATUS_PLAYER_SAMPLE,0,
f_177892_,AUTOSAVE_INTERVAL,0,
f_177893_,MAX_TICK_LATENCY,0,
f_177955_,startNanos,0,
f_177956_,startTick,0,
f_177963_,val$stopNanos,0,
f_177964_,val$stopTick,0,
f_177965_,this$0,0,
f_177979_,GAUSSIAN_SAMPLE_RADIUS,0,
f_177980_,GAUSSIAN_SAMPLE_BREADTH,0,
f_177985_,HIGH,0,
f_177986_,LOW,0,
f_177999_,HIGH,0,
f_178000_,LOW,0,
f_178007_,SNBT_DATA_TAG,0,
f_178008_,YXZ_LISTTAG_INT_COMPARATOR,0,
f_178009_,YXZ_LISTTAG_DOUBLE_COMPARATOR,0,
f_178010_,PROPERTIES_START,0,
f_178011_,PROPERTIES_END,0,
f_178012_,ELEMENT_SEPARATOR,0,
f_178013_,KEY_VALUE_SEPARATOR,0,
f_178014_,COMMA_SPLITTER,0,
f_178015_,COLON_SPLITTER,0,
f_178016_,INDENT,0,
f_178017_,NOT_FOUND,0,
f_178085_,HIGH,0,
f_178086_,LOW,0,
f_178088_,KEY_ORDER,0,
f_178089_,NO_INDENTATION,0,
f_178090_,SIMPLE_VALUE,0,
f_178091_,NAME_VALUE_SEPARATOR,0,
f_178092_,ELEMENT_SEPARATOR,0,
f_178093_,LIST_OPEN,0,
f_178094_,LIST_CLOSE,0,
f_178095_,LIST_TYPE_SEPARATOR,0,
f_178096_,ELEMENT_SPACING,0,
f_178097_,STRUCT_OPEN,0,
f_178098_,STRUCT_CLOSE,0,
f_178099_,NEWLINE,0,
f_178100_,indentation,0,
f_178101_,depth,0,
f_178102_,path,0,
f_178103_,result,0,
f_178149_,DOUBLE_QUOTE,0,
f_178150_,SINGLE_QUOTE,0,
f_178151_,ESCAPE,0,
f_178152_,NOT_SET,0,
f_178155_,SIMPLE_VALUE,0,
f_178156_,builder,0,
f_178189_,OBJECT_HEADER,0,
f_178190_,ARRAY_HEADER,0,
f_178191_,OBJECT_REFERENCE,0,
f_178192_,STRING_SIZE,0,
f_178193_,TAG_END,0,
f_178194_,TAG_BYTE,0,
f_178195_,TAG_SHORT,0,
f_178196_,TAG_INT,0,
f_178197_,TAG_LONG,0,
f_178198_,TAG_FLOAT,0,
f_178199_,TAG_DOUBLE,0,
f_178200_,TAG_BYTE_ARRAY,0,
f_178201_,TAG_STRING,0,
f_178202_,TAG_LIST,0,
f_178203_,TAG_COMPOUND,0,
f_178204_,TAG_INT_ARRAY,0,
f_178205_,TAG_LONG_ARRAY,0,
f_178206_,TAG_ANY_NUMERIC,0,
f_178207_,MAX_DEPTH,0,
f_178209_,ELEMENT_SEPARATOR,0,
f_178210_,NAME_VALUE_SEPARATOR,0,
f_178211_,LIST_OPEN,0,
f_178212_,LIST_CLOSE,0,
f_178213_,STRUCT_CLOSE,0,
f_178214_,STRUCT_OPEN,0,
f_178229_,LOGGER,0,
f_178230_,INLINE_LIST_THRESHOLD,0,
f_178231_,INLINE_ELEMENT_TYPES,0,
f_178232_,SYNTAX_HIGHLIGHTING_KEY,0,
f_178233_,SYNTAX_HIGHLIGHTING_STRING,0,
f_178234_,SYNTAX_HIGHLIGHTING_NUMBER,0,
f_178235_,SYNTAX_HIGHLIGHTING_NUMBER_TYPE,0,
f_178236_,SIMPLE_VALUE,0,
f_178237_,NAME_VALUE_SEPARATOR,0,
f_178238_,ELEMENT_SEPARATOR,0,
f_178239_,LIST_OPEN,0,
f_178240_,LIST_CLOSE,0,
f_178241_,LIST_TYPE_SEPARATOR,0,
f_178242_,ELEMENT_SPACING,0,
f_178243_,STRUCT_OPEN,0,
f_178244_,STRUCT_CLOSE,0,
f_178245_,NEWLINE,0,
f_178246_,indentation,0,
f_178247_,depth,0,
f_178248_,result,0,
f_178299_,AVERAGE_PACKETS_SMOOTHING,0,
f_178333_,MAX_STRING_LENGTH,0,
f_178334_,MAX_COMPONENT_STRING_LENGTH,0,
f_178337_,DEFAULT_NBT_QUOTA,0,
f_178388_,NEW_LINE,0,
f_178389_,NARRATION_SEPARATOR,0,
f_178419_,DEFAULT_SEPARATOR_TEXT,0,
f_178420_,DEFAULT_SEPARATOR,0,
f_178421_,DEFAULT_NO_STYLE_SEPARATOR,0,
f_178509_,PREFIX_CODE,0,
f_178538_,CUSTOM_COLOR_PREFIX,0,
f_178559_,MAGICAL_QUANTIZATION,0,
f_178560_,LIMIT,0,
f_178583_,SWING_MAIN_HAND,0,
f_178585_,WAKE_UP,0,
f_178586_,SWING_OFF_HAND,0,
f_178587_,CRITICAL_HIT,0,
f_178588_,MAGIC_CRITICAL_HIT,0,
f_178624_,systemReport,0,
f_178629_,FLAG_DARKEN,0,
f_178630_,FLAG_MUSIC,0,
f_178631_,FLAG_FOG,0,
f_178632_,REMOVE_OPERATION,0,
f_178664_,name,0,
f_178665_,progress,0,
f_178666_,color,0,
f_178667_,overlay,0,
f_178668_,darkenScreen,0,
f_178669_,playMusic,0,
f_178670_,createWorldFog,0,
f_178710_,reader,0,
f_178723_,name,0,
f_178734_,progress,0,
f_178745_,darkenScreen,0,
f_178746_,playMusic,0,
f_178747_,createWorldFog,0,
f_178760_,color,0,
f_178761_,overlay,0,
f_178777_,resetTimes,0,
f_178797_,MASK_TYPE,0,
f_178798_,FLAG_EXECUTABLE,0,
f_178799_,FLAG_REDIRECT,0,
f_178800_,FLAG_CUSTOM_SUGGESTIONS,0,
f_178801_,TYPE_ROOT,0,
f_178802_,TYPE_LITERAL,0,
f_178803_,TYPE_ARGUMENT,0,
f_178826_,CARRIED_ITEM,0,
f_178827_,PLAYER_INVENTORY,0,
f_178859_,DEMO_PARAM_INTRO,0,
f_178860_,DEMO_PARAM_HINT_1,0,
f_178861_,DEMO_PARAM_HINT_2,0,
f_178862_,DEMO_PARAM_HINT_3,0,
f_178863_,DEMO_PARAM_HINT_4,0,
f_178868_,newCenterX,0,
f_178869_,newCenterZ,0,
f_178870_,oldSize,0,
f_178871_,newSize,0,
f_178872_,lerpTime,0,
f_178873_,newAbsoluteMaxSize,0,
f_178874_,warningBlocks,0,
f_178875_,warningTime,0,
f_178968_,colorPatch,0,
f_179028_,FLAG_INVULNERABLE,0,
f_179029_,FLAG_FLYING,0,
f_179030_,FLAG_CAN_FLY,0,
f_179031_,FLAG_INSTABUILD,0,
f_179035_,duration,0,
f_179058_,playerId,0,
f_17905_,properties,0,
f_179060_,message,0,
f_17906_,nbt,0,
f_179194_,POS_IN_SECTION_BITS,0,
f_179199_,text,0,
f_17920_,blocks,0,
f_179211_,newCenterX,0,
f_179212_,newCenterZ,0,
f_17921_,properties,0,
f_179225_,oldSize,0,
f_179226_,newSize,0,
f_179227_,lerpTime,0,
f_17922_,nbt,0,
f_179241_,size,0,
f_179253_,warningDelay,0,
f_179265_,warningBlocks,0,
f_179295_,CONTINUE_MASK,0,
f_179302_,METHOD_ADD,0,
f_179303_,METHOD_REMOVE,0,
f_179304_,METHOD_CHANGE,0,
f_179309_,METHOD_ADD,0,
f_179310_,METHOD_REMOVE,0,
f_179311_,METHOD_CHANGE,0,
f_179312_,METHOD_JOIN,0,
f_179313_,METHOD_LEAVE,0,
f_179314_,MAX_VISIBILITY_LENGTH,0,
f_179315_,MAX_COLLISION_LENGTH,0,
f_179316_,parameters,0,
f_179352_,displayName,0,
f_179353_,playerPrefix,0,
f_179354_,playerSuffix,0,
f_179355_,nametagVisibility,0,
f_179356_,collisionRule,0,
f_179357_,color,0,
f_179358_,options,0,
f_179374_,text,0,
f_179388_,text,0,
f_179400_,fadeIn,0,
f_179401_,stay,0,
f_179402_,fadeOut,0,
f_179420_,LOCATION_ACCURACY,0,
f_179423_,HAS_SOURCE,0,
f_179424_,HAS_SOUND,0,
f_179462_,FLAG_AMBIENT,0,
f_179463_,FLAG_VISIBLE,0,
f_179464_,FLAG_SHOW_ICON,0,
f_179568_,carriedItem,0,
f_179569_,changedSlots,0,
f_179595_,ATTACK_ACTION,0,
f_179630_,reader,0,
f_179646_,hand,0,
f_179656_,hand,0,
f_179657_,location,0,
f_179707_,FLAG_FLYING,0,
f_179717_,FLAG_JUMPING,0,
f_179718_,FLAG_SHIFT_KEY_DOWN,0,
f_179752_,FLAG_TRACK_OUTPUT,0,
f_179753_,FLAG_CONDITIONAL,0,
f_179754_,FLAG_AUTOMATIC,0,
f_179761_,resourcePackVersion,0,
f_179762_,dataPackVersion,0,
f_179767_,FLAG_IGNORE_ENTITIES,0,
f_179768_,FLAG_SHOW_AIR,0,
f_179769_,FLAG_SHOW_BOUNDING_BOX,0,
f_179788_,MAX_STRING_LENGTH,0,
f_179799_,MAX_HOST_LENGTH,0,
f_179804_,MAX_PAYLOAD_SIZE,0,
f_179843_,MAX_ID_VALUE,0,
f_179907_,NAMESPACE_SEPARATOR,0,
f_179908_,DEFAULT_NAMESPACE,0,
f_179909_,REALMS_NAMESPACE,0,
f_179920_,MAX_FILE_NAME,0,
f_180074_,INDENT_OFFSET,0,
f_180075_,output,0,
f_180076_,lastIndent,0,
f_180077_,waitingForResult,0,
f_180118_,ERROR_NOT_MOB,0,
f_180119_,ERROR_NO_PATH,0,
f_180120_,ERROR_NOT_COMPLETE,0,
f_180148_,MAX_TEST_AREA,0,
f_180227_,MAX_CHUNK_LIMIT,0,
f_180230_,PERMISSION_LEVEL,0,
f_180233_,MAX_ALLOWED_ITEMSTACKS,0,
f_180236_,ERROR_TARGET_NOT_A_CONTAINER,0,
f_180237_,ERROR_TARGET_INAPPLICABLE_SLOT,0,
f_180238_,ERROR_SOURCE_NOT_A_CONTAINER,0,
f_180239_,ERROR_SOURCE_INAPPLICABLE_SLOT,0,
f_180240_,ERROR_TARGET_NO_CHANGES,0,
f_180241_,ERROR_TARGET_NO_CHANGES_KNOWN_ITEM,0,
f_180242_,SUGGEST_MODIFIER,0,
f_18032_,ITEM_TO_BLOCKENTITY,0,
f_18033_,ADD_NAMES,0,
f_180432_,LOGGER,0,
f_180433_,ERROR_NOT_RUNNING,0,
f_180434_,ERROR_ALREADY_RUNNING,0,
f_180523_,MAX_ITERATION_COUNT,0,
f_18072_,ADD_NAMES,0,
f_181073_,SPECIAL_OBJECTIVE_MARKER,0,
f_181074_,UNPACK_OBJECTIVE_ID,0,
f_181075_,REPACK_OBJECTIVE_ID,0,
f_181117_,LOGGER,0,
f_181147_,REGEN_BUFF_MAX_DURATION,0,
f_181233_,POSSIBLE_FLOW_DIRECTIONS,0,
f_181307_,TRACKED_DECORATION_LIMIT,0,
f_181308_,trackedDecorationCount,0,
f_181342_,minecraft,0,
f_181362_,mode,0,
f_181391_,speedupActive,0,
f_181392_,speedupModifiers,0,
f_181393_,SPEEDUP_FACTOR_FAST,0,
f_181400_,widthTooNarrow,0,
f_181442_,TEXT_POLYGON_OFFSET,0,
f_181443_,TEXT_INTENSITY_POLYGON_OFFSET,0,
f_18180_,ADD_NAMES,0,
f_18181_,LOGGER,0,
f_18182_,ITEM_TO_BLOCKENTITY,0,
f_181889_,SKIN_WIDTH,0,
f_181890_,SKIN_HEIGHT,0,
f_181891_,LEGACY_SKIN_HEIGHT,0,
f_181892_,LOGGER,0,
f_182284_,storageName,0,
f_182324_,reserve,0,
f_182333_,DEFAULT_EQUIPMENT_DROP_CHANCE,0,
f_182375_,ATTACK_TARGET_CONDITIONS_IGNORE_LINE_OF_SIGHT,0,
f_182376_,ATTACK_TARGET_CONDITIONS_IGNORE_INVISIBILITY_AND_LINE_OF_SIGHT,0,
f_182382_,ADULT_ATTACK_DAMAGE,0,
f_182383_,BABY_ATTACK_DAMAGE,0,
f_182405_,stateId,0,
f_182448_,RAIN_FILL_CHANCE,0,
f_182449_,POWDER_SNOW_FILL_CHANCE,0,
f_182457_,mainThreadExecutor,0,
f_182480_,LAYER_COUNT,0,
f_182485_,entityDeserializerQueue,0,
f_182504_,minY,0,
f_182505_,height,0,
f_182515_,NS_FULL_SCREEN_WINDOW_MASK,0,
f_182525_,ALLOCATOR,0,
f_182537_,UNKNOWN,0,
f_182565_,requiresUpload,0,
f_182638_,hasWorldScreenshot,0,
f_182671_,MAXIMUM_COMPRESSED_LENGTH,0,
f_182672_,MAXIMUM_UNCOMPRESSED_LENGTH,0,
f_182673_,validateDecompressed,0,
f_182701_,stateId,0,
f_182702_,carriedItem,0,
f_182710_,stateId,0,
f_182717_,entityIds,0,
f_182731_,MAX_SLOT_COUNT,0,
f_182732_,stateId,0,
f_182742_,MAX_BYTES_PER_CHAR,0,
f_182743_,TITLE_MAX_CHARS,0,
f_182744_,PAGE_MAX_CHARS,0,
f_182745_,MAX_PAGES_COUNT,0,
f_182746_,pages,0,
f_182747_,title,0,
f_18314_,LOGGER,0,
f_18315_,server,0,
f_18316_,mBeanInfo,0,
f_18317_,attributeDescriptionByName,0,
f_18346_,name,0,
f_18347_,getter,0,
f_18348_,description,0,
f_18349_,type,0,
f_183641_,START_FAILED,0,
f_183642_,DUMP_FAILED,0,
f_183662_,LOGGER,0,
f_18368_,WARNING_TIME_NANOS,0,
f_183694_,DEBUG_FEATURE_COUNT,0,
f_183695_,DEBUG_IGNORE_LOCAL_MOB_CAP,0,
f_183696_,DEBUG_AQUIFERS,0,
f_183697_,DEBUG_JFR_PROFILING_ENABLE_LEVEL_LOADING,0,
f_183698_,debugGenerateSquareTerrainWithoutNoise,0,
f_183699_,debugGenerateStripedTerrainWithoutNoise,0,
f_18369_,LOGGER,0,
f_183700_,DEBUG_DISABLE_BLENDING,0,
f_183701_,DEBUG_DISABLE_BELOW_ZERO_RETROGENERATION,0,
f_183702_,SERIES,0,
f_183703_,DEBUG_OPEN_INCOMPATIBLE_WORLDS,0,
f_183704_,DEBUG_ALLOW_LOW_SIM_DISTANCE,0,
f_18370_,paths,0,
f_183715_,simulationDistance,0,
f_183716_,hideOnlinePlayers,0,
f_18371_,startTimes,0,
f_18372_,entries,0,
f_18373_,getTickTime,0,
f_18374_,getRealTime,0,
f_18375_,startTimeNano,0,
f_18376_,startTimeTicks,0,
f_18377_,path,0,
f_18378_,started,0,
f_18379_,currentEntry,0,
f_18380_,warn,0,
f_183901_,tickingTicketsTracker,0,
f_183902_,simulationDistance,0,
f_183935_,DEFAULT_MAX_THREADS,0,
f_183936_,MAX_THREADS_SYSTEM_PROPERTY,0,
f_183937_,thePauser,0,
f_183994_,telemetryName,0,
f_184028_,chunk,0,
f_184029_,holder,0,
f_184046_,MAX_SCHEDULED_TICKS_PER_TICK,0,
f_184047_,fluidTicks,0,
f_184048_,blockEventsToReschedule,0,
f_18410_,count,0,
f_18411_,counters,0,
f_184125_,startingToFallPosition,0,
f_184126_,enteredLavaOnVehiclePosition,0,
f_184127_,allowsListing,0,
f_184141_,chunks,0,
f_184142_,INITIAL_TICKET_LIST_CAPACITY,0,
f_184143_,tickets,0,
f_184181_,fluidTicks,0,
f_184182_,subTickCount,0,
f_184208_,simulationDistance,0,
f_184214_,BUNDLE_DROP_CONTENTS,0,
f_184215_,BUNDLE_INSERT,0,
f_184216_,BUNDLE_REMOVE_ONE,0,
f_184217_,GROWING_PLANT_CROP,0,
f_184218_,MUSIC_DISC_OTHERSIDE,0,
f_184219_,MUSIC_BIOME_DRIPSTONE_CAVES,0,
f_184220_,MUSIC_BIOME_GROVE,0,
f_184221_,MUSIC_BIOME_JAGGED_PEAKS,0,
f_184222_,MUSIC_BIOME_LUSH_CAVES,0,
f_184223_,MUSIC_BIOME_MEADOW,0,
f_184224_,MUSIC_BIOME_FROZEN_PEAKS,0,
f_184225_,MUSIC_BIOME_SNOWY_SLOPES,0,
f_184226_,MUSIC_BIOME_STONY_PEAKS,0,
f_184227_,BIG_DRIPLEAF_PLACEABLE,0,
f_184228_,ANIMALS_SPAWNABLE_ON,0,
f_184229_,AXOLOTLS_SPAWNABLE_ON,0,
f_184230_,GOATS_SPAWNABLE_ON,0,
f_184231_,MOOSHROOMS_SPAWNABLE_ON,0,
f_184232_,PARROTS_SPAWNABLE_ON,0,
f_184234_,RABBITS_SPAWNABLE_ON,0,
f_184235_,FOXES_SPAWNABLE_ON,0,
f_184236_,WOLVES_SPAWNABLE_ON,0,
f_184273_,location,0,
f_184274_,value,0,
f_184275_,derivative,0,
f_184287_,coordinate,0,
f_184288_,valueTransformer,0,
f_184289_,locations,0,
f_184290_,values,0,
f_184291_,derivatives,0,
f_184308_,value,0,
f_18430_,realTime,0,
f_184319_,coordinate,0,
f_18431_,tickCount,0,
f_184320_,locations,0,
f_184321_,values,0,
f_184322_,derivatives,0,
f_18432_,profiler,0,
f_184349_,POSITIVE_FLOAT,0,
f_18441_,EMPTY,0,
f_184462_,val$value,0,
f_184474_,val$compressed,0,
f_184475_,val$normal,0,
f_18452_,LOGGER,0,
f_18453_,EMPTY,0,
f_18454_,SPLITTER,0,
f_18455_,COUNTER_ENTRY_COMPARATOR,0,
f_184562_,INT,0,
f_184563_,minInclusive,0,
f_184564_,maxInclusive,0,
f_18456_,entries,0,
f_18457_,startTimeNano,0,
f_18458_,startTimeTicks,0,
f_184592_,confidence,0,
f_184593_,description,0,
f_18459_,endTimeNano,0,
f_18460_,endTimeTicks,0,
f_184615_,description,0,
f_184616_,shouldReportAsModified,0,
f_18461_,tickDuration,0,
f_184659_,LOGGER,0,
f_184660_,LANG_MASK,0,
f_184661_,DEFAULT_LANG,0,
f_184662_,CODEPAGE_MASK,0,
f_184663_,DEFAULT_CODEPAGE,0,
f_184690_,name,0,
f_184691_,version,0,
f_184698_,description,0,
f_184699_,version,0,
f_184700_,company,0,
f_184706_,MAGIC,0,
f_184707_,data,0,
f_184708_,bits,0,
f_184709_,mask,0,
f_184710_,size,0,
f_184711_,valuesPerLong,0,
f_184712_,divideMul,0,
f_184713_,divideAdd,0,
f_184714_,divideShift,0,
f_184754_,val$values,0,
f_184759_,FALL_FROM_HEIGHT,0,
f_184760_,RIDE_ENTITY_IN_LAVA_TRIGGER,0,
f_184787_,RAW,0,
f_184788_,size,0,
f_184805_,name,0,
f_184806_,flagValue,0,
f_184807_,flagKey,0,
f_184808_,typeReference,0,
f_184821_,RENAMES,0,
f_184843_,DATAFIXER_CONTEXT_TAG,0,
f_184844_,DEFAULT_BIOME,0,
f_184845_,NAME,0,
f_184846_,OLD_SECTION_COUNT,0,
f_184847_,NEW_SECTION_COUNT,0,
f_184848_,NEW_MIN_SECTION_Y,0,
f_184850_,HEIGHTMAP_BITS,0,
f_184851_,HEIGHTMAP_MASK,0,
f_184852_,HEIGHTMAP_OFFSET,0,
f_184853_,HEIGHTMAP_TYPES,0,
f_184854_,STATUS_IS_OR_AFTER_SURFACE,0,
f_184855_,STATUS_IS_OR_AFTER_NOISE,0,
f_184856_,BLOCKS_BEFORE_FEATURE_STATUS,0,
f_184857_,BIOME_CONTAINER_LAYER_SIZE,0,
f_184858_,BIOME_CONTAINER_SIZE,0,
f_184859_,BIOME_CONTAINER_TOP_LAYER_OFFSET,0,
f_184860_,BIOMES_BY_ID,0,
f_184984_,SECTION_WIDTH,0,
f_184985_,ALWAYS_WATERLOGGED,0,
f_185080_,SIZE_BITS,0,
f_185081_,palette,0,
f_185082_,data,0,
f_185083_,bits,0,
f_185084_,mask,0,
f_185085_,valuesPerLong,0,
f_185171_,WAS_PREVIOUSLY_INCREASED_KEY,0,
f_185172_,NAME,0,
f_185270_,description,0,
f_185284_,ROOT_CATEGORY,0,
f_185285_,WORLD_GEN_CATEGORY,0,
f_185286_,TICK_CATEGORY,0,
f_185287_,NETWORK_CATEGORY,0,
f_185288_,LOGGER,0,
f_185289_,CUSTOM_EVENTS,0,
f_185290_,FLIGHT_RECORDER_CONFIG,0,
f_185291_,DATE_TIME_FORMATTER,0,
f_185292_,INSTANCE,0,
f_185293_,recording,0,
f_185294_,currentAverageTickTime,0,
f_185295_,networkTrafficByAddress,0,
f_185333_,summaryReporter,0,
f_185334_,this$0,0,
f_185340_,INSTANCE,0,
f_185355_,LOGGER,0,
f_185356_,noOpCommit,0,
f_18537_,selfValue,0,
f_185382_,DEFAULT_INDEXES,0,
f_18538_,totalValue,0,
f_185394_,LOGGER,0,
f_185395_,onDeregistration,0,
f_18539_,children,0,
f_185423_,REMOTE_ADDRESS,0,
f_185424_,PROTOCOL_ID,0,
f_185425_,PACKET_ID,0,
f_185426_,BYTES,0,
f_185428_,recordingStarted,0,
f_185429_,recordingEnded,0,
f_185430_,chunkGenStats,0,
f_185431_,cpuLoadStat,0,
f_185432_,receivedPackets,0,
f_185433_,sentPackets,0,
f_185434_,fileWrites,0,
f_185435_,fileReads,0,
f_185436_,garbageCollections,0,
f_185437_,gcTotalDuration,0,
f_185438_,gcHeapStats,0,
f_185439_,threadAllocationStats,0,
f_185440_,tickTimes,0,
f_185441_,worldCreationDuration,0,
f_185466_,val$recordingFile,0,
f_185472_,count,0,
f_185473_,totalSize,0,
f_185478_,recordingStarted,0,
f_185479_,recordingEnded,0,
f_185480_,recordingDuration,0,
f_185481_,worldCreationDuration,0,
f_185482_,tickTimes,0,
f_185483_,cpuLoadStats,0,
f_185484_,heapSummary,0,
f_185485_,threadAllocationSummary,0,
f_185486_,receivedPacketsSummary,0,
f_185487_,sentPacketsSummary,0,
f_185488_,fileWrites,0,
f_185489_,fileReads,0,
f_185490_,chunkGenStats,0,
f_185528_,gson,0,
f_185529_,BYTES_PER_SECOND,0,
f_185530_,COUNT,0,
f_185531_,DURATION_NANOS_TOTAL,0,
f_185532_,TOTAL_BYTES,0,
f_185533_,COUNT_PER_SECOND,0,
f_18554_,INSTANCE,0,
f_185592_,duration,0,
f_185593_,chunkPos,0,
f_185594_,worldPos,0,
f_185595_,status,0,
f_185596_,level,0,
f_185614_,jvm,0,
f_185615_,userJvm,0,
f_185616_,system,0,
f_185630_,duration,0,
f_185631_,path,0,
f_185632_,bytes,0,
f_185657_,totalBytes,0,
f_185658_,bytesPerSecond,0,
f_185659_,counts,0,
f_185660_,countsPerSecond,0,
f_185661_,timeSpentInIO,0,
f_185662_,topTenContributorsByTotalBytes,0,
f_185680_,timestamp,0,
f_185681_,heapUsed,0,
f_185682_,timing,0,
f_185705_,duration,0,
f_185706_,gcTotalDuration,0,
f_185707_,totalGCs,0,
f_185708_,allocationRateBytesPerSecond,0,
f_185786_,timestamp,0,
f_185787_,threadName,0,
f_185788_,totalBytes,0,
f_185789_,UNKNOWN_THREAD,0,
f_185811_,allocationsPerSecondByThread,0,
f_185819_,timestamp,0,
f_185820_,currentAverage,0,
f_185833_,fastest,0,
f_185834_,slowest,0,
f_185835_,secondSlowest,0,
f_185836_,count,0,
f_185837_,percentilesNanos,0,
f_185838_,totalDuration,0,
f_185865_,queues,0,
f_185866_,size,0,
f_185867_,CODEC,0,
f_185868_,mean,0,
f_185869_,deviation,0,
f_18587_,val$first,0,
f_18588_,val$second,0,
f_185907_,WEIGHTED_LIST,0,
f_185908_,CLAMPED_NORMAL,0,
f_185909_,CODEC,0,
f_185910_,distribution,0,
f_185911_,minValue,0,
f_185912_,maxValue,0,
f_185931_,minorHorizontalCollision,0,
f_185933_,chunkPosition,0,
f_185987_,CAN_BE_COLLIDED_WITH,0,
f_186008_,UPDATE_GOAL_SELECTOR_EVERY_N_TICKS,0,
f_186010_,DEFAULT_WALK_TARGET_VALUE,0,
f_186068_,lookAtCooldown,0,
f_18607_,percentage,0,
f_18608_,globalPercentage,0,
f_186098_,EMPTY,0,
f_186099_,nearbyEntities,0,
f_18609_,count,0,
f_186100_,lineOfSightTest,0,
f_18610_,name,0,
f_186181_,startPosition,0,
f_186182_,distance,0,
f_18621_,LOGGER,0,
f_18622_,realTime,0,
f_18623_,saveThreshold,0,
f_18624_,tick,0,
f_18625_,location,0,
f_18626_,profiler,0,
f_186310_,xp,0,
f_186311_,priceMultiplier,0,
f_186362_,FLOWERING_AZALEA_LEAVES,0,
f_186363_,MUSIC_DISC_OTHERSIDE,0,
f_186364_,GLOBE_BANNER_PATTERN,0,
f_186392_,box,0,
f_186393_,context,0,
f_186394_,cursor,0,
f_186395_,pos,0,
f_186396_,entityShape,0,
f_186397_,collisionGetter,0,
f_186398_,onlySuffocatingBlocks,0,
f_186399_,cachedBlockGetter,0,
f_186400_,cachedBlockGetterPos,0,
f_186419_,ZERO,0,
f_186455_,subTickCount,0,
f_186490_,val$height,0,
f_186491_,val$minBuildHeight,0,
f_186497_,playersNearChunk,0,
f_186498_,playerMobCounts,0,
f_186499_,chunkMap,0,
f_186515_,counts,0,
f_186542_,localMobCapCalculator,0,
f_186559_,CODEC,0,
f_186560_,LIST_CODEC,0,
f_186561_,entityToSpawn,0,
f_186562_,customSpawnRules,0,
f_186583_,CODEC,0,
f_186584_,blockLightLimit,0,
f_186585_,skyLightLimit,0,
f_186586_,LIGHT_RANGE,0,
f_18659_,parent,0,
f_18660_,partner,0,
f_18661_,child,0,
f_186648_,featureSet,0,
f_186673_,ZOOM_BITS,0,
f_186674_,ZOOM,0,
f_186675_,ZOOM_MASK,0,
f_186753_,WOODED_BADLANDS,0,
f_186754_,MEADOW,0,
f_186755_,GROVE,0,
f_186756_,SNOWY_SLOPES,0,
f_186757_,FROZEN_PEAKS,0,
f_186758_,JAGGED_PEAKS,0,
f_186759_,STONY_PEAKS,0,
f_186760_,STONY_SHORE,0,
f_186761_,SNOWY_PLAINS,0,
f_186762_,OLD_GROWTH_BIRCH_FOREST,0,
f_186763_,OLD_GROWTH_PINE_TAIGA,0,
f_186764_,OLD_GROWTH_SPRUCE_TAIGA,0,
f_186765_,WINDSWEPT_HILLS,0,
f_186766_,WINDSWEPT_GRAVELLY_HILLS,0,
f_186767_,WINDSWEPT_FOREST,0,
f_186768_,WINDSWEPT_SAVANNA,0,
f_186769_,SPARSE_JUNGLE,0,
f_186775_,PARAMETER_COUNT,0,
f_186776_,DEBUG_SLOW_BIOME_SEARCH,0,
f_186777_,QUANTIZATION_FACTOR,0,
f_18680_,name,0,
f_186812_,CODEC,0,
f_186813_,min,0,
f_186814_,max,0,
f_18681_,LOGGER,0,
f_18682_,pendingRunnables,0,
f_18683_,blockingCount,0,
f_186846_,values,0,
f_186847_,index,0,
f_186862_,CODEC,0,
f_186863_,temperature,0,
f_186864_,humidity,0,
f_186865_,continentalness,0,
f_186866_,erosion,0,
f_186867_,depth,0,
f_186868_,weirdness,0,
f_186869_,offset,0,
f_186909_,CHILDREN_PER_NODE,0,
f_186910_,root,0,
f_186911_,lastResult,0,
f_186948_,value,0,
f_186956_,parameterSpace,0,
f_186965_,children,0,
f_186978_,result,0,
f_186992_,location,0,
f_186993_,fitness,0,
f_187003_,temperature,0,
f_187004_,humidity,0,
f_187005_,continentalness,0,
f_187006_,erosion,0,
f_187007_,depth,0,
f_187008_,weirdness,0,
f_187121_,OCEANS,0,
f_187122_,MIDDLE_BIOMES,0,
f_187123_,MIDDLE_BIOMES_VARIANT,0,
f_187124_,PLATEAU_BIOMES,0,
f_187125_,PLATEAU_BIOMES_VARIANT,0,
f_187127_,HIGH_START,0,
f_187128_,PEAK_START,0,
f_187129_,NEAR_INLAND_START,0,
f_187130_,MID_INLAND_START,0,
f_187131_,FAR_INLAND_START,0,
f_187132_,EROSION_INDEX_1_START,0,
f_187133_,EROSION_INDEX_2_START,0,
f_187134_,VALLEY_SIZE,0,
f_187135_,LOW_START,0,
f_187136_,HIGH_END,0,
f_187137_,PEAK_SIZE,0,
f_187138_,PEAK_END,0,
f_187139_,FULL_RANGE,0,
f_187140_,temperatures,0,
f_187141_,humidities,0,
f_187142_,erosions,0,
f_187143_,FROZEN_RANGE,0,
f_187144_,UNFROZEN_RANGE,0,
f_187145_,mushroomFieldsContinentalness,0,
f_187146_,deepOceanContinentalness,0,
f_187147_,oceanContinentalness,0,
f_187148_,coastContinentalness,0,
f_187149_,inlandContinentalness,0,
f_187150_,nearInlandContinentalness,0,
f_187151_,midInlandContinentalness,0,
f_187152_,farInlandContinentalness,0,
f_18725_,val$name,0,
f_18726_,val$tell,0,
f_18734_,queue,0,
f_18735_,LOGGER,0,
f_18736_,status,0,
f_18737_,dispatcher,0,
f_18738_,name,0,
f_187576_,minY,0,
f_187577_,mask,0,
f_187602_,postProcessing,0,
f_187603_,unsaved,0,
f_187604_,chunkPos,0,
f_187605_,noiseChunk,0,
f_187606_,upgradeData,0,
f_187607_,blendingData,0,
f_187608_,heightmaps,0,
f_187609_,pendingBlockEntities,0,
f_187610_,blockEntities,0,
f_187611_,levelHeightAccessor,0,
f_187612_,sections,0,
f_187613_,LOGGER,0,
f_187614_,isLightCorrect,0,
f_187615_,inhabitedTime,0,
f_187617_,structureStarts,0,
f_187618_,structuresRefences,0,
f_18763_,reentrantCount,0,
f_187680_,blocks,0,
f_187681_,fluids,0,
f_18783_,priority,0,
f_18784_,task,0,
f_18790_,queue,0,
f_187918_,allowWrites,0,
f_187943_,fluidTicks,0,
f_18797_,LOGGER,0,
f_18798_,THREAD_FACTORY,0,
f_187994_,BIOME_CONTAINER_BITS,0,
f_187995_,biomes,0,
f_18800_,eraseCache,0,
f_18801_,levelStorage,0,
f_18802_,thread,0,
f_188031_,MIN_PALETTE_BITS,0,
f_188032_,data,0,
f_188033_,strategy,0,
f_18803_,dataFixer,0,
f_18804_,running,0,
f_18805_,finished,0,
f_18806_,progress,0,
f_18807_,totalChunks,0,
f_188085_,factory,0,
f_188086_,bits,0,
f_18808_,converted,0,
f_18809_,skipped,0,
f_188100_,configuration,0,
f_188101_,storage,0,
f_188102_,palette,0,
f_18810_,progressMap,0,
f_18811_,status,0,
f_18812_,REGEX,0,
f_188134_,SINGLE_VALUE_PALETTE_FACTORY,0,
f_188135_,LINEAR_PALETTE_FACTORY,0,
f_188136_,HASHMAP_PALETTE_FACTORY,0,
f_188137_,SECTION_STATES,0,
f_188138_,SECTION_BIOMES,0,
f_188139_,GLOBAL_PALETTE_FACTORY,0,
f_18813_,overworldDataStorage,0,
f_188140_,sizeBits,0,
f_188164_,belowZeroRetrogen,0,
f_188165_,fluidTicks,0,
f_188203_,registry,0,
f_188204_,value,0,
f_188205_,resizeHandler,0,
f_188227_,BLOCK_STATE_CODEC,0,
f_188228_,BLOCK_TICKS_TAG,0,
f_188229_,FLUID_TICKS_TAG,0,
f_188293_,WAY_ABOVE_MAX_Y,0,
f_188294_,WAY_BELOW_MIN_Y,0,
f_188388_,val$fluidRule,0,
f_188400_,fluidLevel,0,
f_188401_,fluidType,0,
f_188407_,noiseChunk,0,
f_188408_,fluidLevelFloodednessNoise,0,
f_188409_,fluidLevelSpreadNoise,0,
f_18840_,name,0,
f_188410_,positionalRandomFactory,0,
f_188411_,globalFluidPicker,0,
f_188412_,SURFACE_SAMPLING_OFFSETS_IN_CHUNKS,0,
f_18842_,color,0,
f_18843_,overlay,0,
f_18844_,darkenScreen,0,
f_188455_,CODEC,0,
f_188456_,UPGRADE_HEIGHT_ACCESSOR,0,
f_188457_,EMPTY,0,
f_188458_,BITSET_CODEC,0,
f_188459_,NON_EMPTY_CHUNK_STATUS,0,
f_18845_,playBossMusic,0,
f_188460_,targetStatus,0,
f_188461_,missingBedrock,0,
f_18846_,createWorldFog,0,
f_18847_,id,0,
f_188496_,FLOAT_MULTIPLIER,0,
f_188497_,DOUBLE_MULTIPLIER,0,
f_188536_,SURFACE,0,
f_188537_,UNRECOVERABLY_DENSE,0,
f_188538_,UNRECOVERABLY_THIN,0,
f_188571_,MODULUS_BITS,0,
f_188572_,MODULUS_MASK,0,
f_188573_,MULTIPLIER,0,
f_188574_,INCREMENT,0,
f_188575_,seed,0,
f_188576_,gaussianSource,0,
f_188586_,seed,0,
f_188597_,randomSource,0,
f_188598_,nextNextGaussian,0,
f_188599_,haveNextNextGaussian,0,
f_188607_,globalFluidPicker,0,
f_188717_,noiseSettings,0,
f_188718_,cellCountXZ,0,
f_188719_,cellCountY,0,
f_188720_,cellNoiseMinY,0,
f_188721_,firstCellX,0,
f_188722_,firstCellZ,0,
f_188723_,firstNoiseX,0,
f_188724_,firstNoiseZ,0,
f_188725_,interpolators,0,
f_188728_,aquifer,0,
f_188731_,blender,0,
f_18874_,name,0,
f_18875_,formatting,0,
f_188827_,this$0,0,
f_188828_,slice0,0,
f_188829_,slice1,0,
f_188830_,noiseFiller,0,
f_188831_,noise000,0,
f_188832_,noise001,0,
f_188833_,noise100,0,
f_188834_,noise101,0,
f_188835_,noise010,0,
f_188836_,noise011,0,
f_188837_,noise110,0,
f_188838_,noise111,0,
f_188839_,valueXZ00,0,
f_188840_,valueXZ10,0,
f_188841_,valueXZ01,0,
f_188842_,valueXZ11,0,
f_188843_,valueZ0,0,
f_188844_,valueZ1,0,
f_188845_,value,0,
f_188869_,LARGE_BIOMES,0,
f_188871_,surfaceRule,0,
f_18895_,name,0,
f_18910_,container1,0,
f_18911_,container2,0,
f_189243_,SPAGHETTI_ROUGHNESS_MODULATOR,0,
f_189244_,CAVE_ENTRANCE,0,
f_189245_,CAVE_LAYER,0,
f_189246_,CAVE_CHEESE,0,
f_189247_,ORE_VEININESS,0,
f_189248_,ORE_VEIN_A,0,
f_189249_,ORE_VEIN_B,0,
f_189250_,ORE_GAP,0,
f_189251_,NOODLE,0,
f_189252_,NOODLE_THICKNESS,0,
f_189253_,NOODLE_RIDGE_A,0,
f_189254_,NOODLE_RIDGE_B,0,
f_189255_,JAGGED,0,
f_189256_,SURFACE,0,
f_189257_,SURFACE_SECONDARY,0,
f_189258_,CLAY_BANDS_OFFSET,0,
f_189259_,BADLANDS_PILLAR,0,
f_189260_,BADLANDS_PILLAR_ROOF,0,
f_189261_,BADLANDS_SURFACE,0,
f_189262_,ICEBERG_PILLAR,0,
f_189263_,ICEBERG_PILLAR_ROOF,0,
f_189264_,ICEBERG_SURFACE,0,
f_189265_,SWAMP,0,
f_189266_,CALCITE,0,
f_189267_,GRAVEL,0,
f_189268_,POWDER_SNOW,0,
f_189269_,TEMPERATURE,0,
f_189270_,PACKED_ICE,0,
f_189271_,ICE,0,
f_189272_,SOUL_SAND_LAYER,0,
f_189273_,GRAVEL_LAYER,0,
f_189274_,PATCH,0,
f_189275_,NETHERRACK,0,
f_189276_,NETHER_WART,0,
f_189277_,NETHER_STATE_SELECTOR,0,
f_189278_,VEGETATION,0,
f_189279_,CONTINENTALNESS,0,
f_189280_,EROSION,0,
f_189281_,TEMPERATURE_LARGE,0,
f_189282_,VEGETATION_LARGE,0,
f_189283_,CONTINENTALNESS_LARGE,0,
f_189284_,EROSION_LARGE,0,
f_189285_,RIDGE,0,
f_189286_,SHIFT,0,
f_189287_,AQUIFER_BARRIER,0,
f_189288_,AQUIFER_FLUID_LEVEL_FLOODEDNESS,0,
f_189289_,AQUIFER_LAVA,0,
f_189290_,AQUIFER_FLUID_LEVEL_SPREAD,0,
f_189291_,PILLAR,0,
f_189292_,PILLAR_RARENESS,0,
f_189293_,PILLAR_THICKNESS,0,
f_189294_,SPAGHETTI_2D,0,
f_189295_,SPAGHETTI_2D_ELEVATION,0,
f_189296_,SPAGHETTI_2D_MODULATOR,0,
f_189297_,SPAGHETTI_2D_THICKNESS,0,
f_189298_,SPAGHETTI_3D_1,0,
f_189299_,SPAGHETTI_3D_2,0,
f_189300_,SPAGHETTI_3D_RARITY,0,
f_189301_,SPAGHETTI_3D_THICKNESS,0,
f_189302_,SPAGHETTI_ROUGHNESS,0,
f_189323_,GOLDEN_RATIO_64,0,
f_189324_,SILVER_RATIO_64,0,
f_189325_,SEED_UNIQUIFIER,0,
f_189335_,seedLo,0,
f_189336_,seedHi,0,
f_189346_,MODULUS_BITS,0,
f_189347_,MODULUS_MASK,0,
f_189348_,MULTIPLIER,0,
f_189349_,INCREMENT,0,
f_189350_,seed,0,
f_189351_,gaussianSource,0,
f_189375_,ON_FLOOR,0,
f_189376_,UNDER_FLOOR,0,
f_189377_,ON_CEILING,0,
f_189378_,UNDER_CEILING,0,
f_189429_,CODEC,0,
f_189444_,anchor,0,
f_189445_,surfaceDepthMultiplier,0,
f_189446_,addStoneDepth,0,
f_189447_,CODEC,0,
f_189467_,val$ruleContext,0,
f_189468_,this$0,0,
f_189474_,CODEC,0,
f_189489_,biomes,0,
f_189490_,CODEC,0,
f_189504_,val$ruleContext,0,
f_189506_,this$0,0,
f_189512_,resultState,0,
f_189513_,rule,0,
f_189514_,CODEC,0,
f_189532_,CODEC,0,
f_189535_,system,0,
f_189536_,temperature,0,
f_189537_,steep,0,
f_189538_,hole,0,
f_189539_,abovePreliminarySurface,0,
f_189540_,chunk,0,
f_189541_,noiseChunk,0,
f_189542_,biomeGetter,0,
f_189544_,context,0,
f_189545_,lastUpdateXZ,0,
f_189546_,blockX,0,
f_189547_,blockZ,0,
f_189548_,surfaceDepth,0,
f_189549_,lastSurfaceDepth2Update,0,
f_189551_,lastMinSurfaceLevelUpdate,0,
f_189552_,minSurfaceLevel,0,
f_189553_,lastUpdateY,0,
f_189554_,pos,0,
f_189555_,biome,0,
f_189557_,blockY,0,
f_189558_,waterHeight,0,
f_189559_,stoneDepthBelow,0,
f_189560_,stoneDepthAbove,0,
f_189586_,this$0,0,
f_189600_,CODEC,0,
f_189615_,lastUpdate,0,
f_189616_,context,0,
f_189617_,result,0,
f_189627_,noise,0,
f_189628_,minThreshold,0,
f_189629_,maxThreshold,0,
f_189630_,CODEC,0,
f_189650_,val$ruleContext,0,
f_189651_,val$noise,0,
f_189652_,this$0,0,
f_189658_,target,0,
f_189667_,target,0,
f_189668_,CODEC,0,
f_189682_,CODEC,0,
f_189685_,rules,0,
f_189697_,sequence,0,
f_189698_,CODEC,0,
f_189712_,state,0,
f_189725_,CODEC,0,
f_189740_,offset,0,
f_189741_,addSurfaceDepth,0,
f_189743_,surfaceType,0,
f_189744_,CODEC,0,
f_189766_,val$ruleContext,0,
f_189767_,val$ceiling,0,
f_189768_,this$0,0,
f_189778_,CODEC,0,
f_189793_,condition,0,
f_189794_,followup,0,
f_189808_,ifTrue,0,
f_189809_,thenRun,0,
f_189810_,CODEC,0,
f_189828_,randomName,0,
f_189829_,trueAtAndBelow,0,
f_189830_,falseAtAndAbove,0,
f_189831_,CODEC,0,
f_189851_,val$ruleContext,0,
f_189852_,val$trueAtAndBelow,0,
f_189853_,val$falseAtAndAbove,0,
f_189854_,val$randomFactory,0,
f_189863_,offset,0,
f_189864_,surfaceDepthMultiplier,0,
f_189865_,addStoneDepth,0,
f_189866_,CODEC,0,
f_189886_,val$ruleContext,0,
f_189887_,this$0,0,
f_189892_,surfaceSecondaryNoise,0,
f_189894_,WHITE_TERRACOTTA,0,
f_189895_,ORANGE_TERRACOTTA,0,
f_189896_,TERRACOTTA,0,
f_189897_,YELLOW_TERRACOTTA,0,
f_189898_,BROWN_TERRACOTTA,0,
f_189899_,RED_TERRACOTTA,0,
f_189900_,LIGHT_GRAY_TERRACOTTA,0,
f_189901_,PACKED_ICE,0,
f_189902_,SNOW_BLOCK,0,
f_189904_,defaultBlock,0,
f_189905_,seaLevel,0,
f_189906_,clayBands,0,
f_189907_,clayBandsOffsetNoise,0,
f_189908_,badlandsPillarNoise,0,
f_189909_,badlandsPillarRoofNoise,0,
f_189910_,badlandsSurfaceNoise,0,
f_189911_,icebergPillarNoise,0,
f_189912_,icebergPillarRoofNoise,0,
f_189913_,icebergSurfaceNoise,0,
f_189918_,surfaceNoise,0,
f_189996_,val$protoChunk,0,
f_189997_,val$columnPos,0,
f_189998_,val$chunkPos,0,
f_190054_,randomSource,0,
f_190076_,constructor,0,
f_190089_,seedLo,0,
f_190090_,seedHi,0,
f_190097_,FLOAT_UNIT,0,
f_190098_,DOUBLE_UNIT,0,
f_190099_,randomNumberGenerator,0,
f_190100_,gaussianSource,0,
f_190123_,seedLo,0,
f_190124_,seedHi,0,
f_190137_,EMPTY,0,
f_190138_,SHIFT_NOISE,0,
f_190139_,HEIGHT_BLENDING_RANGE_CELLS,0,
f_190140_,HEIGHT_BLENDING_RANGE_CHUNKS,0,
f_190141_,DENSITY_BLENDING_RANGE_CELLS,0,
f_190142_,DENSITY_BLENDING_RANGE_CHUNKS,0,
f_19018_,BY_ID,0,
f_19019_,id,0,
f_19020_,key,0,
f_190252_,CELL_HEIGHT,0,
f_190253_,NO_VALUE,0,
f_190254_,CODEC,0,
f_190255_,BLENDING_DENSITY_FACTOR,0,
f_190257_,CELLS_PER_SECTION_Y,0,
f_190258_,QUARTS_PER_SECTION,0,
f_190259_,CELL_HORIZONTAL_MAX_INDEX_INSIDE,0,
f_190260_,CELL_HORIZONTAL_MAX_INDEX_OUTSIDE,0,
f_190261_,CELL_COLUMN_INSIDE_COUNT,0,
f_190262_,CELL_COLUMN_OUTSIDE_COUNT,0,
f_190263_,CELL_COLUMN_COUNT,0,
f_190265_,SURFACE_BLOCKS,0,
f_190267_,hasCalculatedData,0,
f_190269_,heights,0,
f_190270_,densities,0,
f_190272_,DOUBLE_ARRAY_CODEC,0,
f_190370_,CODEC,0,
f_190381_,CODEC,0,
f_190392_,CODEC,0,
f_190393_,ONLY_IN_AIR_PREDICATE,0,
f_190394_,ONLY_IN_AIR_OR_WATER_PREDICATE,0,
f_19041_,base,0,
f_19042_,effectiveDifficulty,0,
f_190436_,MATCHING_BLOCKS,0,
f_190437_,MATCHING_FLUIDS,0,
f_190438_,SOLID,0,
f_190439_,REPLACEABLE,0,
f_190440_,WOULD_SURVIVE,0,
f_190441_,INSIDE_WORLD_BOUNDS,0,
f_190442_,ANY_OF,0,
f_190443_,ALL_OF,0,
f_190444_,NOT,0,
f_190445_,TRUE,0,
f_190453_,predicates,0,
f_190463_,CODEC,0,
f_190464_,offset,0,
f_190479_,CODEC,0,
f_190480_,blocks,0,
f_190492_,CODEC,0,
f_190493_,fluids,0,
f_190505_,CODEC,0,
f_190506_,predicate,0,
f_190521_,CODEC,0,
f_190530_,CODEC,0,
f_190539_,offset,0,
f_190553_,INSTANCE,0,
f_190554_,CODEC,0,
f_190565_,CODEC,0,
f_190566_,offset,0,
f_190567_,state,0,
f_190639_,registryAccess,0,
f_190640_,noiseChunk,0,
f_19084_,result,0,
f_19085_,object,0,
f_190874_,POINTED_DRIPSTONE,0,
f_190875_,BLOCK_COLUMN,0,
f_190876_,LOGGER,0,
f_190877_,data,0,
f_190905_,feature,0,
f_190906_,topFeature,0,
f_190916_,featureData,0,
f_190917_,chunksWithFeatures,0,
f_190927_,topFeature,0,
f_190953_,CODEC,0,
f_190954_,fluid,0,
f_190955_,barrier,0,
f_19102_,NO_LOCK,0,
f_19103_,key,0,
f_191171_,CODEC,0,
f_191172_,feature,0,
f_191173_,chance,0,
f_191206_,CODEC,0,
f_191207_,layers,0,
f_191208_,direction,0,
f_191209_,allowedPlacement,0,
f_191210_,prioritizeTip,0,
f_191233_,CODEC,0,
f_191234_,height,0,
f_191235_,state,0,
f_191258_,CODEC,0,
f_191259_,spreadWidth,0,
f_191260_,spreadHeight,0,
f_191274_,CODEC,0,
f_191275_,chanceOfTallerDripstone,0,
f_191276_,chanceOfDirectionalSpread,0,
f_191277_,chanceOfSpreadRadius2,0,
f_191278_,chanceOfSpreadRadius3,0,
f_191302_,xzSpread,0,
f_191303_,ySpread,0,
f_191304_,feature,0,
f_191364_,CODEC,0,
f_191365_,spreadWidth,0,
f_191366_,spreadHeight,0,
f_191367_,maxHeight,0,
f_19137_,potion,0,
f_191386_,NOISE_THRESHOLD_PROVIDER,0,
f_191387_,NOISE_PROVIDER,0,
f_191388_,DUAL_NOISE_PROVIDER,0,
f_191389_,CODEC,0,
f_191390_,variety,0,
f_191391_,slowNoiseParameters,0,
f_191392_,slowScale,0,
f_191393_,slowNoise,0,
f_191417_,seed,0,
f_191418_,parameters,0,
f_191419_,scale,0,
f_191420_,noise,0,
f_191438_,CODEC,0,
f_191439_,states,0,
f_191463_,CODEC,0,
f_191464_,threshold,0,
f_191465_,highChance,0,
f_191466_,defaultState,0,
f_191467_,lowStates,0,
f_191468_,highStates,0,
f_19146_,size,0,
f_19147_,items,0,
f_19148_,listeners,0,
f_191531_,WEIGHTED_LIST,0,
f_191532_,CODEC,0,
f_191533_,distribution,0,
f_191545_,materialRuleList,0,
f_191557_,CODEC,0,
f_191558_,INSTANCE,0,
f_191569_,CODEC,0,
f_191570_,predicate,0,
f_191585_,CODEC,0,
f_191586_,step,0,
f_191599_,CODEC,0,
f_191600_,count,0,
f_191623_,CODEC,0,
f_191624_,count,0,
f_191638_,CODEC,0,
f_191639_,directionOfSearch,0,
f_191640_,targetCondition,0,
f_191641_,allowedSearchCondition,0,
f_191642_,maxSteps,0,
f_191673_,CODEC,0,
f_191674_,height,0,
f_191695_,CODEC,0,
f_191696_,heightmap,0,
f_191711_,CODEC,0,
f_191712_,INSTANCE,0,
f_191722_,CODEC,0,
f_191723_,noiseToCountRatio,0,
f_191724_,noiseFactor,0,
f_191725_,noiseOffset,0,
f_191747_,CODEC,0,
f_191748_,noiseLevel,0,
f_191749_,belowNoise,0,
f_191750_,aboveNoise,0,
f_191772_,DIRECT_CODEC,0,
f_191773_,CODEC,0,
f_191774_,LIST_CODEC,0,
f_191775_,feature,0,
f_191776_,placement,0,
f_191814_,level,0,
f_191815_,generator,0,
f_191816_,topFeature,0,
f_191842_,CODEC,0,
f_191848_,BLOCK_PREDICATE_FILTER,0,
f_191849_,RARITY_FILTER,0,
f_191850_,SURFACE_RELATIVE_THRESHOLD_FILTER,0,
f_191851_,SURFACE_WATER_DEPTH_FILTER,0,
f_191852_,BIOME_FILTER,0,
f_191853_,COUNT,0,
f_191854_,NOISE_BASED_COUNT,0,
f_191855_,NOISE_THRESHOLD_COUNT,0,
f_191856_,COUNT_ON_EVERY_LAYER,0,
f_191857_,ENVIRONMENT_SCAN,0,
f_191858_,HEIGHTMAP,0,
f_191859_,HEIGHT_RANGE,0,
f_191860_,IN_SQUARE,0,
f_191861_,RANDOM_OFFSET,0,
f_191862_,CARVING_MASK_PLACEMENT,0,
f_191870_,CODEC,0,
f_191871_,xzSpread,0,
f_191872_,ySpread,0,
f_191895_,CODEC,0,
f_191896_,chance,0,
f_191919_,CODEC,0,
f_191920_,heightmap,0,
f_191921_,minInclusive,0,
f_191922_,maxInclusive,0,
f_191945_,CODEC,0,
f_191946_,maxWaterDepth,0,
f_19199_,title,0,
f_19200_,menuConstructor,0,
f_192427_,NONE,0,
f_19250_,source,0,
f_19252_,damage,0,
f_19255_,fallDistance,0,
f_192654_,pieceContainer,0,
f_192703_,chunkGenerator,0,
f_192705_,chunkPos,0,
f_192707_,heightAccessor,0,
f_192708_,random,0,
f_192709_,seed,0,
f_192741_,pieces,0,
f_192742_,LOGGER,0,
f_192743_,JIGSAW_RENAME,0,
f_192744_,RENAMES,0,
f_192762_,resourceManager,0,
f_192763_,registryAccess,0,
f_19276_,entries,0,
f_192778_,pieces,0,
f_19277_,mob,0,
f_19278_,lastDamageTime,0,
f_192799_,xzScale,0,
f_19279_,combatStartTime,0,
f_192800_,yScale,0,
f_19280_,combatEndTime,0,
f_19281_,inCombat,0,
f_19282_,takingDamage,0,
f_192851_,DIRECT_CODEC,0,
f_192852_,CODEC,0,
f_192853_,firstOctave,0,
f_192854_,amplitudes,0,
f_192867_,firstOctave,0,
f_192951_,pathTypesByPosCache,0,
f_192993_,MAIN_SERIES,0,
f_192994_,version,0,
f_192995_,series,0,
f_193019_,requiresManualConversion,0,
f_193030_,SET_POTION,0,
f_193043_,type,0,
f_193067_,potion,0,
f_193140_,CONTAINER_BLACKHOLE,0,
f_193141_,LEVEL_BLACKHOLE,0,
f_193163_,tickQueue,0,
f_193164_,pendingTicks,0,
f_193165_,ticksPerPosition,0,
f_193166_,onTickAdded,0,
f_193199_,CONTAINER_DRAIN_ORDER,0,
f_193200_,tickCheck,0,
f_193201_,profiler,0,
f_193202_,allContainers,0,
f_193203_,nextTickForContainer,0,
f_193204_,containersToTick,0,
f_193205_,toRunThisTick,0,
f_193206_,alreadyRunThisTick,0,
f_193207_,toRunThisTickSet,0,
f_193208_,chunkScheduleUpdater,0,
f_193291_,ticks,0,
f_193292_,ticksPerPosition,0,
f_193310_,UNIQUE_TICK_HASH,0,
f_193311_,type,0,
f_193312_,pos,0,
f_193313_,delay,0,
f_193314_,priority,0,
f_193315_,TAG_ID,0,
f_193316_,TAG_X,0,
f_193317_,TAG_Y,0,
f_193318_,TAG_Z,0,
f_193319_,TAG_DELAY,0,
f_193320_,TAG_PRIORITY,0,
f_193373_,DRAIN_ORDER,0,
f_193374_,INTRA_TICK_DRAIN_ORDER,0,
f_193375_,UNIQUE_TICK_HASH,0,
f_193376_,type,0,
f_193377_,pos,0,
f_193378_,triggerTick,0,
f_193379_,priority,0,
f_193380_,subTickOrder,0,
f_193438_,value,0,
f_193452_,containerGetter,0,
f_193464_,NO_DEVICE,0,
f_193465_,currentDevice,0,
f_193466_,supportsDisconnections,0,
f_193467_,defaultDeviceName,0,
f_193584_,userApiService,0,
f_193762_,allowServerListing,0,
f_193763_,showAutosaveIndicator,0,
f_193764_,soundDevice,0,
f_193765_,serverRenderDistance,0,
f_193766_,DEFAULT_SOUND_DEVICE,0,
f_193768_,simulationDistance,0,
f_193769_,prioritizeChunkUpdates,0,
f_193776_,BY_ID,0,
f_193777_,id,0,
f_193778_,key,0,
f_193796_,xuid,0,
f_193797_,clientId,0,
f_193809_,source,0,
f_193817_,cache,0,
f_193818_,lock,0,
f_193819_,BLOCKS_PER_LAYER,0,
f_193827_,ALPHA_CUTOFF,0,
f_193828_,autosaveIndicatorValue,0,
f_193829_,lastAutosaveIndicatorValue,0,
f_193830_,SAVING_TEXT,0,
f_193831_,AUTOSAVE_FADE_SPEED_FACTOR,0,
f_193858_,keyBindsScreen,0,
f_193859_,maxNameWidth,0,
f_193881_,this$0,0,
f_193882_,name,0,
f_193883_,width,0,
f_193902_,this$1,0,
f_193909_,this$0,0,
f_193910_,key,0,
f_193911_,name,0,
f_193912_,changeButton,0,
f_193913_,resetButton,0,
f_193975_,selectedKey,0,
f_193976_,lastKeySelection,0,
f_193977_,keyBindsList,0,
f_193978_,resetButton,0,
f_194054_,onlineMode,0,
f_194055_,pendingBlockListRefresh,0,
f_194113_,WORLD_REQUIRES_CONVERSION,0,
f_194122_,lightUpdateQueue,0,
f_194123_,serverSimulationDistance,0,
f_194124_,MARKER_PARTICLE_ITEMS,0,
f_194125_,NORMAL_LIGHT_UPDATES_PER_FRAME,0,
f_194126_,LIGHT_UPDATE_QUEUE_SIZE_THRESHOLD,0,
f_194190_,serverSimulationDistance,0,
f_194437_,OFFSET_STEP,0,
f_194438_,viewVector,0,
f_194450_,CELL_BORDER,0,
f_194451_,YELLOW,0,
f_194466_,MIN_SIM_DISTANCE,0,
f_194467_,previousSimulationDistance,0,
f_194469_,OPEN_AL_SOFT_PREFIX,0,
f_19446_,attributeModifiers,0,
f_194470_,OPEN_AL_SOFT_PREFIX_LENGTH,0,
f_194471_,DEFAULT_DEVICE_CHECK_INTERVAL_MS,0,
f_194472_,lastDeviceCheckTime,0,
f_194473_,devicePoolState,0,
f_19447_,category,0,
f_19448_,color,0,
f_19449_,descriptionId,0,
f_194527_,VERTICAL_CODEC,0,
f_194530_,DEFAULT,0,
f_194564_,MASK,0,
f_194652_,BLOCK_MARKER,0,
f_194741_,CAVE_EXTRA_UNDERGROUND,0,
f_194771_,SOUL_SOIL,0,
f_194772_,BASALT,0,
f_194773_,BLACKSTONE,0,
f_194774_,WARPED_WART_BLOCK,0,
f_194775_,WARPED_NYLIUM,0,
f_194776_,NETHER_WART_BLOCK,0,
f_194777_,CRIMSON_NYLIUM,0,
f_194778_,ENDSTONE,0,
f_194779_,AIR,0,
f_194780_,BEDROCK,0,
f_194781_,WHITE_TERRACOTTA,0,
f_194782_,ORANGE_TERRACOTTA,0,
f_194783_,TERRACOTTA,0,
f_194784_,RED_SAND,0,
f_194785_,RED_SANDSTONE,0,
f_194786_,STONE,0,
f_194787_,DEEPSLATE,0,
f_194788_,DIRT,0,
f_194789_,PODZOL,0,
f_194790_,COARSE_DIRT,0,
f_194791_,MYCELIUM,0,
f_194792_,GRASS_BLOCK,0,
f_194793_,CALCITE,0,
f_194794_,GRAVEL,0,
f_194795_,SAND,0,
f_194796_,SANDSTONE,0,
f_194797_,PACKED_ICE,0,
f_194798_,SNOW_BLOCK,0,
f_194799_,POWDER_SNOW,0,
f_194800_,ICE,0,
f_194801_,WATER,0,
f_194802_,LAVA,0,
f_194803_,NETHERRACK,0,
f_194804_,SOUL_SAND,0,
f_194836_,NORMAL_WATER_COLOR,0,
f_194837_,NORMAL_WATER_FOG_COLOR,0,
f_194838_,OVERWORLD_FOG_COLOR,0,
f_194839_,NORMAL_MUSIC,0,
f_19490_,tooltipFormatting,0,
f_194925_,SEAGRASS_SHORT,0,
f_194926_,SEAGRASS_SLIGHTLY_LESS_SHORT,0,
f_194927_,SEAGRASS_MID,0,
f_194928_,SEAGRASS_TALL,0,
f_194929_,SEA_PICKLE,0,
f_194930_,SEAGRASS_SIMPLE,0,
f_194931_,KELP,0,
f_194932_,WARM_OCEAN_VEGETATION,0,
f_194938_,MONSTER_ROOM,0,
f_194939_,FOSSIL_COAL,0,
f_194940_,FOSSIL_DIAMONDS,0,
f_194941_,DRIPSTONE_CLUSTER,0,
f_194942_,LARGE_DRIPSTONE,0,
f_194943_,POINTED_DRIPSTONE,0,
f_194944_,UNDERWATER_MAGMA,0,
f_194945_,GLOW_LICHEN,0,
f_194946_,ROOTED_AZALEA_TREE,0,
f_194947_,CAVE_VINE,0,
f_194948_,CAVE_VINE_IN_MOSS,0,
f_194949_,MOSS_VEGETATION,0,
f_194950_,MOSS_PATCH,0,
f_194951_,MOSS_PATCH_BONEMEAL,0,
f_194952_,DRIPLEAF,0,
f_194953_,CLAY_WITH_DRIPLEAVES,0,
f_194954_,CLAY_POOL_WITH_DRIPLEAVES,0,
f_194955_,LUSH_CAVES_CLAY,0,
f_194956_,MOSS_PATCH_CEILING,0,
f_194957_,SPORE_BLOSSOM,0,
f_194958_,AMETHYST_GEODE,0,
f_194982_,END_SPIKE,0,
f_194983_,END_GATEWAY_RETURN,0,
f_194984_,END_GATEWAY_DELAYED,0,
f_194985_,CHORUS_PLANT,0,
f_194986_,END_ISLAND,0,
f_195010_,ICE_SPIKE,0,
f_195011_,ICE_PATCH,0,
f_195012_,FOREST_ROCK,0,
f_195013_,ICEBERG_PACKED,0,
f_195014_,ICEBERG_BLUE,0,
f_195015_,BLUE_ICE,0,
f_195016_,LAKE_LAVA,0,
f_195017_,DISK_CLAY,0,
f_195018_,DISK_GRAVEL,0,
f_195019_,DISK_SAND,0,
f_19501_,LOGGER,0,
f_195020_,FREEZE_TOP_LAYER,0,
f_195021_,BONUS_CHEST,0,
f_195022_,VOID_START_PLATFORM,0,
f_195023_,DESERT_WELL,0,
f_195024_,SPRING_LAVA_OVERWORLD,0,
f_195025_,SPRING_LAVA_FROZEN,0,
f_195026_,SPRING_WATER,0,
f_195029_,DELTA,0,
f_19502_,effect,0,
f_195030_,SMALL_BASALT_COLUMNS,0,
f_195031_,LARGE_BASALT_COLUMNS,0,
f_195032_,BASALT_BLOBS,0,
f_195033_,BLACKSTONE_BLOBS,0,
f_195034_,GLOWSTONE_EXTRA,0,
f_195036_,CRIMSON_FOREST_VEGETATION,0,
f_195037_,CRIMSON_FOREST_VEGETATION_BONEMEAL,0,
f_195039_,WARPED_FOREST_VEGETION,0,
f_19503_,duration,0,
f_195040_,WARPED_FOREST_VEGETATION_BONEMEAL,0,
f_195041_,NETHER_SPROUTS,0,
f_195042_,NETHER_SPROUTS_BONEMEAL,0,
f_195043_,TWISTING_VINES,0,
f_195044_,TWISTING_VINES_BONEMEAL,0,
f_195045_,WEEPING_VINES,0,
f_195046_,PATCH_CRIMSON_ROOTS,0,
f_195047_,BASALT_PILLAR,0,
f_195048_,SPRING_LAVA_NETHER,0,
f_195049_,SPRING_NETHER_CLOSED,0,
f_19504_,amplifier,0,
f_195050_,SPRING_NETHER_OPEN,0,
f_195051_,PATCH_FIRE,0,
f_195052_,PATCH_SOUL_FIRE,0,
f_195055_,ORE_IRON_SMALL,0,
f_195056_,ORE_GOLD,0,
f_195057_,ORE_GOLD_BURIED,0,
f_195058_,ORE_REDSTONE,0,
f_195059_,ORE_DIAMOND_SMALL,0,
f_195060_,ORE_DIAMOND_LARGE,0,
f_195061_,ORE_DIAMOND_BURIED,0,
f_195062_,ORE_LAPIS,0,
f_195063_,ORE_LAPIS_BURIED,0,
f_195064_,ORE_INFESTED,0,
f_195065_,ORE_EMERALD,0,
f_195066_,ORE_ANCIENT_DEBRIS_LARGE,0,
f_195067_,ORE_ANCIENT_DEBRIS_SMALL,0,
f_195068_,ORE_COPPPER_SMALL,0,
f_195069_,ORE_COPPER_LARGE,0,
f_19506_,ambient,0,
f_195070_,ORE_CLAY,0,
f_195082_,ORE_MAGMA,0,
f_195083_,ORE_SOUL_SAND,0,
f_195084_,ORE_NETHER_GOLD,0,
f_195085_,ORE_QUARTZ,0,
f_195086_,ORE_GRAVEL_NETHER,0,
f_195087_,ORE_BLACKSTONE,0,
f_195088_,ORE_DIRT,0,
f_195089_,ORE_GRAVEL,0,
f_19508_,visible,0,
f_195090_,ORE_GRANITE,0,
f_195091_,ORE_DIORITE,0,
f_195092_,ORE_ANDESITE,0,
f_195093_,ORE_TUFF,0,
f_195094_,ORE_COAL,0,
f_195095_,ORE_COAL_BURIED,0,
f_195096_,ORE_IRON,0,
f_195099_,PILE_HAY,0,
f_19509_,showIcon,0,
f_195100_,PILE_MELON,0,
f_195101_,PILE_SNOW,0,
f_195102_,PILE_ICE,0,
f_195103_,PILE_PUMPKIN,0,
f_195106_,BIRCH_BEES_0002,0,
f_195107_,BIRCH_BEES_002,0,
f_195108_,BIRCH_BEES_005,0,
f_195109_,FANCY_OAK_BEES_0002,0,
f_19510_,hiddenEffect,0,
f_195110_,FANCY_OAK_BEES_002,0,
f_195111_,FANCY_OAK_BEES_005,0,
f_195112_,FANCY_OAK_BEES,0,
f_195117_,CRIMSON_FUNGUS,0,
f_195118_,CRIMSON_FUNGUS_PLANTED,0,
f_195119_,WARPED_FUNGUS,0,
f_195120_,WARPED_FUNGUS_PLANTED,0,
f_195121_,HUGE_BROWN_MUSHROOM,0,
f_195122_,HUGE_RED_MUSHROOM,0,
f_195123_,OAK,0,
f_195124_,DARK_OAK,0,
f_195125_,BIRCH,0,
f_195126_,ACACIA,0,
f_195127_,SPRUCE,0,
f_195128_,PINE,0,
f_195129_,JUNGLE_TREE,0,
f_195130_,FANCY_OAK,0,
f_195131_,JUNGLE_TREE_NO_VINE,0,
f_195132_,MEGA_JUNGLE_TREE,0,
f_195133_,MEGA_SPRUCE,0,
f_195134_,MEGA_PINE,0,
f_195135_,SUPER_BIRCH_BEES_0002,0,
f_195136_,SUPER_BIRCH_BEES,0,
f_195137_,SWAMP_OAK,0,
f_195138_,JUNGLE_BUSH,0,
f_195139_,AZALEA_TREE,0,
f_195140_,OAK_BEES_0002,0,
f_195141_,OAK_BEES_002,0,
f_195142_,OAK_BEES_005,0,
f_195157_,TREES_FLOWER_FOREST,0,
f_195158_,MEADOW_TREES,0,
f_195159_,TREES_TAIGA,0,
f_195160_,TREES_GROVE,0,
f_195161_,TREES_SAVANNA,0,
f_195162_,BIRCH_TALL,0,
f_195163_,TREES_WINDSWEPT_HILLS,0,
f_195164_,TREES_WATER,0,
f_195165_,TREES_BIRCH_AND_OAK,0,
f_195166_,TREES_PLAINS,0,
f_195167_,TREES_SPARSE_JUNGLE,0,
f_195168_,TREES_OLD_GROWTH_SPRUCE_TAIGA,0,
f_195169_,TREES_OLD_GROWTH_PINE_TAIGA,0,
f_195170_,TREES_JUNGLE,0,
f_195171_,BAMBOO_VEGETATION,0,
f_195172_,MUSHROOM_ISLAND_VEGETATION,0,
f_195173_,BAMBOO_NO_PODZOL,0,
f_195174_,BAMBOO_SOME_PODZOL,0,
f_195175_,VINES,0,
f_195176_,PATCH_BROWN_MUSHROOM,0,
f_195177_,PATCH_RED_MUSHROOM,0,
f_195178_,PATCH_SUNFLOWER,0,
f_195179_,PATCH_PUMPKIN,0,
f_195180_,PATCH_BERRY_BUSH,0,
f_195181_,PATCH_TAIGA_GRASS,0,
f_195182_,PATCH_GRASS,0,
f_195183_,PATCH_GRASS_JUNGLE,0,
f_195184_,SINGLE_PIECE_OF_GRASS,0,
f_195185_,PATCH_DEAD_BUSH,0,
f_195186_,PATCH_MELON,0,
f_195187_,PATCH_WATERLILY,0,
f_195188_,PATCH_TALL_GRASS,0,
f_195189_,PATCH_LARGE_FERN,0,
f_195190_,PATCH_CACTUS,0,
f_195191_,PATCH_SUGAR_CANE,0,
f_195192_,FLOWER_DEFAULT,0,
f_195193_,FLOWER_FLOWER_FOREST,0,
f_195194_,FLOWER_SWAMP,0,
f_195195_,FLOWER_PLAIN,0,
f_195196_,FLOWER_MEADOW,0,
f_195197_,FOREST_FLOWERS,0,
f_195198_,DARK_FOREST_VEGETATION,0,
f_195218_,SEAGRASS_WARM,0,
f_195219_,SEAGRASS_NORMAL,0,
f_195220_,SEAGRASS_COLD,0,
f_195221_,SEAGRASS_RIVER,0,
f_195222_,SEAGRASS_SWAMP,0,
f_195223_,SEAGRASS_DEEP_WARM,0,
f_195224_,SEAGRASS_DEEP,0,
f_195225_,SEAGRASS_DEEP_COLD,0,
f_195226_,SEAGRASS_SIMPLE,0,
f_195227_,SEA_PICKLE,0,
f_195228_,KELP_COLD,0,
f_195229_,KELP_WARM,0,
f_195230_,WARM_OCEAN_VEGETATION,0,
f_195235_,MONSTER_ROOM,0,
f_195236_,MONSTER_ROOM_DEEP,0,
f_195237_,FOSSIL_UPPER,0,
f_195238_,FOSSIL_LOWER,0,
f_195239_,DRIPSTONE_CLUSTER,0,
f_195240_,LARGE_DRIPSTONE,0,
f_195241_,POINTED_DRIPSTONE,0,
f_195242_,UNDERWATER_MAGMA,0,
f_195243_,GLOW_LICHEN,0,
f_195244_,ROOTED_AZALEA_TREE,0,
f_195245_,CAVE_VINES,0,
f_195246_,LUSH_CAVES_VEGETATION,0,
f_195247_,LUSH_CAVES_CLAY,0,
f_195248_,LUSH_CAVES_CEILING_VEGETATION,0,
f_195249_,SPORE_BLOSSOM,0,
f_195250_,CLASSIC_VINES,0,
f_195251_,AMETHYST_GEODE,0,
f_195254_,END_SPIKE,0,
f_195255_,END_GATEWAY_RETURN,0,
f_195256_,CHORUS_PLANT,0,
f_195257_,END_ISLAND_DECORATED,0,
f_195260_,ICE_SPIKE,0,
f_195261_,ICE_PATCH,0,
f_195262_,FOREST_ROCK,0,
f_195263_,ICEBERG_PACKED,0,
f_195264_,ICEBERG_BLUE,0,
f_195265_,BLUE_ICE,0,
f_195266_,LAKE_LAVA_UNDERGROUND,0,
f_195267_,LAKE_LAVA_SURFACE,0,
f_195268_,DISK_CLAY,0,
f_195269_,DISK_GRAVEL,0,
f_195270_,DISK_SAND,0,
f_195271_,FREEZE_TOP_LAYER,0,
f_195272_,VOID_START_PLATFORM,0,
f_195273_,DESERT_WELL,0,
f_195274_,SPRING_LAVA,0,
f_195275_,SPRING_LAVA_FROZEN,0,
f_195276_,SPRING_WATER,0,
f_195279_,DELTA,0,
f_195280_,SMALL_BASALT_COLUMNS,0,
f_195281_,LARGE_BASALT_COLUMNS,0,
f_195282_,BASALT_BLOBS,0,
f_195283_,BLACKSTONE_BLOBS,0,
f_195284_,GLOWSTONE_EXTRA,0,
f_195285_,GLOWSTONE,0,
f_195286_,CRIMSON_FOREST_VEGETATION,0,
f_195287_,WARPED_FOREST_VEGETATION,0,
f_195288_,NETHER_SPROUTS,0,
f_195289_,TWISTING_VINES,0,
f_195290_,WEEPING_VINES,0,
f_195291_,PATCH_CRIMSON_ROOTS,0,
f_195292_,BASALT_PILLAR,0,
f_195293_,SPRING_DELTA,0,
f_195294_,SPRING_CLOSED,0,
f_195295_,SPRING_CLOSED_DOUBLE,0,
f_195296_,SPRING_OPEN,0,
f_195298_,PATCH_SOUL_FIRE,0,
f_195299_,PATCH_FIRE,0,
f_195302_,ORE_REDSTONE_LOWER,0,
f_195303_,ORE_DIAMOND,0,
f_195304_,ORE_DIAMOND_LARGE,0,
f_195305_,ORE_DIAMOND_BURIED,0,
f_195306_,ORE_LAPIS,0,
f_195307_,ORE_LAPIS_BURIED,0,
f_195308_,ORE_INFESTED,0,
f_195309_,ORE_EMERALD,0,
f_195310_,ORE_ANCIENT_DEBRIS_LARGE,0,
f_195311_,ORE_ANCIENT_DEBRIS_SMALL,0,
f_195312_,ORE_COPPER,0,
f_195313_,ORE_COPPER_LARGE,0,
f_195314_,ORE_CLAY,0,
f_195315_,ORE_MAGMA,0,
f_195316_,ORE_SOUL_SAND,0,
f_195317_,ORE_GOLD_DELTAS,0,
f_195318_,ORE_QUARTZ_DELTAS,0,
f_195319_,ORE_GOLD_NETHER,0,
f_195320_,ORE_QUARTZ_NETHER,0,
f_195321_,ORE_GRAVEL_NETHER,0,
f_195322_,ORE_BLACKSTONE,0,
f_195323_,ORE_DIRT,0,
f_195324_,ORE_GRAVEL,0,
f_195325_,ORE_GRANITE_UPPER,0,
f_195326_,ORE_GRANITE_LOWER,0,
f_195327_,ORE_DIORITE_UPPER,0,
f_195328_,ORE_DIORITE_LOWER,0,
f_195329_,ORE_ANDESITE_UPPER,0,
f_195330_,ORE_ANDESITE_LOWER,0,
f_195331_,ORE_TUFF,0,
f_195332_,ORE_COAL_UPPER,0,
f_195333_,ORE_COAL_LOWER,0,
f_195334_,ORE_IRON_UPPER,0,
f_195335_,ORE_IRON_MIDDLE,0,
f_195336_,ORE_IRON_SMALL,0,
f_195337_,ORE_GOLD_EXTRA,0,
f_195338_,ORE_GOLD,0,
f_195339_,ORE_GOLD_LOWER,0,
f_195340_,ORE_REDSTONE,0,
f_195352_,HEIGHTMAP,0,
f_195353_,HEIGHTMAP_TOP_SOLID,0,
f_195354_,HEIGHTMAP_WORLD_SURFACE,0,
f_195355_,HEIGHTMAP_OCEAN_FLOOR,0,
f_195356_,FULL_RANGE,0,
f_195357_,RANGE_10_10,0,
f_195358_,RANGE_8_8,0,
f_195359_,RANGE_4_4,0,
f_195360_,RANGE_BOTTOM_TO_MAX_TERRAIN_HEIGHT,0,
f_195371_,FANCY_OAK_BEES,0,
f_195372_,CRIMSON_FUNGI,0,
f_195373_,WARPED_FUNGI,0,
f_195374_,OAK_CHECKED,0,
f_195375_,DARK_OAK_CHECKED,0,
f_195376_,BIRCH_CHECKED,0,
f_195377_,ACACIA_CHECKED,0,
f_195378_,SPRUCE_CHECKED,0,
f_195381_,PINE_ON_SNOW,0,
f_195382_,SPRUCE_ON_SNOW,0,
f_195383_,PINE_CHECKED,0,
f_195384_,JUNGLE_TREE_CHECKED,0,
f_195385_,FANCY_OAK_CHECKED,0,
f_195386_,MEGA_JUNGLE_TREE_CHECKED,0,
f_195387_,MEGA_SPRUCE_CHECKED,0,
f_195388_,MEGA_PINE_CHECKED,0,
f_195389_,JUNGLE_BUSH,0,
f_195390_,SUPER_BIRCH_BEES_0002,0,
f_195391_,SUPER_BIRCH_BEES,0,
f_195392_,OAK_BEES_0002,0,
f_195393_,OAK_BEES_002,0,
f_195394_,BIRCH_BEES_0002_PLACED,0,
f_195395_,BIRCH_BEES_002,0,
f_195396_,FANCY_OAK_BEES_0002,0,
f_195397_,FANCY_OAK_BEES_002,0,
f_195400_,PATCH_SUGAR_CANE_SWAMP,0,
f_195401_,PATCH_SUGAR_CANE_DESERT,0,
f_195402_,PATCH_SUGAR_CANE_BADLANDS,0,
f_195403_,PATCH_SUGAR_CANE,0,
f_195404_,BROWN_MUSHROOM_NETHER,0,
f_195405_,RED_MUSHROOM_NETHER,0,
f_195406_,BROWN_MUSHROOM_NORMAL,0,
f_195407_,RED_MUSHROOM_NORMAL,0,
f_195408_,BROWN_MUSHROOM_TAIGA,0,
f_195409_,RED_MUSHROOM_TAIGA,0,
f_195410_,BROWN_MUSHROOM_OLD_GROWTH,0,
f_195411_,RED_MUSHROOM_OLD_GROWTH,0,
f_195412_,BROWN_MUSHROOM_SWAMP,0,
f_195413_,RED_MUSHROOM_SWAMP,0,
f_195414_,FLOWER_WARM,0,
f_195415_,FLOWER_DEFAULT,0,
f_195416_,FLOWER_FLOWER_FOREST,0,
f_195417_,FLOWER_SWAMP,0,
f_195419_,FLOWER_MEADOW,0,
f_195420_,TREE_THRESHOLD,0,
f_195421_,TREES_PLAINS,0,
f_195422_,DARK_FOREST_VEGETATION,0,
f_195423_,FLOWER_FOREST_FLOWERS,0,
f_195424_,FOREST_FLOWERS,0,
f_195425_,TREES_FLOWER_FOREST,0,
f_195426_,BAMBOO_LIGHT,0,
f_195427_,TREES_MEADOW,0,
f_195428_,TREES_TAIGA,0,
f_195429_,TREES_GROVE,0,
f_195430_,TREES_BADLANDS,0,
f_195431_,TREES_SNOWY,0,
f_195432_,TREES_SWAMP,0,
f_195433_,TREES_WINDSWEPT_SAVANNA,0,
f_195434_,TREES_SAVANNA,0,
f_195435_,BIRCH_TALL,0,
f_195436_,TREES_BIRCH,0,
f_195437_,TREES_WINDSWEPT_FOREST,0,
f_195438_,TREES_WINDSWEPT_HILLS,0,
f_195439_,TREES_WATER,0,
f_195440_,TREES_BIRCH_AND_OAK,0,
f_195441_,TREES_SPARSE_JUNGLE,0,
f_195442_,TREES_OLD_GROWTH_SPRUCE_TAIGA,0,
f_195443_,TREES_OLD_GROWTH_PINE_TAIGA,0,
f_195444_,TREES_JUNGLE,0,
f_195445_,BAMBOO_VEGETATION,0,
f_195446_,MUSHROOM_ISLAND_VEGETATION,0,
f_195447_,BAMBOO,0,
f_195448_,VINES,0,
f_195449_,PATCH_SUNFLOWER,0,
f_195450_,PATCH_PUMPKIN,0,
f_195451_,PATCH_GRASS_PLAIN,0,
f_195452_,PATCH_GRASS_FOREST,0,
f_195453_,PATCH_GRASS_BADLANDS,0,
f_195454_,PATCH_GRASS_SAVANNA,0,
f_195455_,PATCH_GRASS_NORMAL,0,
f_195456_,PATCH_GRASS_TAIGA_2,0,
f_195457_,PATCH_GRASS_TAIGA,0,
f_195458_,PATCH_GRASS_JUNGLE,0,
f_195459_,GRASS_BONEMEAL,0,
f_195460_,PATCH_DEAD_BUSH_2,0,
f_195461_,PATCH_DEAD_BUSH,0,
f_195462_,PATCH_DEAD_BUSH_BADLANDS,0,
f_195463_,PATCH_MELON,0,
f_195464_,PATCH_BERRY_COMMON,0,
f_195465_,PATCH_BERRY_RARE,0,
f_195466_,PATCH_WATERLILY,0,
f_195467_,PATCH_TALL_GRASS_2,0,
f_195468_,PATCH_TALL_GRASS,0,
f_195469_,PATCH_LARGE_FERN,0,
f_195470_,PATCH_CACTUS_DESERT,0,
f_195471_,PATCH_CACTUS_DECORATED,0,
f_195494_,isSaving,0,
f_195495_,VANILLA_BRAND,0,
f_195496_,ANONYMOUS_PLAYER_PROFILE,0,
f_195523_,val$entries,0,
f_195524_,val$gameRules,0,
f_195546_,WORLD_POS_X,0,
f_195547_,WORLD_POS_Z,0,
f_195548_,CHUNK_POS_X,0,
f_195549_,CHUNK_POS_Z,0,
f_195550_,STATUS,0,
f_195551_,LEVEL,0,
f_195563_,REMOTE_ADDRESS,0,
f_195564_,SENT_BYTES,0,
f_195565_,RECEIVED_BYTES,0,
f_195566_,SENT_PACKETS,0,
f_195567_,RECEIVED_PACKETS,0,
f_195569_,sentBytes,0,
f_195570_,sentPackets,0,
f_195571_,receivedBytes,0,
f_195572_,receivedPackets,0,
f_195573_,event,0,
f_195603_,AVERAGE_TICK_DURATION,0,
f_195646_,TWO_MEGABYTES,0,
f_195647_,heightmaps,0,
f_195648_,buffer,0,
f_195649_,blockEntitiesData,0,
f_195680_,packedXZ,0,
f_195681_,y,0,
f_195682_,type,0,
f_195683_,tag,0,
f_195699_,x,0,
f_195700_,z,0,
f_195701_,chunkData,0,
f_195702_,lightData,0,
f_195721_,lightData,0,
f_195723_,skyYMask,0,
f_195724_,blockYMask,0,
f_195725_,emptySkyYMask,0,
f_195726_,emptyBlockYMask,0,
f_195727_,skyUpdates,0,
f_195728_,blockUpdates,0,
f_195761_,simulationDistance,0,
f_195796_,simulationDistance,0,
f_19590_,UNLUCK,0,
f_19591_,SLOW_FALLING,0,
f_19592_,CONDUIT_POWER,0,
f_19593_,DOLPHINS_GRACE,0,
f_19594_,BAD_OMEN,0,
f_19595_,HERO_OF_THE_VILLAGE,0,
f_19596_,MOVEMENT_SPEED,0,
f_19597_,MOVEMENT_SLOWDOWN,0,
f_195980_,LOGGER,0,
f_195981_,RECONNECT_INTERVAL_SECONDS,0,
f_195982_,serverHost,0,
f_195983_,serverPort,0,
f_195984_,server,0,
f_195985_,wantsToRun,0,
f_195986_,socket,0,
f_195987_,thread,0,
f_19598_,DIG_SPEED,0,
f_19599_,DIG_SLOWDOWN,0,
f_196008_,level,0,
f_196009_,pos,0,
f_19600_,DAMAGE_BOOST,0,
f_196010_,rot,0,
f_19601_,HEAL,0,
f_196022_,LOGGER,0,
f_196023_,serverBindAddress,0,
f_196024_,serverPort,0,
f_196025_,playerList,0,
f_196026_,broadcastIntervalMs,0,
f_196027_,wantsToRun,0,
f_196028_,serverSocket,0,
f_196029_,clientSockets,0,
f_19602_,HARM,0,
f_19603_,JUMP,0,
f_196044_,dimensionName,0,
f_196045_,x,0,
f_196046_,y,0,
f_196047_,z,0,
f_196048_,yRot,0,
f_196049_,xRot,0,
f_19604_,CONFUSION,0,
f_19605_,REGENERATION,0,
f_196068_,DIMENSION_NAMES,0,
f_196069_,DEFAULT_CONNECT_HOST,0,
f_19606_,DAMAGE_RESISTANCE,0,
f_196070_,DEFAULT_BIND_ADDRESS,0,
f_196071_,DEFAULT_PORT,0,
f_196072_,BROADCAST_INTERVAL_MS,0,
f_196073_,chaseServer,0,
f_196074_,chaseClient,0,
f_19607_,FIRE_RESISTANCE,0,
f_19608_,WATER_BREATHING,0,
f_19609_,INVISIBILITY,0,
f_19610_,BLINDNESS,0,
f_19611_,NIGHT_VISION,0,
f_19612_,HUNGER,0,
f_19613_,WEAKNESS,0,
f_19614_,POISON,0,
f_19615_,WITHER,0,
f_19616_,HEALTH_BOOST,0,
f_19617_,ABSORPTION,0,
f_19618_,SATURATION,0,
f_19619_,GLOWING,0,
f_19620_,LEVITATION,0,
f_19621_,LUCK,0,
f_196554_,ERROR_TOO_FAR_OUT,0,
f_196556_,structureCheck,0,
f_196560_,DEFAULT_BUFFER_SIZE,0,
f_196561_,in,0,
f_196562_,buffer,0,
f_196563_,limit,0,
f_196564_,position,0,
f_196581_,BLOCKS_PER_SECTION,0,
f_196582_,LONGS_PER_SECTION,0,
f_196626_,small,0,
f_196627_,big,0,
f_196637_,PANIC_DISTANCE_HORIZONTAL,0,
f_196692_,MINIMUM_FALL_DISTANCE_FOR_SOUND,0,
f_196693_,MINIMUM_FALL_DISTANCE_FOR_BIG_SOUND,0,
f_196705_,MAX_CENTER_COORDINATE,0,
f_196706_,additionalMask,0,
f_19686_,victims,0,
f_19687_,duration,0,
f_19688_,waitTime,0,
f_19689_,reapplicationDelay,0,
f_196910_,LAST_MONOLYTH_STRUCTURE_DATA_VERSION,0,
f_19691_,durationOnUse,0,
f_19692_,radiusOnUse,0,
f_19693_,radiusPerTick,0,
f_19694_,owner,0,
f_19695_,ownerUUID,0,
f_19696_,LOGGER,0,
f_196978_,MAX_REASONABLE_DISTANCE_TO_AQUIFER_CENTER,0,
f_196979_,FLOWING_UPDATE_SIMULARITY,0,
f_19697_,DATA_RADIUS,0,
f_196980_,RETAINED_RETROGEN_BIOMES,0,
f_19699_,DATA_WAITING,0,
f_19700_,DATA_PARTICLE,0,
f_197017_,OLD_CHUNK_XZ_RADIUS,0,
f_197235_,LOGGER,0,
f_197236_,NO_STRUCTURE,0,
f_197237_,storageAccess,0,
f_197238_,registryAccess,0,
f_197241_,dimension,0,
f_197242_,chunkGenerator,0,
f_197243_,heightAccessor,0,
f_197244_,biomeSource,0,
f_197245_,seed,0,
f_197246_,fixerUpper,0,
f_197247_,loadedChunks,0,
f_197248_,featureChecks,0,
f_197328_,config,0,
f_197352_,chunkGenerator,0,
f_197353_,biomeSource,0,
f_197354_,seed,0,
f_197355_,chunkPos,0,
f_197356_,config,0,
f_197357_,heightAccessor,0,
f_197358_,validBiome,0,
f_197360_,registryAccess,0,
f_197408_,MAXIMUM_COLLISION_VELOCITY_SQUARED,0,
f_197409_,MINOR_COLLISION_ANGLE_THRESHOLD_RADIAN,0,
f_197412_,FLOWER_PLAINS,0,
f_197413_,PILE_HAY_VILLAGE,0,
f_197414_,PILE_MELON_VILLAGE,0,
f_197415_,PILE_SNOW_VILLAGE,0,
f_197416_,PILE_ICE_VILLAGE,0,
f_197417_,PILE_PUMPKIN_VILLAGE,0,
f_197418_,OAK_VILLAGE,0,
f_197419_,ACACIA_VILLAGE,0,
f_197420_,SPRUCE_VILLAGE,0,
f_197421_,PINE_VILLAGE,0,
f_197422_,PATCH_CACTUS_VILLAGE,0,
f_197423_,FLOWER_PLAIN_VILLAGE,0,
f_197424_,PATCH_TAIGA_GRASS_VILLAGE,0,
f_197425_,PATCH_BERRY_BUSH_VILLAGE,0,
f_197448_,$SwitchMap$net$minecraft$nbt$StreamTagVisitor$EntryResult,0,
f_197449_,$SwitchMap$net$minecraft$nbt$StreamTagVisitor$ValueResult,0,
f_197493_,$SwitchMap$net$minecraft$nbt$StreamTagVisitor$ValueResult,0,
f_197494_,$SwitchMap$net$minecraft$nbt$StreamTagVisitor$EntryResult,0,
f_197512_,$SwitchMap$net$minecraft$nbt$StreamTagVisitor$ValueResult,0,
f_197592_,$SwitchMap$net$minecraft$nbt$StreamTagVisitor$ValueResult,0,
f_197602_,fieldsToGetCount,0,
f_197603_,wantedTypes,0,
f_197604_,stack,0,
f_197662_,lastId,0,
f_197663_,rootTag,0,
f_197664_,consumerStack,0,
f_197715_,INSTANCE,0,
f_19774_,from,0,
f_19775_,to,0,
f_19787_,walkDist,0,
f_19788_,moveDist,0,
f_19789_,fallDistance,0,
f_19790_,xOld,0,
f_19791_,yOld,0,
f_19792_,zOld,0,
f_19794_,noPhysics,0,
f_19796_,random,0,
f_19797_,tickCount,0,
f_19798_,wasTouchingWater,0,
f_19799_,fluidHeight,0,
f_19800_,wasEyeInWater,0,
f_19801_,fluidOnEyes,0,
f_19802_,invulnerableTime,0,
f_19803_,firstTick,0,
f_19804_,entityData,0,
f_19805_,DATA_SHARED_FLAGS_ID,0,
f_19806_,DATA_POSE,0,
f_19811_,noCulling,0,
f_19812_,hasImpulse,0,
f_19813_,pistonDeltas,0,
f_19814_,pistonDeltasGameTime,0,
f_198156_,TERRACOTTA,0,
f_198157_,AZALEA_GROWS_ON,0,
f_198159_,AZALEA_ROOT_REPLACEABLE,0,
f_19815_,dimensions,0,
f_198160_,DIRT,0,
f_198161_,TERRACOTTA,0,
f_19816_,eyeHeight,0,
f_198171_,WATER_CHECK_DISTANCE_VERTICAL,0,
f_19817_,isInsidePortal,0,
f_19818_,portalTime,0,
f_19819_,portalEntrancePos,0,
f_19820_,uuid,0,
f_19821_,stringUUID,0,
f_198238_,preliminarySurfaceLevel,0,
f_19823_,passengers,0,
f_19824_,vehicle,0,
f_19825_,position,0,
f_19826_,blockPosition,0,
f_198274_,HOW_FAR_BELOW_PRELIMINARY_SURFACE_LEVEL_TO_BUILD_SURFACE,0,
f_198275_,SURFACE_CELL_BITS,0,
f_198276_,SURFACE_CELL_SIZE,0,
f_198277_,SURFACE_CELL_MASK,0,
f_198278_,lastPreliminarySurfaceCellOrigin,0,
f_198279_,preliminarySurfaceCache,0,
f_19827_,deltaMovement,0,
f_19828_,bb,0,
f_198290_,CELL_WIDTH,0,
f_198291_,CELL_RATIO,0,
f_19829_,nextStep,0,
f_198313_,MATCHING_BLOCK_TAG,0,
f_198314_,HAS_STURDY_FACE,0,
f_198315_,CODEC,0,
f_198316_,offset,0,
f_198317_,direction,0,
f_19831_,remainingFireTicks,0,
f_19832_,DATA_AIR_SUPPLY_ID,0,
f_198335_,tag,0,
f_198336_,CODEC,0,
f_19833_,DATA_CUSTOM_NAME,0,
f_19834_,DATA_CUSTOM_NAME_VISIBLE,0,
f_198355_,allowedTreePosition,0,
f_19835_,DATA_SILENT,0,
f_19836_,DATA_NO_GRAVITY,0,
f_198374_,warnedFor,0,
f_19839_,portalCooldown,0,
f_19840_,invulnerable,0,
f_19841_,tags,0,
f_19843_,ENTITY_COUNTER,0,
f_19845_,INITIAL_AABB,0,
f_19846_,viewScale,0,
f_19847_,type,0,
f_19848_,id,0,
f_19849_,LOGGER,0,
f_19850_,blocksBuilding,0,
f_19851_,boardingCooldown,0,
f_19853_,level,0,
f_19854_,xo,0,
f_19855_,yo,0,
f_19856_,zo,0,
f_19857_,yRot,0,
f_19858_,xRot,0,
f_19859_,yRotO,0,
f_19860_,xRotO,0,
f_19861_,onGround,0,
f_19862_,horizontalCollision,0,
f_19863_,verticalCollision,0,
f_19864_,hurtMarked,0,
f_19865_,stuckSpeedMultiplier,0,
f_19867_,walkDistO,0,
f_198789_,CHUNK_SAVED_EAGERLY_PER_TICK,0,
f_198935_,PATCH_MELON_SPARSE,0,
f_199407_,LOGGER,0,
f_199408_,name,0,
f_199409_,lock,0,
f_199410_,stackTraceLock,0,
f_199411_,threadThatFailedToAcquire,0,
f_199412_,fullException,0,
f_199440_,SAFETY_MARGIN,0,
f_199441_,threadingDetector,0,
f_199887_,RECRUITMENT_SEARCH_TICK_DELAY,0,
f_199888_,recruitmentTick,0,
f_199889_,DEFAULT_RANDOM_INTERVAL,0,
f_199895_,CAT_SEARCH_TICK_DELAY,0,
f_199896_,isScaredOfCat,0,
f_199897_,catSearchTick,0,
f_199900_,byName,0,
f_199933_,LOGGER,0,
f_200441_,blockEntities,0,
f_200442_,sections,0,
f_200443_,debug,0,
f_200444_,wrapped,0,
f_200460_,chunkInfoCache,0,
f_200476_,chunk,0,
f_200477_,renderChunk,0,
f_200893_,isUpdatingNavigations,0,
f_200941_,realmsError,0,
f_200947_,lines,0,
f_200948_,line2Split,0,
f_201848_,ERROR_INVALID_MAX_HEIGHT,0,
f_201924_,FALL_DAMAGE_RESETTING,0,
f_201927_,LOGGER,0,
f_201928_,LOGGER,0,
f_201930_,LOGGER,0,
f_201939_,verticalCollisionBelow,0,
f_201943_,LOGGER,0,
f_201970_,LOGGER,0,
f_201975_,LOGGER,0,
f_201976_,LOGGER,0,
f_201977_,LOGGER,0,
f_201989_,SHATTERED_BIOMES,0,
f_202005_,REQUIRED_SPACE_TO_DRIP_THROUGH_NON_SOLID_BLOCK,0,
f_202169_,DEEP_UNDER_FLOOR,0,
f_202170_,VERY_DEEP_UNDER_FLOOR,0,
f_202180_,surfaceSecondary,0,
f_202182_,secondaryDepthRange,0,
f_202276_,biomes,0,
f_202294_,WORLDGEN_FACING,0,
f_202295_,SPAWN_DIRECTIONS,0,
f_202311_,TAG_DATA,0,
f_202314_,PLAYER,0,
f_202317_,index,0,
f_202333_,LOGGER,0,
f_202335_,LOGGER,0,
f_202337_,LOGGER,0,
f_202342_,LOGGER,0,
f_202344_,LOGGER,0,
f_202346_,LOGGER,0,
f_202348_,LOGGER,0,
f_202350_,LOGGER,0,
f_202370_,CHUNK_LOADING_START_WAIT_LIMIT_MS,0,
f_202373_,createdAt,0,
f_202432_,FOG_SHAPE,0,
f_202497_,path,0,
f_202498_,type,0,
f_202499_,name,0,
f_202523_,depth,0,
f_202524_,selectedFields,0,
f_202525_,fieldsToRecurse,0,
f_202547_,stack,0,
f_202554_,PACKET_RECEIVED_MARKER,0,
f_202555_,PACKET_SENT_MARKER,0,
f_202580_,LOGGER,0,
f_202981_,chunkSaveCooldowns,0,
f_202982_,EAGER_CHUNK_SAVE_COOLDOWN_IN_MILLIS,0,
f_203191_,$SwitchMap$net$minecraft$core$Direction,0,
f_20369_,$SwitchMap$net$minecraft$world$level$block$Rotation,0,
f_20370_,$SwitchMap$net$minecraft$world$level$block$Mirror,0,
f_203750_,NOT_DONE_YET,0,
f_20377_,width,0,
f_20378_,height,0,
f_203794_,namespacedManagers,0,
f_203795_,packs,0,
f_20379_,fixed,0,
f_203814_,LOGGER,0,
f_203815_,resources,0,
f_203816_,listeners,0,
f_203817_,type,0,
f_203867_,registry,0,
f_203868_,location,0,
f_203869_,VALUES,0,
f_203902_,CUSTOM_REGISTRY_DIRECTORIES,0,
f_203903_,results,0,
f_203928_,key,0,
f_203929_,tags,0,
f_203963_,tags,0,
f_203986_,val$getter,0,
f_20402_,ENTITY_STILL_ALIVE,0,
f_204038_,builtInRegistryHolder,0,
f_20403_,LIVING_ENTITY_STILL_ALIVE,0,
f_20404_,ENTITY_NOT_BEING_RIDDEN,0,
f_204052_,mob,0,
f_204053_,level,0,
f_20405_,CONTAINER_ENTITY_SELECTOR,0,
f_20406_,NO_CREATIVE_OR_SPECTATOR,0,
f_20408_,NO_SPECTATORS,0,
f_204113_,builtInRegistryHolder,0,
f_204147_,dimensionTypeRegistration,0,
f_204180_,plains,0,
f_204296_,builtInRegistryHolder,0,
f_204420_,biome,0,
f_204437_,nonEmptyBlockCount,0,
f_204438_,tickingBlockCount,0,
f_204439_,tickingFluidCount,0,
f_20443_,itemStack,0,
f_20450_,FALLING_BLOCK,0,
f_20451_,FIREWORK_ROCKET,0,
f_20452_,FOX,0,
f_20453_,GHAST,0,
f_20454_,GIANT,0,
f_20455_,GUARDIAN,0,
f_20456_,HOGLIN,0,
f_20457_,HORSE,0,
f_20458_,HUSK,0,
f_20459_,ILLUSIONER,0,
f_20460_,IRON_GOLEM,0,
f_204618_,biomeNameTest,0,
f_20461_,ITEM,0,
f_20462_,ITEM_FRAME,0,
f_20463_,FIREBALL,0,
f_20464_,LEASH_KNOT,0,
f_20465_,LIGHTNING_BOLT,0,
f_20466_,LLAMA,0,
f_20467_,LLAMA_SPIT,0,
f_20468_,MAGMA_CUBE,0,
f_20469_,MINECART,0,
f_20470_,CHEST_MINECART,0,
f_20471_,COMMAND_BLOCK_MINECART,0,
f_20472_,FURNACE_MINECART,0,
f_20473_,HOPPER_MINECART,0,
f_20474_,SPAWNER_MINECART,0,
f_20475_,TNT_MINECART,0,
f_20476_,AREA_EFFECT_CLOUD,0,
f_20477_,SNOWBALL,0,
f_20478_,SPECTRAL_ARROW,0,
f_20479_,SPIDER,0,
f_20480_,SQUID,0,
f_20481_,STRAY,0,
f_20482_,STRIDER,0,
f_20483_,EGG,0,
f_20484_,ENDER_PEARL,0,
f_20485_,EXPERIENCE_BOTTLE,0,
f_20486_,POTION,0,
f_20487_,TRIDENT,0,
f_20488_,TRADER_LLAMA,0,
f_20489_,TROPICAL_FISH,0,
f_20490_,TURTLE,0,
f_20491_,VEX,0,
f_204922_,LIST_OF_LISTS_CODEC,0,
f_20492_,VILLAGER,0,
f_20493_,VINDICATOR,0,
f_204949_,CODEC,0,
f_20494_,WANDERING_TRADER,0,
f_204950_,distance,0,
f_204951_,spread,0,
f_204952_,count,0,
f_20495_,WITCH,0,
f_20496_,WITHER,0,
f_204972_,CODEC,0,
f_204973_,spacing,0,
f_204974_,separation,0,
f_204975_,spreadType,0,
f_20497_,WITHER_SKELETON,0,
f_20498_,WITHER_SKULL,0,
f_20499_,WOLF,0,
f_20500_,ZOGLIN,0,
f_205014_,CODEC,0,
f_205016_,id,0,
f_20501_,ZOMBIE,0,
f_20502_,ZOMBIE_HORSE,0,
f_205036_,CODEC,0,
f_20503_,MULE,0,
f_205041_,RANDOM_SPREAD,0,
f_205042_,CONCENTRIC_RINGS,0,
f_20504_,MOOSHROOM,0,
f_20505_,OCELOT,0,
f_205066_,builtInRegistryHolder,0,
f_20506_,PAINTING,0,
f_20507_,PANDA,0,
f_20508_,PARROT,0,
f_20509_,PHANTOM,0,
f_20510_,PIG,0,
f_205119_,REGIONAL_COMPLIANCIES,0,
f_20511_,PIGLIN,0,
f_205120_,regionalCompliancies,0,
f_20512_,PIGLIN_BRUTE,0,
f_20513_,PILLAGER,0,
f_20514_,POLAR_BEAR,0,
f_20515_,TNT,0,
f_20516_,PUFFERFISH,0,
f_20517_,RABBIT,0,
f_20518_,RAVAGER,0,
f_20519_,SALMON,0,
f_20520_,SHEEP,0,
f_20521_,SHULKER,0,
f_20522_,SHULKER_BULLET,0,
f_20523_,SILVERFISH,0,
f_20524_,SKELETON,0,
f_20525_,SKELETON_HORSE,0,
f_20526_,SLIME,0,
f_20527_,SMALL_FIREBALL,0,
f_205285_,CODEC,0,
f_205286_,LOGGER,0,
f_205287_,notifications,0,
f_205288_,selector,0,
f_205289_,timer,0,
f_20528_,SNOW_GOLEM,0,
f_205290_,notificationTask,0,
f_20529_,ARMOR_STAND,0,
f_20530_,ZOMBIE_VILLAGER,0,
f_20531_,ZOMBIFIED_PIGLIN,0,
f_205328_,delay,0,
f_205329_,period,0,
f_20532_,PLAYER,0,
f_205330_,title,0,
f_205331_,message,0,
f_20533_,FISHING_BOBBER,0,
f_205345_,minecraft,0,
f_205346_,notifications,0,
f_205347_,period,0,
f_205348_,elapsed,0,
f_20534_,LOGGER,0,
f_20535_,factory,0,
f_20536_,category,0,
f_20537_,immuneTo,0,
f_20538_,serialize,0,
f_20539_,summon,0,
f_20540_,fireImmune,0,
f_20541_,canSpawnFarFromPlayer,0,
f_20542_,clientTrackingRange,0,
f_20543_,updateInterval,0,
f_20544_,descriptionId,0,
f_20545_,description,0,
f_20546_,lootTable,0,
f_20547_,dimensions,0,
f_20548_,ARROW,0,
f_20549_,BAT,0,
f_20550_,BEE,0,
f_20551_,BLAZE,0,
f_20552_,BOAT,0,
f_20553_,CAT,0,
f_20554_,CAVE_SPIDER,0,
f_20555_,CHICKEN,0,
f_20556_,COD,0,
f_20557_,COW,0,
f_20558_,CREEPER,0,
f_20559_,DOLPHIN,0,
f_20560_,DONKEY,0,
f_20561_,DRAGON_FIREBALL,0,
f_20562_,DROWNED,0,
f_20563_,ELDER_GUARDIAN,0,
f_20564_,END_CRYSTAL,0,
f_20565_,ENDER_DRAGON,0,
f_20566_,ENDERMAN,0,
f_20567_,ENDERMITE,0,
f_20568_,EVOKER,0,
f_20569_,EVOKER_FANGS,0,
f_20570_,EXPERIENCE_ORB,0,
f_205714_,value,0,
f_20571_,EYE_OF_ENDER,0,
f_205749_,tags,0,
f_205750_,type,0,
f_205751_,key,0,
f_205752_,value,0,
f_205811_,contents,0,
f_205812_,contentsSet,0,
f_205829_,key,0,
f_205830_,contents,0,
f_205841_,byLocation,0,
f_205842_,byKey,0,
f_205843_,byValue,0,
f_205844_,tags,0,
f_205845_,frozen,0,
f_206134_,this$0,0,
f_206216_,val$registries,0,
f_206223_,registries,0,
f_206233_,key,0,
f_206234_,value,0,
f_206584_,resourceManager,0,
f_206585_,managers,0,
f_206655_,registryKey,0,
f_206656_,elementCodec,0,
f_206657_,homogenousListCodec,0,
f_206658_,registryAwareCodec,0,
f_206721_,registryKey,0,
f_206845_,LOGGER,0,
f_206846_,DATA_RELOAD_INITIAL_TASK,0,
f_206847_,commands,0,
f_206848_,recipes,0,
f_206849_,tagManager,0,
f_206853_,advancements,0,
f_206854_,functionLibrary,0,
f_20685_,factory,0,
f_20686_,category,0,
f_20687_,immuneTo,0,
f_20688_,serialize,0,
f_206892_,resourceManager,0,
f_206893_,dataPackResources,0,
f_206895_,worldData,0,
f_20689_,summon,0,
f_20690_,fireImmune,0,
f_20691_,canSpawnFarFromPlayer,0,
f_20692_,clientTrackingRange,0,
f_20693_,updateInterval,0,
f_20694_,dimensions,0,
f_20730_,type,0,
f_20731_,index,0,
f_20732_,filterFlag,0,
f_20733_,name,0,
f_207586_,HAS_RUINED_PORTAL_STANDARD,0,
f_207587_,HAS_SHIPWRECK_BEACHED,0,
f_207588_,HAS_SHIPWRECK,0,
f_207589_,HAS_SWAMP_HUT,0,
f_207590_,HAS_VILLAGE_DESERT,0,
f_207591_,HAS_VILLAGE_PLAINS,0,
f_207592_,HAS_VILLAGE_SAVANNA,0,
f_207593_,HAS_VILLAGE_SNOWY,0,
f_207594_,HAS_VILLAGE_TAIGA,0,
f_207595_,HAS_WOODLAND_MANSION,0,
f_207596_,HAS_STRONGHOLD,0,
f_207597_,HAS_NETHER_FORTRESS,0,
f_207598_,HAS_NETHER_FOSSIL,0,
f_207599_,HAS_BASTION_REMNANT,0,
f_207600_,HAS_RUINED_PORTAL_NETHER,0,
f_207601_,HAS_END_CITY,0,
f_207602_,IS_DEEP_OCEAN,0,
f_207603_,IS_OCEAN,0,
f_207604_,IS_BEACH,0,
f_207605_,IS_RIVER,0,
f_207606_,IS_MOUNTAIN,0,
f_207607_,IS_BADLANDS,0,
f_207608_,IS_HILL,0,
f_207609_,IS_TAIGA,0,
f_207610_,IS_JUNGLE,0,
f_207611_,IS_FOREST,0,
f_207612_,IS_NETHER,0,
f_207613_,HAS_BURIED_TREASURE,0,
f_207614_,HAS_DESERT_PYRAMID,0,
f_207615_,HAS_IGLOO,0,
f_207616_,HAS_JUNGLE_TEMPLE,0,
f_207617_,HAS_MINESHAFT,0,
f_207618_,HAS_MINESHAFT_MESA,0,
f_207619_,HAS_OCEAN_MONUMENT,0,
f_207620_,HAS_OCEAN_RUIN_COLD,0,
f_207621_,HAS_OCEAN_RUIN_WARM,0,
f_207622_,HAS_PILLAGER_OUTPOST,0,
f_207623_,HAS_RUINED_PORTAL_DESERT,0,
f_207624_,HAS_RUINED_PORTAL_JUNGLE,0,
f_207625_,HAS_RUINED_PORTAL_OCEAN,0,
f_207626_,HAS_RUINED_PORTAL_SWAMP,0,
f_207627_,HAS_RUINED_PORTAL_MOUNTAIN,0,
f_207676_,CONVERSION_MAP,0,
f_20767_,age,0,
f_20769_,health,0,
f_20770_,value,0,
f_20771_,followingPlayer,0,
f_207736_,biomeMapping,0,
f_207737_,fallback,0,
f_207765_,displayName,0,
f_207773_,LOGGER,0,
f_207845_,temperature,0,
f_207846_,humidity,0,
f_207847_,continentalness,0,
f_207848_,erosion,0,
f_207849_,depth,0,
f_207850_,weirdness,0,
f_207851_,spawnTarget,0,
f_207932_,EMPTY_REFERENCE_SET,0,
f_208118_,neighborBlockTicks,0,
f_208119_,neighborFluidTicks,0,
f_208216_,DIRECT_CODEC,0,
f_208217_,CODEC,0,
f_208218_,HOLDER_HELPER_CODEC,0,
f_20821_,name,0,
f_208243_,blockX,0,
f_208244_,blockY,0,
f_208245_,blockZ,0,
f_208257_,MAX_REASONABLE_NOISE_VALUE,0,
f_208258_,DIRECT_CODEC,0,
f_208259_,CODEC,0,
f_208260_,NOISE_VALUE_CODEC,0,
f_20834_,boosting,0,
f_20835_,boostTime,0,
f_20837_,entityData,0,
f_20838_,boostTimeAccessor,0,
f_208397_,type,0,
f_208398_,argument1,0,
f_208399_,argument2,0,
f_20839_,hasSaddleAccessor,0,
f_208400_,minValue,0,
f_208401_,maxValue,0,
f_208424_,CODEC,0,
f_208425_,input,0,
f_208427_,noise,0,
f_208428_,rarityValueMapper,0,
f_208429_,DATA_CODEC,0,
f_208460_,CODEC,0,
f_208462_,name,0,
f_208463_,mapper,0,
f_208464_,maxRarity,0,
f_208480_,CODEC,0,
f_208481_,fromY,0,
f_208482_,toY,0,
f_208483_,fromValue,0,
f_208484_,toValue,0,
f_208485_,DATA_CODEC,0,
f_208524_,CODEC,0,
f_208528_,CODEC,0,
f_208546_,input,0,
f_208547_,CODEC,0,
f_208565_,CODEC,0,
f_208583_,CODEC,0,
f_208584_,input,0,
f_208585_,minValue,0,
f_208586_,maxValue,0,
f_208587_,DATA_CODEC,0,
f_20859_,seed,0,
f_208607_,value,0,
f_208608_,CODEC,0,
f_208609_,ZERO,0,
f_20860_,life,0,
f_20861_,flashes,0,
f_208626_,CODEC,0,
f_208627_,islandNoise,0,
f_20862_,visualOnly,0,
f_208636_,function,0,
f_20863_,cause,0,
f_208654_,type,0,
f_208655_,input,0,
f_208656_,minValue,0,
f_208657_,maxValue,0,
f_208690_,name,0,
f_208691_,codec,0,
f_208705_,type,0,
f_208706_,wrapped,0,
f_208730_,name,0,
f_208731_,codec,0,
f_208746_,specificType,0,
f_208747_,input,0,
f_208748_,minValue,0,
f_208749_,maxValue,0,
f_208750_,argument,0,
f_208784_,DATA_CODEC,0,
f_208785_,CODEC,0,
f_208787_,noise,0,
f_208788_,xzScale,0,
f_208789_,yScale,0,
f_208821_,DATA_CODEC,0,
f_208822_,CODEC,0,
f_208823_,input,0,
f_208824_,minInclusive,0,
f_208825_,maxExclusive,0,
f_208826_,whenInRange,0,
f_208827_,whenOutOfRange,0,
f_20883_,yBodyRot,0,
f_20884_,yBodyRotO,0,
f_208857_,offsetNoise,0,
f_208858_,CODEC,0,
f_20885_,yHeadRot,0,
f_20886_,yHeadRotO,0,
f_208877_,offsetNoise,0,
f_208878_,CODEC,0,
f_20888_,lastHurtByPlayer,0,
f_208897_,offsetNoise,0,
f_208898_,CODEC,0,
f_20889_,lastHurtByPlayerTime,0,
f_20890_,dead,0,
f_20891_,noActionTime,0,
f_208923_,CODEC,0,
f_208924_,shiftX,0,
f_208925_,shiftY,0,
f_208926_,shiftZ,0,
f_208927_,xzScale,0,
f_208928_,yScale,0,
f_20892_,oRun,0,
f_208930_,noise,0,
f_208931_,DATA_CODEC,0,
f_20893_,run,0,
f_20894_,animStep,0,
f_20895_,animStepO,0,
f_20896_,rotOffs,0,
f_20897_,deathScore,0,
f_20898_,lastHurt,0,
f_20899_,jumping,0,
f_20900_,xxa,0,
f_20901_,yya,0,
f_20902_,zza,0,
f_20903_,lerpSteps,0,
f_20904_,lerpX,0,
f_20905_,lerpY,0,
f_20906_,lerpZ,0,
f_209071_,LOGGER,0,
f_20907_,lerpYRot,0,
f_209082_,codec,0,
f_209083_,name,0,
f_20908_,lerpXRot,0,
f_20909_,DATA_LIVING_ENTITY_FLAGS,0,
f_20910_,SLEEPING_DIMENSIONS,0,
f_20911_,swinging,0,
f_20912_,swingingArm,0,
f_20913_,swingTime,0,
f_20914_,removeArrowTime,0,
f_209150_,cellStartBlockX,0,
f_209151_,cellStartBlockY,0,
f_209152_,cellStartBlockZ,0,
f_209153_,inCellX,0,
f_209154_,inCellY,0,
f_209155_,inCellZ,0,
f_209156_,interpolationCounter,0,
f_209157_,arrayInterpolationCounter,0,
f_209158_,arrayIndex,0,
f_209159_,sliceFillingContextProvider,0,
f_20915_,removeStingerTime,0,
f_209160_,cellCaches,0,
f_209161_,wrapped,0,
f_209162_,initialDensityNoJaggedness,0,
f_209163_,blockStateRule,0,
f_209164_,blendAlpha,0,
f_209165_,blendOffset,0,
f_209166_,beardifier,0,
f_209167_,lastBlendingDataPos,0,
f_209168_,lastBlendingOutput,0,
f_209169_,noiseSizeXZ,0,
f_20916_,hurtTime,0,
f_209170_,cellWidth,0,
f_209171_,cellHeight,0,
f_209172_,interpolating,0,
f_209173_,fillingCell,0,
f_20917_,hurtDuration,0,
f_20919_,deathTime,0,
f_20920_,oAttackAnim,0,
f_20921_,attackAnim,0,
f_20922_,attackStrengthTicker,0,
f_209249_,this$0,0,
f_209257_,$SwitchMap$net$minecraft$world$level$levelgen$DensityFunctions$Marker$Type,0,
f_209259_,this$0,0,
f_20926_,invulnerableDuration,0,
f_209271_,this$0,0,
f_20927_,timeOffs,0,
f_209284_,function,0,
f_209285_,lastPos2D,0,
f_209286_,lastValue,0,
f_20928_,rotA,0,
f_209296_,this$0,0,
f_209297_,noiseFiller,0,
f_209298_,values,0,
f_209309_,this$0,0,
f_20930_,lastDamageStamp,0,
f_209310_,function,0,
f_209311_,lastCounter,0,
f_209312_,lastArrayCounter,0,
f_209313_,lastValue,0,
f_209314_,lastArray,0,
f_20931_,swimAmount,0,
f_209325_,this$0,0,
f_209326_,noiseFiller,0,
f_209327_,values,0,
f_20932_,swimAmountO,0,
f_20934_,lerpHeadSteps,0,
f_209353_,noiseRouter,0,
f_209354_,useLegacyRandomSource,0,
f_20935_,useItem,0,
f_20936_,useItemRemaining,0,
f_209378_,barrierNoise,0,
f_209379_,fluidLevelFloodednessNoise,0,
f_20937_,fallFlyTicks,0,
f_209380_,fluidLevelSpreadNoise,0,
f_209381_,lavaNoise,0,
f_209384_,temperature,0,
f_209386_,continents,0,
f_209387_,erosion,0,
f_209388_,depth,0,
f_209389_,ridges,0,
f_20938_,autoSpinAttackTicks,0,
f_209390_,initialDensityWithoutJaggedness,0,
f_209391_,finalDensity,0,
f_209392_,veinToggle,0,
f_209393_,veinRidged,0,
f_209394_,veinGap,0,
f_20939_,brain,0,
f_20940_,DATA_ARROW_COUNT_ID,0,
f_20941_,DATA_STINGER_COUNT_ID,0,
f_20942_,SLEEPING_POS_ID,0,
f_209437_,PILLARS,0,
f_209438_,SPAGHETTI_2D_THICKNESS_MODULATOR,0,
f_209439_,SPAGHETTI_2D,0,
f_20943_,attributes,0,
f_209440_,ORE_THICKNESS,0,
f_209441_,VEININESS_FREQUENCY,0,
f_209442_,NOODLE_SPACING_AND_STRAIGHTNESS,0,
f_209443_,SURFACE_DENSITY_THRESHOLD,0,
f_209444_,BLENDING_FACTOR,0,
f_209445_,BLENDING_JAGGEDNESS,0,
f_209446_,ZERO,0,
f_209447_,Y,0,
f_209448_,SHIFT_X,0,
f_209449_,SHIFT_Z,0,
f_20944_,combatTracker,0,
f_209451_,CONTINENTS,0,
f_209452_,EROSION,0,
f_209453_,RIDGES,0,
f_209454_,FACTOR,0,
f_209455_,DEPTH,0,
f_209456_,SLOPED_CHEESE,0,
f_209457_,CONTINENTS_LARGE,0,
f_209458_,EROSION_LARGE,0,
f_209459_,FACTOR_LARGE,0,
f_20945_,activeEffects,0,
f_209460_,DEPTH_LARGE,0,
f_209461_,SLOPED_CHEESE_LARGE,0,
f_209462_,SLOPED_CHEESE_END,0,
f_209463_,SPAGHETTI_ROUGHNESS_FUNCTION,0,
f_209464_,ENTRANCES,0,
f_209465_,NOODLE,0,
f_20946_,lastHandItemStacks,0,
f_20947_,lastArmorItemStacks,0,
f_20948_,effectsDirty,0,
f_20949_,lastHurtByMob,0,
f_20950_,lastHurtByMobTimestamp,0,
f_20951_,lastHurtMob,0,
f_20952_,lastHurtMobTimestamp,0,
f_20953_,speed,0,
f_20954_,noJumpDelay,0,
f_20955_,absorptionAmount,0,
f_20956_,lastPos,0,
f_20957_,lastClimbablePos,0,
f_20958_,lastDamageSource,0,
f_20959_,SPEED_MODIFIER_SOUL_SPEED_UUID,0,
f_20960_,SPEED_MODIFIER_SPRINTING,0,
f_20961_,DATA_HEALTH_ID,0,
f_209630_,NETHER_NOISE_SETTINGS,0,
f_209631_,END_NOISE_SETTINGS,0,
f_209632_,CAVES_NOISE_SETTINGS,0,
f_209633_,FLOATING_ISLANDS_NOISE_SETTINGS,0,
f_20963_,DATA_EFFECT_AMBIENCE_ID,0,
f_209650_,VEININESS_THRESHOLD,0,
f_209651_,EDGE_ROUNDOFF_BEGIN,0,
f_209652_,MAX_EDGE_ROUNDOFF,0,
f_209653_,VEIN_SOLIDNESS,0,
f_209654_,MIN_RICHNESS,0,
f_209655_,MAX_RICHNESS,0,
f_209656_,MAX_RICHNESS_THRESHOLD,0,
f_209657_,CHANCE_OF_RAW_ORE_BLOCK,0,
f_209658_,SKIP_ORE_IF_GAP_NOISE_IS_BELOW,0,
f_209674_,minY,0,
f_209675_,maxY,0,
f_209676_,ore,0,
f_209677_,rawOreBlock,0,
f_209678_,filler,0,
f_209699_,offset,0,
f_209704_,y,0,
f_209709_,offset,0,
f_209729_,alpha,0,
f_209730_,blendingOffset,0,
f_209788_,structureOverrides,0,
f_209820_,VILLAGES,0,
f_209821_,DESERT_PYRAMIDS,0,
f_209822_,IGLOOS,0,
f_209823_,JUNGLE_TEMPLES,0,
f_209824_,SWAMP_HUTS,0,
f_209825_,PILLAGER_OUTPOSTS,0,
f_209826_,OCEAN_MONUMENTS,0,
f_209827_,WOODLAND_MANSIONS,0,
f_209828_,BURIED_TREASURES,0,
f_209829_,MINESHAFTS,0,
f_209830_,RUINED_PORTALS,0,
f_209831_,SHIPWRECKS,0,
f_209832_,OCEAN_RUINS,0,
f_209833_,NETHER_COMPLEXES,0,
f_209834_,NETHER_FOSSILS,0,
f_209835_,END_CITIES,0,
f_209836_,STRONGHOLDS,0,
f_209840_,RUINED_PORTAL_JUNGLE,0,
f_209841_,RUINED_PORTAL_SWAMP,0,
f_209842_,RUINED_PORTAL_MOUNTAIN,0,
f_209843_,RUINED_PORTAL_OCEAN,0,
f_209844_,RUINED_PORTAL_NETHER,0,
f_209845_,PILLAGER_OUTPOST,0,
f_209846_,MINESHAFT,0,
f_209847_,MINESHAFT_MESA,0,
f_209848_,WOODLAND_MANSION,0,
f_209849_,JUNGLE_TEMPLE,0,
f_209850_,DESERT_PYRAMID,0,
f_209851_,IGLOO,0,
f_209852_,SHIPWRECK,0,
f_209853_,SHIPWRECK_BEACHED,0,
f_209854_,SWAMP_HUT,0,
f_209855_,STRONGHOLD,0,
f_209856_,OCEAN_MONUMENT,0,
f_209857_,OCEAN_RUIN_COLD,0,
f_209858_,OCEAN_RUIN_WARM,0,
f_209859_,FORTRESS,0,
f_209860_,NETHER_FOSSIL,0,
f_209861_,END_CITY,0,
f_209862_,BURIED_TREASURE,0,
f_209863_,BASTION_REMNANT,0,
f_209864_,VILLAGE_PLAINS,0,
f_209865_,VILLAGE_DESERT,0,
f_209866_,VILLAGE_SAVANNA,0,
f_209867_,VILLAGE_SNOWY,0,
f_209868_,VILLAGE_TAIGA,0,
f_209869_,RUINED_PORTAL_STANDARD,0,
f_209870_,RUINED_PORTAL_DESERT,0,
f_209874_,OLD_STRUCTURE_REGISTRY_KEYS,0,
f_210001_,DIRECT_CODEC,0,
f_210002_,CODEC,0,
f_210003_,structures,0,
f_210004_,placement,0,
f_210025_,CODEC,0,
f_210026_,structure,0,
f_210027_,weight,0,
f_210042_,CODEC,0,
f_210043_,boundingBox,0,
f_210044_,spawns,0,
f_210060_,CODEC,0,
f_210061_,id,0,
f_210095_,STRONGHOLD_RIGHT_TURN,0,
f_210096_,STRONGHOLD_ROOM_CROSSING,0,
f_210097_,STRONGHOLD_STAIRS_DOWN,0,
f_210098_,STRONGHOLD_START,0,
f_210099_,STRONGHOLD_STRAIGHT,0,
f_210100_,STRONGHOLD_STRAIGHT_STAIRS_DOWN,0,
f_210101_,JUNGLE_PYRAMID_PIECE,0,
f_210102_,OCEAN_RUIN,0,
f_210103_,IGLOO,0,
f_210104_,RUINED_PORTAL,0,
f_210105_,SWAMPLAND_HUT,0,
f_210106_,DESERT_PYRAMID_PIECE,0,
f_210107_,OCEAN_MONUMENT_BUILDING,0,
f_210108_,OCEAN_MONUMENT_CORE_ROOM,0,
f_210109_,OCEAN_MONUMENT_DOUBLE_X_ROOM,0,
f_210110_,OCEAN_MONUMENT_DOUBLE_XY_ROOM,0,
f_210111_,OCEAN_MONUMENT_DOUBLE_Y_ROOM,0,
f_210112_,OCEAN_MONUMENT_DOUBLE_YZ_ROOM,0,
f_210113_,OCEAN_MONUMENT_DOUBLE_Z_ROOM,0,
f_210114_,OCEAN_MONUMENT_ENTRY_ROOM,0,
f_210115_,OCEAN_MONUMENT_PENTHOUSE,0,
f_210116_,OCEAN_MONUMENT_SIMPLE_ROOM,0,
f_210117_,OCEAN_MONUMENT_SIMPLE_TOP_ROOM,0,
f_210118_,OCEAN_MONUMENT_WING_ROOM,0,
f_210119_,END_CITY_PIECE,0,
f_210120_,WOODLAND_MANSION_PIECE,0,
f_210121_,MINE_SHAFT_CORRIDOR,0,
f_210122_,BURIED_TREASURE_PIECE,0,
f_210123_,SHIPWRECK_PIECE,0,
f_210124_,NETHER_FOSSIL,0,
f_210125_,JIGSAW,0,
f_210126_,MINE_SHAFT_CROSSING,0,
f_210127_,MINE_SHAFT_ROOM,0,
f_210128_,MINE_SHAFT_STAIRS,0,
f_210129_,NETHER_FORTRESS_BRIDGE_CROSSING,0,
f_210130_,NETHER_FORTRESS_BRIDGE_END_FILLER,0,
f_210131_,NETHER_FORTRESS_BRIDGE_STRAIGHT,0,
f_210132_,NETHER_FORTRESS_CASTLE_CORRIDOR_STAIRS,0,
f_210133_,NETHER_FORTRESS_CASTLE_CORRIDOR_T_BALCONY,0,
f_210134_,NETHER_FORTRESS_CASTLE_ENTRANCE,0,
f_210135_,NETHER_FORTRESS_CASTLE_SMALL_CORRIDOR_CROSSING,0,
f_210136_,NETHER_FORTRESS_CASTLE_SMALL_CORRIDOR_LEFT_TURN,0,
f_210137_,NETHER_FORTRESS_CASTLE_SMALL_CORRIDOR,0,
f_210138_,NETHER_FORTRESS_CASTLE_SMALL_CORRIDOR_RIGHT_TURN,0,
f_210139_,NETHER_FORTRESS_CASTLE_STALK_ROOM,0,
f_210140_,NETHER_FORTRESS_MONSTER_THRONE,0,
f_210141_,NETHER_FORTRESS_ROOM_CROSSING,0,
f_210142_,NETHER_FORTRESS_STAIRS_ROOM,0,
f_210143_,NETHER_FORTRESS_START,0,
f_210144_,STRONGHOLD_CHEST_CORRIDOR,0,
f_210145_,STRONGHOLD_FILLER_CORRIDOR,0,
f_210146_,STRONGHOLD_FIVE_CROSSING,0,
f_210147_,STRONGHOLD_LEFT_TURN,0,
f_210148_,STRONGHOLD_LIBRARY,0,
f_210149_,STRONGHOLD_PORTAL_ROOM,0,
f_210150_,STRONGHOLD_PRISON_HALL,0,
f_210174_,CODEC,0,
f_210175_,INSTANCE,0,
f_210204_,CODEC,0,
f_210205_,feature,0,
f_210206_,defaultJigsawNBT,0,
f_210241_,sourceX,0,
f_210242_,sourceGroundY,0,
f_210243_,sourceZ,0,
f_210244_,deltaY,0,
f_210245_,destProjection,0,
f_210265_,LOGGER,0,
f_210307_,piece,0,
f_210308_,free,0,
f_210309_,depth,0,
f_210314_,pools,0,
f_210315_,maxDepth,0,
f_210317_,chunkGenerator,0,
f_210319_,pieces,0,
f_210320_,random,0,
f_210321_,placing,0,
f_210345_,CODEC,0,
f_210359_,CODEC,0,
f_210360_,elements,0,
f_210409_,TEMPLATE_CODEC,0,
f_210410_,CODEC,0,
f_210411_,template,0,
f_210412_,processors,0,
f_210467_,projection,0,
f_210468_,CODEC,0,
f_210542_,SINGLE,0,
f_210543_,LIST,0,
f_210544_,FEATURE,0,
f_210545_,EMPTY,0,
f_210546_,LEGACY,0,
f_210554_,DIRECT_CODEC,0,
f_210555_,CODEC,0,
f_210557_,SIZE_UNSET,0,
f_210559_,rawTemplates,0,
f_210560_,templates,0,
f_210561_,fallback,0,
f_210562_,maxSize,0,
f_210593_,CODEC,0,
f_210595_,name,0,
f_210596_,processors,0,
f_210616_,CODEC,0,
f_210617_,maxValue,0,
f_210624_,maxValue,0,
f_210625_,parameters,0,
f_210641_,maxValue,0,
f_210910_,stopShowing,0,
f_210913_,check,0,
f_210914_,narration,0,
f_210915_,message,0,
f_211050_,LOGGER,0,
f_211544_,TICKER,0,
f_211547_,val$function,0,
f_211548_,cache,0,
f_211567_,val$target,0,
f_211701_,CODEC,0,
f_211702_,spline,0,
f_211705_,DATA_CODEC,0,
f_211751_,font,0,
f_211752_,message,0,
f_211753_,underlinedMessage,0,
f_212357_,LOGGER,0,
f_212359_,lastClickTime,0,
f_212360_,DOUBLE_CLICK_THRESHOLD_MS,0,
f_212361_,EXAMPLES,0,
f_212363_,ERROR_INVALID_FEATURE,0,
f_212364_,registryKey,0,
f_21337_,$SwitchMap$net$minecraft$world$entity$EquipmentSlot$Type,0,
f_21338_,$SwitchMap$net$minecraft$world$entity$EquipmentSlot,0,
f_21340_,DATA_MOB_FLAGS_ID,0,
f_21341_,restrictRadius,0,
f_21342_,moveControl,0,
f_21343_,jumpControl,0,
f_21344_,navigation,0,
f_21345_,goalSelector,0,
f_21346_,targetSelector,0,
f_21347_,handDropChances,0,
f_21348_,armorDropChances,0,
f_21349_,sensing,0,
f_21350_,handItems,0,
f_21351_,armorItems,0,
f_21352_,canPickUpLoot,0,
f_21353_,persistenceRequired,0,
f_21354_,pathfindingMalus,0,
f_21355_,lootTable,0,
f_21356_,lootTableSeed,0,
f_21357_,leashHolder,0,
f_21358_,delayedLeashHolderId,0,
f_21360_,restrictCenter,0,
f_21361_,bodyRotationControl,0,
f_21362_,target,0,
f_21363_,ambientSoundTime,0,
f_21364_,xpReward,0,
f_21365_,lookControl,0,
f_214333_,sessionService,0,
f_214335_,profileRepository,0,
f_214336_,profileCache,0,
f_214337_,USERID_CACHE_FILE,0,
f_214355_,MAX_CHAINED_NEIGHBOR_UPDATES,0,
f_214356_,DEBUG_SCULK_CATALYST,0,
f_214357_,DEBUG_BYPASS_REALMS_VERSION_CHECK,0,
f_214378_,packConfig,0,
f_214379_,commandSelection,0,
f_214380_,functionCompilationLevel,0,
f_214392_,packRepository,0,
f_214394_,safeMode,0,
f_214451_,ERROR_STRUCTURE_NOT_FOUND,0,
f_214452_,ERROR_STRUCTURE_INVALID,0,
f_214453_,ERROR_BIOME_NOT_FOUND,0,
f_214455_,ERROR_POI_NOT_FOUND,0,
f_214457_,MAX_STRUCTURE_SEARCH_RADIUS,0,
f_214458_,MAX_BIOME_SEARCH_RADIUS,0,
f_214459_,BIOME_SAMPLE_RESOLUTION_HORIZONTAL,0,
f_214460_,BIOME_SAMPLE_RESOLUTION_VERTICAL,0,
f_214461_,POI_SEARCH_RADIUS,0,
f_214530_,ERROR_FEATURE_FAILED,0,
f_214531_,ERROR_JIGSAW_FAILED,0,
f_214532_,ERROR_STRUCTURE_FAILED,0,
f_214533_,ERROR_TEMPLATE_INVALID,0,
f_214534_,ERROR_TEMPLATE_FAILED,0,
f_214535_,SUGGEST_TEMPLATES,0,
f_214692_,val$function,0,
f_214693_,cache,0,
f_214703_,val$from,0,
f_214704_,val$to,0,
f_214708_,val$target,0,
f_214801_,maxChainedNeighborUpdates,0,
f_214802_,serverResourcePackInfo,0,
f_214804_,enforceSecureProfile,0,
f_214805_,LOGGER,0,
f_214806_,SHA1,0,
f_214834_,randomState,0,
f_214995_,positionCodec,0,
f_214997_,structureManager,0,
f_215158_,WORLDGEN_REGION_RANDOM,0,
f_215168_,raw,0,
f_215199_,NO_BLOCK_UPDATES_TO_ACK,0,
f_215200_,ackBlockChangesUpTo,0,
f_215270_,DEFAULT_ENDPOINT,0,
f_215271_,chatEncoder,0,
f_215272_,joinEncoder,0,
f_215273_,leaveEncoder,0,
f_215322_,LOGGER,0,
f_215420_,metadataLocation,0,
f_215432_,name,0,
f_215433_,resources,0,
f_215434_,filter,0,
f_215463_,LOGGER,0,
f_215496_,streamSupplier,0,
f_215497_,metadataSupplier,0,
f_215498_,cachedMetadata,0,
f_215514_,CODEC,0,
f_215515_,blockList,0,
f_215577_,EMPTY,0,
f_215585_,val$metadata,0,
f_215654_,THROWN_ITEM_PICKED_UP_BY_ENTITY,0,
f_215655_,THROWN_ITEM_PICKED_UP_BY_PLAYER,0,
f_215656_,KILL_MOB_NEAR_SCULK_CATALYST,0,
f_215657_,ALLAY_DROP_ITEM_ON_BLOCK,0,
f_215658_,AVOID_VIBRATION,0,
f_215659_,range,0,
f_215660_,newSystem,0,
f_215670_,ALLAY_AMBIENT_WITH_ITEM,0,
f_215671_,ALLAY_AMBIENT_WITHOUT_ITEM,0,
f_215672_,ALLAY_DEATH,0,
f_215673_,BUCKET_EMPTY_TADPOLE,0,
f_215674_,BUCKET_FILL_TADPOLE,0,
f_215675_,ALLAY_HURT,0,
f_215676_,ALLAY_ITEM_GIVEN,0,
f_215677_,ALLAY_ITEM_TAKEN,0,
f_215678_,ALLAY_THROW,0,
f_215679_,FROGLIGHT_BREAK,0,
f_215680_,FROGLIGHT_FALL,0,
f_215681_,FROGLIGHT_HIT,0,
f_215682_,FROGLIGHT_PLACE,0,
f_215683_,FROGLIGHT_STEP,0,
f_215684_,FROGSPAWNSTEP,0,
f_215685_,FROGSPAWN_BREAK,0,
f_215686_,FROGSPAWN_FALL,0,
f_215687_,FROGSPAWN_HATCH,0,
f_215688_,FROGSPAWN_HIT,0,
f_215689_,FROGSPAWN_PLACE,0,
f_215690_,FROG_AMBIENT,0,
f_215691_,FROG_DEATH,0,
f_215692_,FROG_EAT,0,
f_215693_,FROG_HURT,0,
f_215694_,FROG_LAY_SPAWN,0,
f_215695_,FROG_LONG_JUMP,0,
f_215696_,FROG_STEP,0,
f_215697_,FROG_TONGUE,0,
f_215698_,GOAT_HORN_BREAK,0,
f_215699_,GOAT_HORN_PLAY,0,
f_215700_,GOAT_SCREAMING_HORN_BREAK,0,
f_215701_,GOAT_HORN_VARIANT_COUNT,0,
f_215702_,GOAT_HORN_SOUND_VARIANTS,0,
f_215703_,MANGROVE_ROOTS_BREAK,0,
f_215704_,MANGROVE_ROOTS_FALL,0,
f_215705_,MANGROVE_ROOTS_HIT,0,
f_215706_,MANGROVE_ROOTS_PLACE,0,
f_215707_,MANGROVE_ROOTS_STEP,0,
f_215708_,MUD_BREAK,0,
f_215709_,MUD_FALL,0,
f_215710_,MUD_HIT,0,
f_215711_,MUD_PLACE,0,
f_215712_,MUD_STEP,0,
f_215713_,MUD_BRICKS_BREAK,0,
f_215714_,MUD_BRICKS_FALL,0,
f_215715_,MUD_BRICKS_HIT,0,
f_215716_,MUD_BRICKS_PLACE,0,
f_215717_,MUD_BRICKS_STEP,0,
f_215718_,MUDDY_MANGROVE_ROOTS_BREAK,0,
f_215719_,MUDDY_MANGROVE_ROOTS_FALL,0,
f_215720_,MUDDY_MANGROVE_ROOTS_HIT,0,
f_215721_,MUDDY_MANGROVE_ROOTS_PLACE,0,
f_215722_,MUDDY_MANGROVE_ROOTS_STEP,0,
f_215723_,MUSIC_DISC_5,0,
f_215724_,PACKED_MUD_BREAK,0,
f_215725_,PACKED_MUD_FALL,0,
f_215726_,PACKED_MUD_HIT,0,
f_215727_,PACKED_MUD_PLACE,0,
f_215728_,PACKED_MUD_STEP,0,
f_215729_,MUSIC_BIOME_DEEP_DARK,0,
f_215730_,MUSIC_BIOME_SWAMP,0,
f_215732_,MUSIC_BIOME_OLD_GROWTH_TAIGA,0,
f_215733_,PARROT_IMITATE_WARDEN,0,
f_215734_,SCULK_BLOCK_CHARGE,0,
f_215735_,SCULK_BLOCK_BREAK,0,
f_215736_,SCULK_BLOCK_FALL,0,
f_215737_,SCULK_BLOCK_HIT,0,
f_215738_,SCULK_BLOCK_PLACE,0,
f_215739_,SCULK_BLOCK_STEP,0,
f_215740_,SCULK_CATALYST_BLOOM,0,
f_215741_,SCULK_CATALYST_BREAK,0,
f_215742_,SCULK_CATALYST_FALL,0,
f_215743_,SCULK_CATALYST_HIT,0,
f_215744_,SCULK_CATALYST_PLACE,0,
f_215745_,SCULK_CATALYST_STEP,0,
f_215746_,SCULK_SHRIEKER_BREAK,0,
f_215747_,SCULK_SHRIEKER_FALL,0,
f_215748_,SCULK_SHRIEKER_HIT,0,
f_215749_,SCULK_SHRIEKER_PLACE,0,
f_215750_,SCULK_SHRIEKER_SHRIEK,0,
f_215751_,SCULK_SHRIEKER_STEP,0,
f_215752_,SCULK_VEIN_BREAK,0,
f_215753_,SCULK_BLOCK_SPREAD,0,
f_215754_,SCULK_VEIN_FALL,0,
f_215755_,SCULK_VEIN_HIT,0,
f_215756_,SCULK_VEIN_PLACE,0,
f_215757_,SCULK_VEIN_STEP,0,
f_215758_,TADPOLE_DEATH,0,
f_215759_,TADPOLE_FLOP,0,
f_21575_,$SwitchMap$net$minecraft$world$entity$EquipmentSlot$Type,0,
f_215760_,TADPOLE_GROW_UP,0,
f_215761_,TADPOLE_HURT,0,
f_215762_,WARDEN_HEARTBEAT,0,
f_215763_,WARDEN_HURT,0,
f_215764_,WARDEN_LISTENING,0,
f_215765_,WARDEN_LISTENING_ANGRY,0,
f_215766_,WARDEN_NEARBY_CLOSE,0,
f_215767_,WARDEN_NEARBY_CLOSER,0,
f_215768_,WARDEN_NEARBY_CLOSEST,0,
f_215769_,WARDEN_ROAR,0,
f_21576_,$SwitchMap$net$minecraft$world$entity$EquipmentSlot,0,
f_215770_,WARDEN_SNIFF,0,
f_215771_,WARDEN_SONIC_BOOM,0,
f_215772_,WARDEN_SONIC_CHARGE,0,
f_215773_,WARDEN_STEP,0,
f_215774_,WARDEN_TENDRIL_CLICKS,0,
f_215775_,WARDEN_AGITATED,0,
f_215776_,WARDEN_AMBIENT,0,
f_215777_,WARDEN_ANGRY,0,
f_215778_,WARDEN_ATTACK_IMPACT,0,
f_215779_,WARDEN_DEATH,0,
f_215780_,WARDEN_DIG,0,
f_215781_,WARDEN_EMERGE,0,
f_215788_,NO_ITEM_REQUIRED,0,
f_215789_,PATTERN_ITEM_FLOWER,0,
f_215790_,PATTERN_ITEM_CREEPER,0,
f_215791_,PATTERN_ITEM_SKULL,0,
f_215792_,PATTERN_ITEM_MOJANG,0,
f_215793_,PATTERN_ITEM_GLOBE,0,
f_215794_,PATTERN_ITEM_PIGLIN,0,
f_215799_,HAS_ANCIENT_CITY,0,
f_215800_,REQUIRED_OCEAN_MONUMENT_SURROUNDING,0,
f_215801_,PLAYS_UNDERWATER_MUSIC,0,
f_215802_,HAS_CLOSER_WATER_FOG,0,
f_215803_,WATER_ON_MAP_OUTLINES,0,
f_215804_,PRODUCES_CORALS_FROM_BONEMEAL,0,
f_215805_,WITHOUT_ZOMBIE_SIEGES,0,
f_215806_,WITHOUT_PATROL_SPAWNS,0,
f_215807_,WITHOUT_WANDERING_TRADER_SPAWNS,0,
f_215808_,SPAWNS_COLD_VARIANT_FROGS,0,
f_215809_,SPAWNS_WARM_VARIANT_FROGS,0,
f_215811_,REDUCED_WATER_AMBIENT_SPAWNS,0,
f_215812_,ALLOWS_TROPICAL_FISH_SPAWNS_AT_ANY_HEIGHT,0,
f_215813_,POLAR_BEARS_SPAWN_ON_ALTERNATE_BLOCKS,0,
f_215814_,MORE_FREQUENT_DROWNED_SPAWNS,0,
f_215815_,ALLOWS_SURFACE_SLIME_SPAWNS,0,
f_215816_,IS_SAVANNA,0,
f_215817_,IS_OVERWORLD,0,
f_215818_,IS_END,0,
f_215819_,STRONGHOLD_BIASED_TO,0,
f_215820_,OVERWORLD_CARVER_REPLACEABLES,0,
f_215821_,COMPLETES_FIND_TREE_TUTORIAL,0,
f_215822_,DRAGON_TRANSPARENT,0,
f_215823_,SCULK_REPLACEABLE,0,
f_215824_,SCULK_REPLACEABLE_WORLD_GEN,0,
f_215825_,ANCIENT_CITY_REPLACEABLE,0,
f_215826_,POLAR_BEARS_SPAWNABLE_ON_ALTERNATE,0,
f_215827_,FROGS_SPAWNABLE_ON,0,
f_215828_,CONVERTABLE_TO_MUD,0,
f_215829_,MANGROVE_LOGS_CAN_GROW_THROUGH,0,
f_215830_,MANGROVE_ROOTS_CAN_GROW_THROUGH,0,
f_215831_,DEAD_BUSH_MAY_PLACE_ON,0,
f_215832_,SNAPS_GOAT_HORN,0,
f_215833_,SNOW_LAYER_CANNOT_SURVIVE_ON,0,
f_215834_,SNOW_LAYER_CAN_SURVIVE_ON,0,
f_215835_,NETHER_CARVER_REPLACEABLES,0,
f_215836_,DAMPENS_VIBRATIONS,0,
f_215837_,FROG_PREFER_JUMP_TO,0,
f_215838_,WOOL_CARPETS,0,
f_215839_,OVERWORLD_NATURAL_LOGS,0,
f_215840_,MANGROVE_LOGS,0,
f_215841_,DEFAULT_SPAWNS,0,
f_215842_,FULL_MOON_SPAWNS,0,
f_215847_,FROG_FOOD,0,
f_215848_,VISIBLE,0,
f_21584_,CODEC,0,
f_215853_,WARDEN_CAN_LISTEN,0,
f_215854_,SHRIEKER_CAN_LISTEN,0,
f_215855_,ALLAY_CAN_LISTEN,0,
f_215856_,REGULAR_GOAT_HORNS,0,
f_215857_,SCREAMING_GOAT_HORNS,0,
f_215858_,GOAT_HORNS,0,
f_215862_,WART_BLOCKS,0,
f_215863_,COMPLETES_FIND_TREE_TUTORIAL,0,
f_215864_,CHEST_BOATS,0,
f_215865_,DAMPENS_VIBRATIONS,0,
f_215866_,COMPASSES,0,
f_215867_,WOOL_CARPETS,0,
f_215869_,MANGROVE_LOGS,0,
f_21586_,max,0,
f_215870_,PLACEABLE,0,
f_215875_,ACQUIRABLE_JOB_SITE,0,
f_215876_,VILLAGE,0,
f_215877_,BEE_HOME,0,
f_21587_,isFriendly,0,
f_215882_,EYE_OF_ENDER_LOCATED,0,
f_215883_,DOLPHIN_LOCATED,0,
f_215884_,ON_WOODLAND_EXPLORER_MAPS,0,
f_215885_,ON_OCEAN_EXPLORER_MAPS,0,
f_215886_,ON_TREASURE_MAPS,0,
f_215887_,CATS_SPAWN_IN,0,
f_215888_,CATS_SPAWN_AS_BLACK,0,
f_215889_,VILLAGE,0,
f_21588_,isPersistent,0,
f_215890_,MINESHAFT,0,
f_215891_,SHIPWRECK,0,
f_215892_,RUINED_PORTAL,0,
f_215893_,OCEAN_RUIN,0,
f_215897_,entries,0,
f_21589_,name,0,
f_21590_,noDespawnDistance,0,
f_215911_,CODEC,0,
f_215912_,FULL_CODEC,0,
f_215913_,id,0,
f_215914_,tag,0,
f_215915_,required,0,
f_21591_,despawnDistance,0,
f_215958_,CODEC,0,
f_215959_,entries,0,
f_215960_,replace,0,
f_216033_,val$newTags,0,
f_216034_,this$0,0,
f_216042_,entry,0,
f_216043_,source,0,
f_216053_,NORMAL,0,
f_216054_,EXTENDED,0,
f_216059_,SIGNING_ALGORITHM,0,
f_216060_,RSA_PUBLIC_KEY_HEADER,0,
f_216061_,MIME_LINE_SEPARATOR,0,
f_216062_,MIME_ENCODER,0,
f_216063_,PUBLIC_KEY_CODEC,0,
f_216064_,PRIVATE_KEY_CODEC,0,
f_216065_,PEM_RSA_PRIVATE_KEY_HEADER,0,
f_216066_,PEM_RSA_PRIVATE_KEY_FOOTER,0,
f_216067_,RSA_PUBLIC_KEY_FOOTER,0,
f_216090_,EMPTY,0,
f_216091_,salt,0,
f_216092_,signature,0,
f_216110_,secureRandom,0,
f_216124_,minValue,0,
f_216125_,maxValue,0,
f_216158_,PATTERN,0,
f_216159_,INSTANT_ISO8601,0,
f_216160_,BASE64_STRING,0,
f_216161_,TAG_OR_ELEMENT_ID,0,
f_216162_,toOptionalLong,0,
f_216163_,fromOptionalLong,0,
f_216195_,id,0,
f_216196_,tag,0,
f_216232_,codec,0,
f_216326_,GAUSSIAN_SPREAD_FACTOR,0,
f_216348_,NO_VALIDATION,0,
f_216349_,LOGGER,0,
f_216381_,LOGGER,0,
f_216412_,LEGACY_IRON_GOLEM,0,
f_216413_,ON_TOP_OF_COLLIDER,0,
f_216433_,PRE_BUILT_MAP_THRESHOLD,0,
f_216445_,resolver,0,
f_216471_,IDENTITY,0,
f_216479_,val$function,0,
f_216488_,val$outer,0,
f_216489_,val$function,0,
f_216512_,BLENDING_VERSION,0,
f_216514_,dataFixer,0,
f_216534_,name,0,
f_216557_,name,0,
f_216558_,STATUSES_TO_SKIP_BLENDING,0,
f_216581_,name,0,
f_216582_,advancementId,0,
f_216583_,conversions,0,
f_216620_,fieldName,0,
f_216621_,idConversions,0,
f_216671_,INSTRUMENTS,0,
f_216679_,name,0,
f_216680_,idFilter,0,
f_216699_,typesToKeep,0,
f_216708_,renamer,0,
f_216719_,GAME_EVENT_NAME,0,
f_216740_,renames,0,
f_216856_,values,0,
f_216964_,DARKNESS,0,
f_216965_,DARKNESS_EFFECT_FACTOR_PADDING_DURATION_TICKS,0,
f_216969_,STOPPED,0,
f_216970_,lastTime,0,
f_216971_,accumulatedTime,0,
f_216985_,packetPositionCodec,0,
f_217010_,TENDRILS_SHIVER,0,
f_217011_,SONIC_CHARGE,0,
f_217012_,FROG,0,
f_217013_,TADPOLE,0,
f_217014_,ALLAY,0,
f_217015_,WARDEN,0,
f_217016_,CHEST_BOAT,0,
f_217024_,id,0,
f_217034_,skipDropExperience,0,
f_217047_,PRESERVE_ITEM_DROP_CHANCE,0,
f_217048_,ITEM_PICKUP_REACH,0,
f_217139_,CROAK_TICKS,0,
f_217140_,TIME_OUT_DURATION,0,
f_217141_,croakCounter,0,
f_217188_,CLOSE_ENOUGH_DISTANCE_TO_TARGET,0,
f_217189_,ITEM_PICKUP_COOLDOWN_AFTER_THROWING,0,
f_217190_,targetPositionGetter,0,
f_217191_,speedModifier,0,
f_217259_,preferredBlockTag,0,
f_217260_,preferredBlocksChance,0,
f_217261_,notPrefferedJumpCandidates,0,
f_217262_,currentlyWantingPreferredOnes,0,
f_217289_,ALLOWED_ANGLES,0,
f_217290_,acceptableLandingSpot,0,
f_217340_,getHornBreakSound,0,
f_21736_,victims,0,
f_217413_,COOLDOWN_TICKS,0,
f_21750_,DATA_BY_TYPE,0,
f_217572_,TICKS_BEFORE_PLAYING_ROAR_SOUND,0,
f_217573_,ROAR_ANGER_INCREASE,0,
f_217644_,ANGER_FROM_SNIFFING_MAX_DISTANCE_XZ,0,
f_217645_,ANGER_FROM_SNIFFING_MAX_DISTANCE_Y,0,
f_217675_,COOLDOWN,0,
f_217676_,DISTANCE_XZ,0,
f_217677_,DISTANCE_Y,0,
f_217678_,KNOCKBACK_VERTICAL,0,
f_217679_,KNOCKBACK_HORIZONTAL,0,
f_21767_,heightMap,0,
f_217680_,TICKS_BEFORE_PLAYING_SOUND,0,
f_217681_,DURATION,0,
f_21768_,placement,0,
f_21769_,predicate,0,
f_217735_,SNIFF_COOLDOWN,0,
f_217766_,IS_IN_WATER,0,
f_217767_,IS_PREGNANT,0,
f_217768_,IS_PANICKING,0,
f_217769_,ROAR_SOUND_DELAY,0,
f_217770_,DIG_COOLDOWN,0,
f_217771_,ROAR_SOUND_COOLDOWN,0,
f_217772_,SNIFF_COOLDOWN,0,
f_217773_,TOUCH_COOLDOWN,0,
f_217774_,VIBRATION_COOLDOWN,0,
f_217775_,SONIC_BOOM_COOLDOWN,0,
f_217776_,SONIC_BOOM_SOUND_COOLDOWN,0,
f_217777_,SONIC_BOOM_SOUND_DELAY,0,
f_217778_,LIKED_PLAYER,0,
f_217779_,LIKED_NOTEBLOCK_POSITION,0,
f_217780_,LIKED_NOTEBLOCK_COOLDOWN_TICKS,0,
f_217781_,ITEM_PICKUP_COOLDOWN_TICKS,0,
f_217782_,ROAR_TARGET,0,
f_217783_,DISTURBANCE_LOCATION,0,
f_217784_,RECENT_PROJECTILE,0,
f_217785_,IS_SNIFFING,0,
f_217786_,IS_EMERGING,0,
f_217807_,TARGET_DETECTION_DISTANCE,0,
f_217822_,FROG_TEMPTATIONS,0,
f_217823_,FROG_ATTACKABLES,0,
f_217824_,IS_IN_WATER,0,
f_217825_,WARDEN_ENTITY_SENSOR,0,
f_21798_,DATA_FLAGS_ID,0,
f_21799_,DATA_OWNERUUID_ID,0,
f_21800_,orderedToSit,0,
f_218034_,NONE,0,
f_218047_,ARMORER,0,
f_218048_,BUTCHER,0,
f_218049_,CARTOGRAPHER,0,
f_218050_,CLERIC,0,
f_218051_,FARMER,0,
f_218052_,FISHERMAN,0,
f_218053_,FLETCHER,0,
f_218054_,LEATHERWORKER,0,
f_218055_,LIBRARIAN,0,
f_218056_,MASON,0,
f_218057_,SHEPHERD,0,
f_218058_,TOOLSMITH,0,
f_218059_,WEAPONSMITH,0,
f_218060_,HOME,0,
f_218061_,MEETING,0,
f_218062_,BEEHIVE,0,
f_218063_,BEE_NEST,0,
f_218064_,NETHER_PORTAL,0,
f_218065_,LODESTONE,0,
f_218066_,LIGHTNING_ROD,0,
f_218068_,BEDS,0,
f_218069_,CAULDRONS,0,
f_218070_,TYPE_BY_STATE,0,
f_218131_,DATA_VARIANT_ID,0,
f_218140_,TABBY,0,
f_218141_,BLACK,0,
f_218142_,RED,0,
f_218143_,SIAMESE,0,
f_218144_,BRITISH_SHORTHAIR,0,
f_218145_,CALICO,0,
f_218146_,PERSIAN,0,
f_218147_,RAGDOLL,0,
f_218148_,WHITE,0,
f_218149_,JELLIE,0,
f_218150_,ALL_BLACK,0,
f_218151_,texture,0,
f_218185_,TEMPERATE,0,
f_218186_,WARM,0,
f_218187_,COLD,0,
f_218188_,texture,0,
f_218297_,SENSOR_TYPES,0,
f_218299_,ITEM_PICKUP_REACH,0,
f_218301_,MEMORY_TYPES,0,
f_218303_,inventory,0,
f_218304_,holdingItemAnimationTicks,0,
f_218305_,holdingItemAnimationTicks0,0,
f_218306_,THROW_SOUND_PITCHES,0,
f_218307_,LOGGER,0,
f_218396_,SPEED_MULTIPLIER_WHEN_IDLING,0,
f_218397_,SPEED_MULTIPLIER_WHEN_FOLLOWING_DEPOSIT_TARGET,0,
f_218398_,SPEED_MULTIPLIER_WHEN_RETRIEVING_ITEM,0,
f_218399_,SPEED_MULTIPLIER_WHEN_PANICKING,0,
f_218400_,CLOSE_ENOUGH_TO_TARGET,0,
f_218401_,TOO_FAR_FROM_TARGET,0,
f_218402_,MAX_LOOK_DISTANCE,0,
f_218403_,MIN_WAIT_DURATION,0,
f_218404_,MAX_WAIT_DURATION,0,
f_218405_,TIME_TO_FORGET_NOTEBLOCK,0,
f_218406_,DISTANCE_TO_WANTED_ITEM,0,
f_21841_,LOGGER,0,
f_21842_,codec,0,
f_21843_,memories,0,
f_21844_,sensors,0,
f_218456_,SENSOR_TYPES,0,
f_218457_,MEMORY_TYPES,0,
f_218458_,VARIANT_KEY,0,
f_218459_,jumpAnimationState,0,
f_21845_,availableBehaviorsByPriority,0,
f_218460_,croakAnimationState,0,
f_218461_,tongueAnimationState,0,
f_218464_,swimIdleAnimationState,0,
f_218465_,DATA_VARIANT_ID,0,
f_218466_,DATA_TONGUE_TARGET_ID,0,
f_218467_,FROG_FALL_DAMAGE_REDUCTION,0,
f_21846_,schedule,0,
f_21847_,activityRequirements,0,
f_21848_,activityMemoriesToEraseWhenStopped,0,
f_21849_,coreActivities,0,
f_21850_,activeActivities,0,
f_21851_,defaultActivity,0,
f_21852_,lastScheduleUpdate,0,
f_218541_,this$0,0,
f_218546_,belowPos,0,
f_218560_,SPEED_MULTIPLIER_WHEN_PANICKING,0,
f_218562_,SPEED_MULTIPLIER_WHEN_IDLING,0,
f_218563_,SPEED_MULTIPLIER_ON_LAND,0,
f_218564_,SPEED_MULTIPLIER_IN_WATER,0,
f_218565_,TIME_BETWEEN_LONG_JUMPS,0,
f_218566_,MAX_LONG_JUMP_HEIGHT,0,
f_218567_,MAX_LONG_JUMP_WIDTH,0,
f_218569_,SPEED_MULTIPLIER_WHEN_TEMPTED,0,
f_218608_,TIME_OUT_DURATION,0,
f_218609_,CATCH_ANIMATION_DURATION,0,
f_218610_,TONGUE_ANIMATION_DURATION,0,
f_218611_,EATING_DISTANCE,0,
f_218612_,EATING_MOVEMENT_FACTOR,0,
f_218613_,eatAnimationTimer,0,
f_218614_,calculatePathCounter,0,
f_218615_,tongueSound,0,
f_218616_,eatSound,0,
f_218617_,itemSpawnPos,0,
f_218618_,state,0,
f_218678_,ticksToBeFrog,0,
f_218679_,MEMORY_TYPES,0,
f_218680_,age,0,
f_218681_,HITBOX_WIDTH,0,
f_218682_,HITBOX_HEIGHT,0,
f_218683_,SENSOR_TYPES,0,
f_218735_,SPEED_MULTIPLIER_WHEN_PANICKING,0,
f_218736_,SPEED_MULTIPLIER_WHEN_IDLING_IN_WATER,0,
f_218737_,SPEED_MULTIPLIER_WHEN_TEMPTED,0,
f_218749_,UNIHORN_CHANCE,0,
f_218750_,DATA_HAS_LEFT_HORN,0,
f_218751_,DATA_HAS_RIGHT_HORN,0,
f_218773_,subPredicate,0,
f_218799_,subPredicate,0,
f_218870_,DATA_PAINTING_VARIANT_ID,0,
f_218871_,DEFAULT_VARIANT,0,
f_218903_,width,0,
f_218904_,height,0,
f_218910_,EARTH,0,
f_218911_,WIND,0,
f_218912_,WATER,0,
f_218913_,FIRE,0,
f_218914_,KEBAB,0,
f_218915_,AZTEC,0,
f_218916_,ALBAN,0,
f_218917_,AZTEC2,0,
f_218918_,BOMB,0,
f_218919_,PLANT,0,
f_218920_,WASTELAND,0,
f_218921_,POOL,0,
f_218922_,COURBET,0,
f_218923_,SEA,0,
f_218924_,SUNSET,0,
f_218925_,CREEBET,0,
f_218926_,WANDERER,0,
f_218927_,GRAHAM,0,
f_218928_,MATCH,0,
f_218929_,BUST,0,
f_218930_,STAGE,0,
f_218931_,VOID,0,
f_218932_,SKULL_AND_ROSES,0,
f_218933_,WITHER,0,
f_218934_,FIGHTERS,0,
f_218935_,POINTER,0,
f_218936_,PIGSCENE,0,
f_218937_,BURNING_SKULL,0,
f_218938_,SKELETON,0,
f_218939_,DONKEY_KONG,0,
f_218961_,EFFECT_RADIUS,0,
f_218962_,EFFECT_DURATION,0,
f_218963_,EFFECT_AMPLIFIER,0,
f_218964_,EFFECT_DISPLAY_LIMIT,0,
f_218965_,EFFECT_INTERVAL,0,
f_219214_,SORTED_LEVELS,0,
f_219215_,minimumAnger,0,
f_219216_,ambientSound,0,
f_219217_,listeningSound,0,
f_219241_,CONVERSION_DELAY,0,
f_219242_,MAX_ANGER,0,
f_219243_,suspects,0,
f_219244_,angerBySuspect,0,
f_219245_,angerByUuid,0,
f_219246_,DEFAULT_ANGER_DECREASE,0,
f_219247_,conversionDelay,0,
f_219248_,highestAnger,0,
f_219249_,SUSPECT_ANGER_PAIR,0,
f_219250_,filter,0,
f_219251_,suspectSorter,0,
f_219296_,$SwitchMap$net$minecraft$world$entity$Entity$RemovalReason,0,
f_219298_,angerManagement,0,
f_219312_,roarAnimationState,0,
f_219313_,attackAnimationState,0,
f_219314_,sonicBoomAnimationState,0,
f_219315_,LOGGER,0,
f_219316_,sniffAnimationState,0,
f_219317_,heartAnimationO,0,
f_219318_,dynamicGameEventListener,0,
f_219319_,angerManagement,0,
f_219321_,VIBRATION_COOLDOWN_TICKS,0,
f_219322_,TIME_TO_USE_MELEE_UNTIL_SONIC_BOOM,0,
f_219323_,MAX_HEALTH,0,
f_219324_,MOVEMENT_SPEED_WHEN_FIGHTING,0,
f_219325_,KNOCKBACK_RESISTANCE,0,
f_219326_,ATTACK_KNOCKBACK,0,
f_219327_,ATTACK_DAMAGE,0,
f_219328_,CLIENT_ANGER_LEVEL,0,
f_219329_,DARKNESS_DISPLAY_LIMIT,0,
f_219330_,DARKNESS_DURATION,0,
f_219331_,DARKNESS_RADIUS,0,
f_219332_,DARKNESS_INTERVAL,0,
f_219333_,ANGERMANAGEMENT_TICK_DELAY,0,
f_219334_,DEFAULT_ANGER,0,
f_219335_,PROJECTILE_ANGER,0,
f_219336_,ON_HURT_ANGER_BOOST,0,
f_219337_,RECENT_PROJECTILE_TICK_THRESHOLD,0,
f_219338_,TOUCH_COOLDOWN_TICKS,0,
f_219339_,DIGGING_PARTICLES_AMOUNT,0,
f_219340_,DIGGING_PARTICLES_DURATION,0,
f_219341_,DIGGING_PARTICLES_OFFSET,0,
f_219342_,PROJECTILE_ANGER_DISTANCE,0,
f_219343_,tendrilAnimation,0,
f_219344_,tendrilAnimationO,0,
f_219345_,heartAnimation,0,
f_219346_,emergeAnimationState,0,
f_219347_,diggingAnimationState,0,
f_219488_,$SwitchMap$net$minecraft$world$entity$Pose,0,
f_219490_,EMERGE_DURATION,0,
f_219491_,ROAR_DURATION,0,
f_219492_,DIGGING_COOLDOWN,0,
f_219493_,SPEED_MULTIPLIER_WHEN_IDLING,0,
f_219494_,SPEED_MULTIPLIER_WHEN_INVESTIGATING,0,
f_219495_,SPEED_MULTIPLIER_WHEN_FIGHTING,0,
f_219496_,MELEE_ATTACK_COOLDOWN,0,
f_219497_,DIGGING_DURATION,0,
f_219498_,SNIFFING_DURATION,0,
f_219499_,DISTURBANCE_LOCATION_EXPIRY_TIME,0,
f_219500_,SENSOR_TYPES,0,
f_219501_,MEMORY_TYPES,0,
f_219502_,DIG_COOLDOWN_SETTER,0,
f_219557_,CODEC,0,
f_219558_,MAX_WARNING_LEVEL,0,
f_219559_,PLAYER_SEARCH_RADIUS,0,
f_219560_,WARNING_CHECK_DIAMETER,0,
f_219561_,DECREASE_WARNING_LEVEL_EVERY_INTERVAL,0,
f_219562_,WARNING_LEVEL_INCREASE_COOLDOWN,0,
f_219563_,ticksSinceLastWarning,0,
f_219564_,warningLevel,0,
f_219565_,cooldownTicks,0,
f_219627_,ALL_ACQUIRABLE_JOBS,0,
f_219628_,heldJobSite,0,
f_219629_,acquirableJobSite,0,
f_219722_,LOGGER,0,
f_219761_,CODEC,0,
f_219762_,privateKey,0,
f_219763_,publicKey,0,
f_219764_,refreshedAfter,0,
f_21977_,val$memoryTypes,0,
f_219780_,TRUSTED_CODEC,0,
f_219781_,data,0,
f_21978_,val$sensorTypes,0,
f_219798_,CODEC,0,
f_219799_,expiresAt,0,
f_21979_,val$codecReference,0,
f_219800_,key,0,
f_219801_,keySignature,0,
f_219802_,MAX_KEY_SIGNATURE_SIZE,0,
f_219846_,TONGUE,0,
f_219847_,SWIM,0,
f_219848_,LAY_SPAWN,0,
f_219849_,SNIFF,0,
f_219850_,INVESTIGATE,0,
f_219851_,ROAR,0,
f_219852_,EMERGE,0,
f_219853_,DIG,0,
f_219864_,itemStacks,0,
f_219865_,lootTable,0,
f_219866_,lootTableSeed,0,
f_219867_,CONTAINER_SIZE,0,
f_219923_,$SwitchMap$net$minecraft$world$entity$vehicle$Boat$Type,0,
f_219957_,val$slot,0,
f_219958_,this$0,0,
f_219975_,val$owner,0,
f_219989_,PATTERN_NOT_SET,0,
f_219990_,selectablePatterns,0,
f_220011_,hasChest,0,
f_220078_,CODEC,0,
f_220079_,soundEvent,0,
f_220080_,useDuration,0,
f_220081_,range,0,
f_220097_,instruments,0,
f_220137_,GOAT_HORN_RANGE_BLOCKS,0,
f_220138_,GOAT_HORN_DURATION,0,
f_220139_,PONDER_GOAT_HORN,0,
f_220140_,SING_GOAT_HORN,0,
f_220141_,SEEK_GOAT_HORN,0,
f_220142_,FEEL_GOAT_HORN,0,
f_220143_,ADMIRE_GOAT_HORN,0,
f_220144_,CALL_GOAT_HORN,0,
f_220145_,YEARN_GOAT_HORN,0,
f_220146_,DREAM_GOAT_HORN,0,
f_220174_,MANGROVE_PLANKS,0,
f_220175_,MANGROVE_PROPAGULE,0,
f_220176_,STRIPPED_MANGROVE_WOOD,0,
f_220177_,MANGROVE_WOOD,0,
f_220178_,MANGROVE_LEAVES,0,
f_220179_,MANGROVE_LOG,0,
f_220180_,MANGROVE_ROOTS,0,
f_220181_,MUDDY_MANGROVE_ROOTS,0,
f_220182_,STRIPPED_MANGROVE_LOG,0,
f_220183_,MANGROVE_SLAB,0,
f_220184_,MUD_BRICK_SLAB,0,
f_220185_,PACKED_MUD,0,
f_220186_,MUD_BRICKS,0,
f_220187_,REINFORCED_DEEPSLATE,0,
f_220188_,MANGROVE_FENCE,0,
f_220189_,MANGROVE_STAIRS,0,
f_220190_,MUD_BRICK_WALL,0,
f_220191_,MUD_BRICK_STAIRS,0,
f_220192_,SCULK,0,
f_220193_,SCULK_VEIN,0,
f_220194_,SCULK_CATALYST,0,
f_220195_,SCULK_SHRIEKER,0,
f_220196_,MANGROVE_PRESSURE_PLATE,0,
f_220197_,MANGROVE_DOOR,0,
f_220198_,MANGROVE_TRAPDOOR,0,
f_220199_,MANGROVE_BUTTON,0,
f_220200_,BIRCH_CHEST_BOAT,0,
f_220201_,JUNGLE_CHEST_BOAT,0,
f_220202_,ACACIA_CHEST_BOAT,0,
f_220203_,DARK_OAK_CHEST_BOAT,0,
f_220204_,MANGROVE_BOAT,0,
f_220205_,MANGROVE_CHEST_BOAT,0,
f_220206_,MANGROVE_FENCE_GATE,0,
f_220207_,OAK_CHEST_BOAT,0,
f_220208_,SPRUCE_CHEST_BOAT,0,
f_220209_,MANGROVE_SIGN,0,
f_220210_,TADPOLE_BUCKET,0,
f_220211_,RECOVERY_COMPASS,0,
f_220212_,ALLAY_SPAWN_EGG,0,
f_220213_,FROG_SPAWN_EGG,0,
f_220214_,TADPOLE_SPAWN_EGG,0,
f_220215_,WARDEN_SPAWN_EGG,0,
f_220216_,MUD,0,
f_220217_,MUSIC_DISC_5,0,
f_220218_,DISC_FRAGMENT_5,0,
f_220219_,GOAT_HORN,0,
f_220220_,OCHRE_FROGLIGHT,0,
f_220221_,VERDANT_FROGLIGHT,0,
f_220222_,PEARLESCENT_FROGLIGHT,0,
f_220223_,FROGSPAWN,0,
f_220224_,ECHO_SHARD,0,
f_220273_,val$type,0,
f_220274_,lastRecipe,0,
f_220286_,SWIFT_SNEAK_EXTRA_FACTOR,0,
f_220304_,SWIFT_SNEAK,0,
f_22030_,type,0,
f_22031_,value,0,
f_220335_,REGION_SIZE,0,
f_220336_,REGION_MAX_INDEX,0,
f_220347_,RULE_DO_WARDEN_SPAWNING,0,
f_220348_,threadSafeRandom,0,
f_220350_,neighborUpdater,0,
f_220396_,val$dimensionType,0,
f_220460_,level,0,
f_220462_,structureCheck,0,
f_220594_,DEEP_DARK,0,
f_220595_,MANGROVE_SWAMP,0,
f_220610_,featureIndex,0,
f_220611_,step,0,
f_220612_,feature,0,
f_220624_,features,0,
f_220625_,indexMapping,0,
f_22062_,memoryTypes,0,
f_22063_,sensorTypes,0,
f_22064_,codec,0,
f_220663_,EROSION_DEEP_DARK_DRYNESS_THRESHOLD,0,
f_220664_,DEPTH_DEEP_DARK_DRYNESS_THRESHOLD,0,
f_22076_,defaultValue,0,
f_22077_,syncable,0,
f_22078_,descriptionId,0,
f_220831_,MANGROVE_PROPAGULE,0,
f_220832_,MANGROVE_LOG,0,
f_220833_,MANGROVE_ROOTS,0,
f_220834_,MUDDY_MANGROVE_ROOTS,0,
f_220835_,STRIPPED_MANGROVE_LOG,0,
f_220836_,MANGROVE_WOOD,0,
f_220837_,STRIPPED_MANGROVE_WOOD,0,
f_220838_,MANGROVE_LEAVES,0,
f_220839_,MANGROVE_WALL_SIGN,0,
f_220840_,MANGROVE_PRESSURE_PLATE,0,
f_220841_,MANGROVE_SIGN,0,
f_220842_,MANGROVE_TRAPDOOR,0,
f_220843_,PACKED_MUD,0,
f_220844_,MUD_BRICKS,0,
f_220845_,MUD_BRICK_STAIRS,0,
f_220846_,MANGROVE_BUTTON,0,
f_220847_,POTTED_MANGROVE_PROPAGULE,0,
f_220848_,MANGROVE_STAIRS,0,
f_220849_,MUD_BRICK_SLAB,0,
f_220850_,MANGROVE_FENCE_GATE,0,
f_220851_,MANGROVE_SLAB,0,
f_220852_,MANGROVE_FENCE,0,
f_220853_,MANGROVE_DOOR,0,
f_220854_,MUD_BRICK_WALL,0,
f_220855_,SCULK,0,
f_220856_,SCULK_VEIN,0,
f_220857_,SCULK_CATALYST,0,
f_220858_,SCULK_SHRIEKER,0,
f_220859_,OCHRE_FROGLIGHT,0,
f_220860_,VERDANT_FROGLIGHT,0,
f_220861_,PEARLESCENT_FROGLIGHT,0,
f_220862_,FROGSPAWN,0,
f_220863_,REINFORCED_DEEPSLATE,0,
f_220864_,MUD,0,
f_220865_,MANGROVE_PLANKS,0,
f_22088_,attribute,0,
f_22089_,modifiersByOperation,0,
f_22090_,modifierById,0,
f_22091_,permanentModifiers,0,
f_22092_,baseValue,0,
f_22093_,dirty,0,
f_22094_,cachedValue,0,
f_22095_,onDirty,0,
f_221079_,xpRange,0,
f_221143_,IGNITE_INSTANT,0,
f_221144_,IGNITE_EASY,0,
f_221145_,IGNITE_MEDIUM,0,
f_221146_,IGNITE_HARD,0,
f_221147_,igniteOdds,0,
f_221168_,SHAPE,0,
f_221169_,MIN_TADPOLES_SPAWN,0,
f_221170_,MAX_TADPOLES_SPAWN,0,
f_221171_,DEFAULT_MIN_HATCH_TICK_DELAY,0,
f_221172_,DEFAULT_MAX_HATCH_TICK_DELAY,0,
f_221173_,minHatchTickDelay,0,
f_221174_,maxHatchTickDelay,0,
f_221257_,spreader,0,
f_221315_,item,0,
f_221316_,entity,0,
f_221367_,WATERLOGGED,0,
f_22138_,LOGGER,0,
f_221392_,PARTICLES_SCULK_CHARGE,0,
f_221393_,PARTICLES_SCULK_SHRIEK,0,
f_22139_,attributes,0,
f_22140_,dirtyAttributes,0,
f_22141_,supplier,0,
f_221441_,AGE,0,
f_221442_,MAX_AGE,0,
f_221443_,HANGING,0,
f_221444_,SHAPE_PER_AGE,0,
f_221445_,WATERLOGGED,0,
f_221503_,WATERLOGGED,0,
f_221524_,CODEC,0,
f_221525_,id,0,
f_221542_,SHAPE,0,
f_221586_,DEFAULT_SPREAD_ORDER,0,
f_221587_,config,0,
f_221681_,block,0,
f_221717_,pos,0,
f_221718_,face,0,
f_221844_,WATER_TRANSFER_PROBABILITY_PER_RANDOM_TICK,0,
f_221845_,LAVA_TRANSFER_PROBABILITY_PER_RANDOM_TICK,0,
f_221892_,pos,0,
f_221893_,fluid,0,
f_221894_,sourceState,0,
f_22189_,LOGGER,0,
f_22190_,amount,0,
f_22191_,operation,0,
f_22193_,id,0,
f_221943_,$SwitchMap$com$mojang$blaze3d$vertex$VertexFormat$Mode,0,
f_221983_,CODEC,0,
f_221984_,id,0,
f_222023_,DEFAULT,0,
f_222086_,PULSE,0,
f_222087_,xpRange,0,
f_222152_,SHRIEKING,0,
f_222153_,WATERLOGGED,0,
f_222154_,CAN_SUMMON,0,
f_222155_,COLLIDER,0,
f_222156_,TOP_Y,0,
f_222233_,MAX_GROWTH_RATE_RADIUS,0,
f_222234_,MAX_CHARGE,0,
f_222235_,MAX_DECAY_FACTOR,0,
f_222236_,SHRIEKER_PLACEMENT_RATE,0,
f_222237_,MAX_CURSORS,0,
f_222238_,isWorldGeneration,0,
f_222239_,replaceableBlocks,0,
f_222240_,growthSpawnCost,0,
f_222241_,noGrowthRadius,0,
f_222242_,chargeDecayRate,0,
f_222243_,additionalDecayRate,0,
f_222244_,cursors,0,
f_222245_,LOGGER,0,
f_222285_,MAX_CURSOR_DECAY_DELAY,0,
f_222286_,CODEC,0,
f_222287_,NON_CORNER_NEIGHBOURS,0,
f_222288_,pos,0,
f_222289_,charge,0,
f_222290_,updateDelay,0,
f_222291_,decayDelay,0,
f_222292_,facings,0,
f_222293_,DIRECTION_SET,0,
f_222348_,WATERLOGGED,0,
f_222349_,veinSpreader,0,
f_222350_,sameSpaceSpreader,0,
f_222399_,spreadTypes,0,
f_22241_,instances,0,
f_222465_,FROGLIGHT,0,
f_222466_,FROGSPAWN,0,
f_222467_,MANGROVE_ROOTS,0,
f_222468_,MUDDY_MANGROVE_ROOTS,0,
f_222469_,MUD,0,
f_222470_,MUD_BRICKS,0,
f_222471_,PACKED_MUD,0,
f_222472_,SCULK_CATALYST,0,
f_222473_,SCULK,0,
f_222474_,SCULK_VEIN,0,
f_222475_,SCULK_SHRIEKER,0,
f_22262_,builder,0,
f_22263_,instanceFrozen,0,
f_222691_,quickCheck,0,
f_222711_,HALF_VERTICAL,0,
f_222712_,HALF_HORIZONTAL,0,
f_222713_,HALF_VERTICAL_MIRROR,0,
f_222714_,HALF_HORIZONTAL_MIRROR,0,
f_222715_,BORDER,0,
f_222716_,CURLY_BORDER,0,
f_222717_,GRADIENT,0,
f_222718_,GRADIENT_UP,0,
f_222719_,BRICKS,0,
f_222720_,GLOBE,0,
f_222721_,CREEPER,0,
f_222722_,SKULL,0,
f_222723_,FLOWER,0,
f_222724_,MOJANG,0,
f_222725_,PIGLIN,0,
f_222726_,BASE,0,
f_222727_,SQUARE_BOTTOM_LEFT,0,
f_222728_,SQUARE_BOTTOM_RIGHT,0,
f_222729_,SQUARE_TOP_LEFT,0,
f_222730_,SQUARE_TOP_RIGHT,0,
f_222731_,STRIPE_BOTTOM,0,
f_222732_,STRIPE_TOP,0,
f_222733_,STRIPE_LEFT,0,
f_222734_,STRIPE_RIGHT,0,
f_222735_,STRIPE_CENTER,0,
f_222736_,STRIPE_MIDDLE,0,
f_222737_,STRIPE_DOWNRIGHT,0,
f_222738_,STRIPE_DOWNLEFT,0,
f_222739_,STRIPE_SMALL,0,
f_222740_,CROSS,0,
f_222741_,STRAIGHT_CROSS,0,
f_222742_,TRIANGLE_BOTTOM,0,
f_222743_,TRIANGLE_TOP,0,
f_222744_,TRIANGLES_BOTTOM,0,
f_222745_,TRIANGLES_TOP,0,
f_222746_,DIAGONAL_LEFT,0,
f_222747_,DIAGONAL_RIGHT,0,
f_222748_,DIAGONAL_LEFT_MIRROR,0,
f_222749_,DIAGONAL_RIGHT_MIRROR,0,
f_222750_,CIRCLE_MIDDLE,0,
f_222751_,RHOMBUS_MIDDLE,0,
f_222758_,SCULK_CATALYST,0,
f_222759_,SCULK_SHRIEKER,0,
f_222760_,quickCheck,0,
f_22276_,MAX_HEALTH,0,
f_22277_,FOLLOW_RANGE,0,
f_22278_,KNOCKBACK_RESISTANCE,0,
f_222794_,LOGGER,0,
f_22279_,MOVEMENT_SPEED,0,
f_22280_,FLYING_SPEED,0,
f_22281_,ATTACK_DAMAGE,0,
f_222822_,LOGGER,0,
f_222824_,WARNING_SOUND_RADIUS,0,
f_222825_,WARDEN_SPAWN_ATTEMPTS,0,
f_222826_,WARDEN_SPAWN_RANGE_XZ,0,
f_222827_,WARDEN_SPAWN_RANGE_Y,0,
f_222828_,DARKNESS_RADIUS,0,
f_222829_,SOUND_BY_LEVEL,0,
f_22282_,ATTACK_KNOCKBACK,0,
f_222830_,SHRIEKING_TICKS,0,
f_222831_,warningLevel,0,
f_22283_,ATTACK_SPEED,0,
f_22284_,ARMOR,0,
f_22285_,ARMOR_TOUGHNESS,0,
f_22286_,LUCK,0,
f_22287_,SPAWN_REINFORCEMENTS_CHANCE,0,
f_22288_,JUMP_STRENGTH,0,
f_22293_,LOGGER,0,
f_22294_,SUPPLIERS,0,
f_222995_,BLOOM,0,
f_222996_,SHRIEKING,0,
f_222997_,CAN_SUMMON,0,
f_222998_,MAX_AGE_4,0,
f_222999_,AGE_4,0,
f_223000_,min,0,
f_223001_,max,0,
f_223002_,MANGROVE,0,
f_223003_,carverBiomeSettings,0,
f_223020_,featuresPerStep,0,
f_223021_,generationSettingsGetter,0,
f_22307_,minValue,0,
f_22308_,maxValue,0,
f_223418_,size,0,
f_223441_,X_POS_TAG,0,
f_223442_,Z_POS_TAG,0,
f_223443_,HEIGHTMAPS_TAG,0,
f_223444_,IS_LIGHT_ON_TAG,0,
f_223445_,SECTIONS_TAG,0,
f_223446_,BLOCK_LIGHT_TAG,0,
f_223447_,SKY_LIGHT_TAG,0,
f_223459_,regionCacheForBlender,0,
f_223460_,REGION_CACHE_SIZE,0,
f_223507_,registryAccess,0,
f_223538_,OVERWORLD,0,
f_223539_,NETHER,0,
f_223540_,END,0,
f_223541_,OVERWORLD_CAVES,0,
f_223542_,OVERWORLD_EFFECTS,0,
f_223543_,NETHER_EFFECTS,0,
f_223544_,END_EFFECTS,0,
f_223549_,hasSkyLight,0,
f_223550_,monsterSettings,0,
f_223578_,CODEC,0,
f_223579_,piglinSafe,0,
f_223580_,hasRaids,0,
f_223581_,monsterSpawnLightTest,0,
f_223582_,monsterSpawnBlockLightLimit,0,
f_223612_,listener,0,
f_223613_,lastSection,0,
f_223645_,entityOrUuidOrId,0,
f_223646_,yOffset,0,
f_223696_,INSTRUMENT_PLAY,0,
f_223697_,ITEM_INTERACT_FINISH,0,
f_223698_,ITEM_INTERACT_START,0,
f_223699_,NOTE_BLOCK_PLAY,0,
f_223700_,SCULK_SENSOR_TENDRILS_CLICKING,0,
f_223701_,SHRIEK,0,
f_223702_,BLOCK_ACTIVATE,0,
f_223703_,BLOCK_DEACTIVATE,0,
f_223704_,DRINK,0,
f_223705_,ELYTRA_GLIDE,0,
f_223706_,ENTITY_DAMAGE,0,
f_223707_,ENTITY_DIE,0,
f_223708_,ENTITY_INTERACT,0,
f_223711_,sourceEntity,0,
f_223712_,affectedState,0,
f_22373_,random,0,
f_22374_,previousAttemptTimestamp,0,
f_22375_,nextScheduledAttemptTimestamp,0,
f_22376_,currentDelay,0,
f_22387_,partnerType,0,
f_223888_,erosion,0,
f_223889_,depth,0,
f_22388_,speedModifier,0,
f_22389_,spawnChildAtTime,0,
f_223942_,$SwitchMap$net$minecraft$world$level$levelgen$structure$TerrainAdjustment,0,
f_223944_,box,0,
f_223945_,terrainAdjustment,0,
f_223946_,groundLevelDelta,0,
f_223996_,CODEC,0,
f_223997_,noiseData,0,
f_223998_,noise,0,
f_224061_,ISLAND_THRESHOLD,0,
f_224114_,SPLINE_CODEC,0,
f_224121_,CODEC,0,
f_224122_,function,0,
f_224139_,context,0,
f_224188_,CODEC,0,
f_224189_,name,0,
f_224370_,spawnTarget,0,
f_224391_,CODEC,0,
f_224392_,vegetation,0,
f_224418_,BASE_3D_NOISE_END,0,
f_224419_,OFFSET_LARGE,0,
f_224420_,JAGGEDNESS_LARGE,0,
f_224421_,OFFSET_AMPLIFIED,0,
f_224422_,FACTOR_AMPLIFIED,0,
f_224423_,JAGGEDNESS_AMPLIFIED,0,
f_224424_,DEPTH_AMPLIFIED,0,
f_224425_,SLOPED_CHEESE_AMPLIFIED,0,
f_224426_,GLOBAL_OFFSET,0,
f_224427_,ISLAND_CHUNK_DISTANCE,0,
f_224428_,ISLAND_CHUNK_DISTANCE_SQR,0,
f_224429_,RIDGES_FOLDED,0,
f_224430_,OFFSET,0,
f_224431_,JAGGEDNESS,0,
f_224432_,CHEESE_NOISE_TARGET,0,
f_224433_,BASE_3D_NOISE_OVERWORLD,0,
f_224434_,BASE_3D_NOISE_NETHER,0,
f_224519_,OVERWORLD_NOISE_SETTINGS,0,
f_224545_,random,0,
f_224547_,noises,0,
f_224548_,router,0,
f_224549_,sampler,0,
f_224550_,surfaceSystem,0,
f_224551_,aquiferRandom,0,
f_224552_,oreRandom,0,
f_224553_,noiseIntances,0,
f_224554_,positionalRandoms,0,
f_224583_,val$seed,0,
f_224584_,val$useLegacyInit,0,
f_224585_,this$0,0,
f_224586_,wrapped,0,
f_224614_,randomState,0,
f_224635_,noiseRandom,0,
f_224657_,MODULUS_BITS,0,
f_224658_,MODULUS_MASK,0,
f_224659_,MULTIPLIER,0,
f_224660_,INCREMENT,0,
f_224661_,seed,0,
f_224662_,gaussianSource,0,
f_224696_,heightAndBiomeBlendingData,0,
f_224697_,densityBlendingData,0,
f_224736_,SOLID_DENSITY,0,
f_224737_,AIR_DENSITY,0,
f_224738_,areaWithOldGeneration,0,
f_224830_,replaceable,0,
f_224842_,randomState,0,
f_224843_,surfaceRule,0,
f_225026_,MULTIFACE_GROWTH,0,
f_225027_,SCULK_PATCH,0,
f_22522_,entryCondition,0,
f_22523_,status,0,
f_22524_,endTimestamp,0,
f_22525_,minDuration,0,
f_22526_,maxDuration,0,
f_225372_,stateProvider,0,
f_225373_,target,0,
f_225381_,CODEC,0,
f_225382_,placeBlock,0,
f_225383_,searchRange,0,
f_225384_,canPlaceOnFloor,0,
f_225385_,canPlaceOnCeiling,0,
f_225386_,canPlaceOnWall,0,
f_225387_,chanceOfSpreading,0,
f_225388_,canBePlacedOn,0,
f_225389_,validDirections,0,
f_225425_,CODEC,0,
f_225426_,chargeCount,0,
f_225427_,amountPerCharge,0,
f_225428_,spreadAttempts,0,
f_225429_,growthRounds,0,
f_225430_,spreadRounds,0,
f_225431_,extraRareGrowths,0,
f_225432_,catalystChance,0,
f_225455_,rootPlacer,0,
f_225479_,rootPlacer,0,
f_225753_,CODEC,0,
f_225754_,aboveRootProvider,0,
f_225755_,aboveRootPlacementChance,0,
f_225772_,CODEC,0,
f_225773_,canGrowThrough,0,
f_225774_,muddyRootsIn,0,
f_225775_,muddyRootsProvider,0,
f_225776_,maxRootWidth,0,
f_225777_,maxRootLength,0,
f_225778_,randomSkewChance,0,
f_225811_,ROOT_WIDTH_LIMIT,0,
f_225812_,ROOT_LENGTH_LIMIT,0,
f_225813_,CODEC,0,
f_225814_,mangroveRootPlacement,0,
f_225859_,CODEC,0,
f_225860_,trunkOffsetY,0,
f_225861_,rootProvider,0,
f_225862_,aboveRootPlacement,0,
f_225898_,MANGROVE_ROOT_PLACER,0,
f_225899_,codec,0,
f_225924_,CODEC,0,
f_225925_,fallback,0,
f_225926_,rules,0,
f_225947_,CODEC,0,
f_225948_,ifTrue,0,
f_225949_,then,0,
f_225979_,CODEC,0,
f_225980_,probability,0,
f_225981_,exclusionRadiusXZ,0,
f_225982_,exclusionRadiusY,0,
f_225983_,blockProvider,0,
f_225984_,requiredEmptyBlocks,0,
f_225985_,directions,0,
f_226029_,probability,0,
f_226045_,level,0,
f_226046_,decorationSetter,0,
f_226047_,random,0,
f_226048_,logs,0,
f_226049_,leaves,0,
f_226050_,roots,0,
f_226071_,ATTACHED_TO_LEAVES,0,
f_226193_,UPWARDS_BRANCHING_TRUNK_PLACER,0,
f_226194_,CODEC,0,
f_226195_,extraBranchSteps,0,
f_226196_,placeBranchPerLogProbability,0,
f_226197_,extraBranchLength,0,
f_226198_,canGrowThrough,0,
f_226243_,DIRECT_CODEC,0,
f_226244_,CODEC,0,
f_226245_,displayItem,0,
f_226246_,settings,0,
f_226263_,CLASSIC_FLAT,0,
f_226264_,TUNNELERS_DREAM,0,
f_226265_,WATER_WORLD,0,
f_226266_,OVERWORLD,0,
f_226267_,SNOWY_KINGDOM,0,
f_226268_,BOTTOMLESS_PIT,0,
f_226269_,DESERT,0,
f_226270_,REDSTONE_READY,0,
f_226271_,THE_VOID,0,
f_226414_,DIRECT_CODEC,0,
f_226415_,CODEC,0,
f_226416_,dimensions,0,
f_226437_,NORMAL,0,
f_226438_,FLAT,0,
f_226439_,LARGE_BIOMES,0,
f_226440_,AMPLIFIED,0,
f_226441_,SINGLE_BIOME_SURFACE,0,
f_226442_,DEBUG,0,
f_226467_,biomes,0,
f_226468_,structureSets,0,
f_226469_,noiseSettings,0,
f_226471_,overworldDimensionType,0,
f_226474_,netherStem,0,
f_226477_,endStem,0,
f_226491_,ANCIENT_CITIES,0,
f_226492_,ANCIENT_CITY,0,
f_226493_,structureTemplateManager,0,
f_226533_,constructor,0,
f_226534_,width,0,
f_226535_,depth,0,
f_226553_,DIRECT_CODEC,0,
f_226554_,CODEC,0,
f_226555_,settings,0,
f_226621_,registryAccess,0,
f_226622_,chunkGenerator,0,
f_226623_,biomeSource,0,
f_226624_,randomState,0,
f_226625_,structureTemplateManager,0,
f_226626_,random,0,
f_226627_,seed,0,
f_226628_,chunkPos,0,
f_226629_,heightAccessor,0,
f_226630_,validBiome,0,
f_226669_,position,0,
f_226670_,generator,0,
f_226688_,CODEC,0,
f_226689_,biomes,0,
f_226690_,spawnOverrides,0,
f_226691_,step,0,
f_226692_,terrainAdaptation,0,
f_226709_,structureTemplateManager,0,
f_226710_,randomState,0,
f_22673_,blockPos,0,
f_22674_,centerPosition,0,
f_22682_,currentRaid,0,
f_226843_,LOGGER,0,
f_226844_,structure,0,
f_226862_,BURIED_TREASURE,0,
f_226863_,DESERT_PYRAMID,0,
f_226864_,END_CITY,0,
f_226865_,FORTRESS,0,
f_226866_,IGLOO,0,
f_226867_,JIGSAW,0,
f_226868_,JUNGLE_TEMPLE,0,
f_226869_,MINESHAFT,0,
f_226870_,NETHER_FOSSIL,0,
f_226871_,OCEAN_MONUMENT,0,
f_226872_,OCEAN_RUIN,0,
f_226873_,RUINED_PORTAL,0,
f_226874_,SHIPWRECK,0,
f_226875_,STRONGHOLD,0,
f_226876_,SWAMP_HUT,0,
f_226877_,WOODLAND_MANSION,0,
f_226918_,CODEC,0,
f_226919_,id,0,
f_226931_,structureTemplateManager,0,
f_226941_,randomState,0,
f_226942_,structureTemplateManager,0,
f_226956_,structureTemplateManager,0,
f_226974_,preferredBiomes,0,
f_227021_,HIGHLY_ARBITRARY_RANDOM_SALT,0,
f_227022_,locateOffset,0,
f_227023_,frequencyReductionMethod,0,
f_227024_,frequency,0,
f_227025_,salt,0,
f_227026_,exclusionZone,0,
f_227077_,CODEC,0,
f_227078_,otherSet,0,
f_227079_,chunkCount,0,
f_227108_,CODEC,0,
f_227109_,name,0,
f_227110_,reducer,0,
f_227256_,structureTemplateManager,0,
f_227382_,CODEC,0,
f_227395_,WIDTH,0,
f_227396_,DEPTH,0,
f_227397_,hasPlacedChest,0,
f_227415_,CODEC,0,
f_227420_,MAX_GEN_DEPTH,0,
f_227421_,HOUSE_TOWER_GENERATOR,0,
f_227422_,TOWER_BRIDGES,0,
f_227423_,TOWER_GENERATOR,0,
f_227424_,TOWER_BRIDGE_GENERATOR,0,
f_227425_,FAT_TOWER_BRIDGES,0,
f_227426_,FAT_TOWER_GENERATOR,0,
f_227471_,shipCreated,0,
f_227523_,CODEC,0,
f_227540_,GENERATION_HEIGHT,0,
f_227541_,STRUCTURE_LOCATION_IGLOO,0,
f_227542_,STRUCTURE_LOCATION_LADDER,0,
f_227543_,STRUCTURE_LOCATION_LABORATORY,0,
f_227544_,PIVOTS,0,
f_227545_,OFFSETS,0,
f_227590_,CODEC,0,
f_227603_,MAX_TOTAL_STRUCTURE_RANGE,0,
f_227604_,CODEC,0,
f_227605_,startPool,0,
f_227606_,startJigsawName,0,
f_227607_,maxDepth,0,
f_227608_,startHeight,0,
f_227609_,useExpansionHack,0,
f_227610_,projectStartToHeightmap,0,
f_227611_,maxDistanceFromCenter,0,
f_22761_,level,0,
f_227657_,$SwitchMap$net$minecraft$world$level$levelgen$structure$TerrainAdjustment,0,
f_227659_,WIDTH,0,
f_227660_,DEPTH,0,
f_227661_,placedMainChest,0,
f_227662_,placedHiddenChest,0,
f_227663_,placedTrap1,0,
f_227664_,placedTrap2,0,
f_227665_,STONE_SELECTOR,0,
f_227691_,CODEC,0,
f_227696_,MAGIC_START_Y,0,
f_227697_,LOGGER,0,
f_227698_,DEFAULT_SHAFT_WIDTH,0,
f_227699_,DEFAULT_SHAFT_HEIGHT,0,
f_227700_,DEFAULT_SHAFT_LENGTH,0,
f_227701_,MAX_PILLAR_HEIGHT,0,
f_227702_,MAX_CHAIN_HEIGHT,0,
f_227703_,MAX_DEPTH,0,
f_22771_,attackDelay,0,
f_227724_,$SwitchMap$net$minecraft$core$Direction,0,
f_227726_,hasRails,0,
f_227727_,spiderCorridor,0,
f_227728_,hasPlacedSpider,0,
f_227729_,numSections,0,
f_22772_,crossbowState,0,
f_227826_,direction,0,
f_227827_,isTwoFloored,0,
f_227864_,type,0,
f_227900_,childEntranceBoxes,0,
f_227957_,CODEC,0,
f_227958_,type,0,
f_227975_,CODEC,0,
f_227976_,name,0,
f_227977_,woodState,0,
f_227978_,planksState,0,
f_227979_,fenceState,0,
f_228000_,MAGIC_START_Y,0,
f_228001_,MAX_DEPTH,0,
f_228002_,LOWEST_Y_POSITION,0,
f_228003_,BRIDGE_PIECE_WEIGHTS,0,
f_228004_,CASTLE_PIECE_WEIGHTS,0,
f_228016_,$SwitchMap$net$minecraft$core$Direction,0,
f_228018_,WIDTH,0,
f_228019_,HEIGHT,0,
f_228020_,DEPTH,0,
f_228053_,WIDTH,0,
f_228054_,HEIGHT,0,
f_228055_,DEPTH,0,
f_228056_,selfSeed,0,
f_228083_,WIDTH,0,
f_228084_,HEIGHT,0,
f_228085_,DEPTH,0,
f_228113_,WIDTH,0,
f_228114_,HEIGHT,0,
f_228115_,DEPTH,0,
f_228141_,WIDTH,0,
f_228142_,HEIGHT,0,
f_228143_,DEPTH,0,
f_228169_,WIDTH,0,
f_228170_,HEIGHT,0,
f_228171_,DEPTH,0,
f_228199_,WIDTH,0,
f_228200_,HEIGHT,0,
f_228201_,DEPTH,0,
f_228227_,WIDTH,0,
f_228228_,HEIGHT,0,
f_228229_,DEPTH,0,
f_228230_,isNeedingChest,0,
f_228261_,WIDTH,0,
f_228262_,HEIGHT,0,
f_228263_,DEPTH,0,
f_228289_,WIDTH,0,
f_228290_,HEIGHT,0,
f_228291_,DEPTH,0,
f_228292_,isNeedingChest,0,
f_228323_,WIDTH,0,
f_228324_,HEIGHT,0,
f_228325_,DEPTH,0,
f_228351_,WIDTH,0,
f_228352_,HEIGHT,0,
f_228353_,DEPTH,0,
f_228354_,hasPlacedSpawner,0,
f_228434_,pieceClass,0,
f_228435_,weight,0,
f_228436_,placeCount,0,
f_228437_,maxPlaceCount,0,
f_228438_,allowInRow,0,
f_228451_,WIDTH,0,
f_228452_,HEIGHT,0,
f_228453_,DEPTH,0,
f_22846_,entity,0,
f_228479_,WIDTH,0,
f_22847_,trackEyeHeight,0,
f_228480_,HEIGHT,0,
f_228481_,DEPTH,0,
f_228507_,previousPiece,0,
f_228508_,availableBridgePieces,0,
f_228509_,availableCastlePieces,0,
f_228510_,pendingChildren,0,
f_228517_,FORTRESS_ENEMIES,0,
f_228518_,CODEC,0,
f_228531_,FOSSILS,0,
f_228569_,CODEC,0,
f_228570_,height,0,
f_228588_,$SwitchMap$net$minecraft$core$Direction,0,
f_228639_,WIDTH,0,
f_228640_,HEIGHT,0,
f_228641_,DEPTH,0,
f_228642_,TOP_POSITION,0,
f_228643_,sourceRoom,0,
f_228644_,coreRoom,0,
f_228645_,childPieces,0,
f_228646_,BIOME_RANGE_CHECK,0,
f_22868_,exitErasedMemories,0,
f_22869_,orderPolicy,0,
f_22870_,runningPolicy,0,
f_22871_,behaviors,0,
f_228802_,PENTHOUSE_INDEX,0,
f_228803_,roomDefinition,0,
f_228804_,BASE_GRAY,0,
f_228805_,BASE_LIGHT,0,
f_228806_,BASE_BLACK,0,
f_228807_,DOT_DECO_DATA,0,
f_228808_,LAMP_BLOCK,0,
f_228809_,DO_FILL,0,
f_228810_,FILL_BLOCK,0,
f_228811_,FILL_KEEP,0,
f_228812_,GRIDROOM_WIDTH,0,
f_228813_,GRIDROOM_DEPTH,0,
f_228814_,GRIDROOM_HEIGHT,0,
f_228815_,GRID_WIDTH,0,
f_228816_,GRID_DEPTH,0,
f_228817_,GRID_HEIGHT,0,
f_228818_,GRID_FLOOR_COUNT,0,
f_228819_,GRID_SIZE,0,
f_228820_,GRIDROOM_SOURCE_INDEX,0,
f_228821_,GRIDROOM_TOP_CONNECT_INDEX,0,
f_228822_,GRIDROOM_LEFTWING_CONNECT_INDEX,0,
f_228823_,GRIDROOM_RIGHTWING_CONNECT_INDEX,0,
f_228824_,LEFTWING_INDEX,0,
f_228825_,RIGHTWING_INDEX,0,
f_228893_,mainDesign,0,
f_228921_,mainDesign,0,
f_228936_,index,0,
f_228937_,connections,0,
f_228938_,hasOpening,0,
f_228939_,claimed,0,
f_228940_,isSource,0,
f_228941_,scanIndex,0,
f_228952_,CODEC,0,
f_228972_,WARM_RUINS,0,
f_228973_,RUINS_BRICK,0,
f_228974_,RUINS_CRACKED,0,
f_228975_,RUINS_MOSSY,0,
f_228976_,BIG_RUINS_BRICK,0,
f_228977_,BIG_RUINS_MOSSY,0,
f_228978_,BIG_RUINS_CRACKED,0,
f_228979_,BIG_WARM_RUINS,0,
f_229012_,$SwitchMap$net$minecraft$world$level$levelgen$structure$structures$OceanRuinStructure$Type,0,
f_229014_,biomeType,0,
f_229015_,integrity,0,
f_229016_,isLarge,0,
f_229054_,CODEC,0,
f_229055_,biomeTemp,0,
f_229056_,largeProbability,0,
f_229057_,clusterProbability,0,
f_229083_,CODEC,0,
f_229084_,name,0,
f_229097_,LOGGER,0,
f_229098_,PROBABILITY_OF_GOLD_GONE,0,
f_229099_,PROBABILITY_OF_MAGMA_INSTEAD_OF_NETHERRACK,0,
f_229100_,PROBABILITY_OF_MAGMA_INSTEAD_OF_LAVA,0,
f_229101_,verticalPlacement,0,
f_229102_,properties,0,
f_229197_,CODEC,0,
f_229198_,cold,0,
f_229199_,mossiness,0,
f_229200_,airPocket,0,
f_229201_,overgrown,0,
f_229202_,vines,0,
f_229203_,replaceWithBlackstone,0,
f_229233_,CODEC,0,
f_229234_,name,0,
f_229249_,CODEC,0,
f_22924_,consumer,0,
f_229250_,STRUCTURE_LOCATION_PORTALS,0,
f_229251_,STRUCTURE_LOCATION_GIANT_PORTALS,0,
f_229252_,PROBABILITY_OF_GIANT_PORTAL,0,
f_229253_,MIN_Y_INDEX,0,
f_229254_,setups,0,
f_229306_,CODEC,0,
f_229307_,placement,0,
f_229308_,airPocketProbability,0,
f_229309_,mossiness,0,
f_229310_,overgrown,0,
f_229311_,vines,0,
f_229312_,canBeCold,0,
f_229313_,replaceWithBlackstone,0,
f_229314_,weight,0,
f_229339_,PIVOT,0,
f_229340_,STRUCTURE_LOCATION_BEACHED,0,
f_229341_,STRUCTURE_LOCATION_OCEAN,0,
f_229342_,MARKERS_TO_LOOT,0,
f_229352_,isBeached,0,
f_229384_,CODEC,0,
f_229385_,isBeached,0,
f_229403_,MAGIC_START_Y,0,
f_229404_,SMALL_DOOR_WIDTH,0,
f_229405_,SMALL_DOOR_HEIGHT,0,
f_229406_,MAX_DEPTH,0,
f_229407_,LOWEST_Y_POSITION,0,
f_229408_,CHECK_AIR,0,
f_229409_,STRONGHOLD_PIECE_WEIGHTS,0,
f_229410_,currentPieces,0,
f_229411_,imposedPiece,0,
f_229412_,totalWeight,0,
f_229413_,SMOOTH_STONE_SELECTOR,0,
f_229458_,$SwitchMap$net$minecraft$core$Direction,0,
f_229460_,WIDTH,0,
f_229461_,HEIGHT,0,
f_229462_,DEPTH,0,
f_229463_,hasPlacedChest,0,
f_229494_,steps,0,
f_229519_,WIDTH,0,
f_229520_,HEIGHT,0,
f_229521_,DEPTH,0,
f_229522_,leftLow,0,
f_229523_,leftHigh,0,
f_229524_,rightLow,0,
f_229525_,rightHigh,0,
f_229583_,WIDTH,0,
f_229584_,HEIGHT,0,
f_229585_,TALL_HEIGHT,0,
f_229586_,DEPTH,0,
f_229587_,isTall,0,
f_229614_,pieceClass,0,
f_229615_,weight,0,
f_229616_,placeCount,0,
f_229617_,maxPlaceCount,0,
f_229624_,WIDTH,0,
f_229625_,HEIGHT,0,
f_229626_,DEPTH,0,
f_229627_,hasPlacedSpawner,0,
f_229656_,WIDTH,0,
f_229657_,HEIGHT,0,
f_229658_,DEPTH,0,
f_229713_,WIDTH,0,
f_229714_,HEIGHT,0,
f_229715_,DEPTH,0,
f_229716_,type,0,
f_229754_,WIDTH,0,
f_229755_,HEIGHT,0,
f_229756_,DEPTH,0,
f_229757_,isSource,0,
f_229797_,previousPiece,0,
f_229798_,portalRoomPiece,0,
f_229799_,pendingChildren,0,
f_229807_,WIDTH,0,
f_229808_,HEIGHT,0,
f_229809_,DEPTH,0,
f_229810_,leftChild,0,
f_229811_,rightChild,0,
f_229842_,WIDTH,0,
f_229843_,HEIGHT,0,
f_229844_,DEPTH,0,
f_229872_,entryDoor,0,
f_22987_,timeUntilNextGift,0,
f_22988_,giftGivenDuringThisRun,0,
f_22989_,timeSinceStart,0,
f_229926_,WIDTH,0,
f_229927_,HEIGHT,0,
f_229928_,DEPTH,0,
f_229936_,CODEC,0,
f_229949_,spawnedWitch,0,
f_229950_,spawnedCat,0,
f_229971_,CODEC,0,
f_230020_,DEFAULT_SIZE,0,
f_230021_,CLEAR,0,
f_230022_,CORRIDOR,0,
f_230023_,ROOM,0,
f_230024_,START_ROOM,0,
f_230025_,TEST_ROOM,0,
f_230026_,BLOCKED,0,
f_230027_,ROOM_1x1,0,
f_230028_,ROOM_1x2,0,
f_230029_,ROOM_2x2,0,
f_230030_,ROOM_ORIGIN_FLAG,0,
f_230031_,ROOM_DOOR_FLAG,0,
f_230032_,ROOM_STAIRS_FLAG,0,
f_230033_,ROOM_CORRIDOR_FLAG,0,
f_230034_,ROOM_TYPE_MASK,0,
f_230035_,ROOM_ID_MASK,0,
f_230036_,random,0,
f_230037_,baseGrid,0,
f_230038_,thirdFloorGrid,0,
f_230039_,floorRooms,0,
f_230040_,entranceX,0,
f_230041_,entranceY,0,
f_230073_,structureTemplateManager,0,
f_230074_,random,0,
f_230075_,startX,0,
f_230076_,startY,0,
f_230138_,rotation,0,
f_230139_,position,0,
f_230140_,wallType,0,
f_230159_,grid,0,
f_230160_,width,0,
f_230161_,height,0,
f_230162_,valueIfOutside,0,
f_230222_,CODEC,0,
f_230279_,rottableBlocks,0,
f_230340_,LOGGER,0,
f_230341_,STRUCTURE_DIRECTORY_NAME,0,
f_230343_,STRUCTURE_FILE_EXTENSION,0,
f_230344_,STRUCTURE_TEXT_FILE_EXTENSION,0,
f_230345_,structureRepository,0,
f_230346_,fixerUpper,0,
f_230347_,resourceManager,0,
f_230348_,generatedDir,0,
f_230349_,sources,0,
f_230440_,loader,0,
f_230441_,lister,0,
f_230454_,SCALE_RANGE,0,
f_230455_,DATA_CODEC,0,
f_230456_,xzMultiplier,0,
f_230457_,yMultiplier,0,
f_230458_,xzFactor,0,
f_230459_,yFactor,0,
f_230460_,smearScaleMultiplier,0,
f_230635_,LOGGER,0,
f_230636_,level,0,
f_230637_,maxChainedNeighborUpdates,0,
f_230638_,stack,0,
f_230639_,addedThisLayer,0,
f_230640_,count,0,
f_230670_,state,0,
f_230671_,pos,0,
f_230672_,block,0,
f_230673_,neighborPos,0,
f_230674_,movedByPiston,0,
f_230692_,sourcePos,0,
f_230693_,sourceBlock,0,
f_230694_,skipDirection,0,
f_230695_,idx,0,
f_230703_,direction,0,
f_230704_,state,0,
f_230705_,pos,0,
f_230706_,neighborPos,0,
f_230707_,updateFlags,0,
f_230725_,pos,0,
f_230726_,block,0,
f_230727_,neighborPos,0,
f_230741_,level,0,
f_230761_,UPDATE_ORDER,0,
f_230800_,OLD_LEVEL_DATA_FILE,0,
f_230801_,ICON_FILE,0,
f_230802_,LOCK_FILE,0,
f_230803_,messageComponent,0,
f_230840_,levels,0,
f_230850_,path,0,
f_230867_,levelDirectory,0,
f_230876_,ANCIENT_CITY,0,
f_230877_,ANCIENT_CITY_ICE_BOX,0,
f_230878_,signingContext,0,
f_23096_,speedModifier,0,
f_230983_,DEFAULT_DESTINATION,0,
f_230994_,SET_INSTRUMENT,0,
f_231006_,options,0,
f_231046_,MAX_ARGUMENT_COUNT,0,
f_231047_,MAX_ARGUMENT_NAME_LENGTH,0,
f_231074_,CODEC,0,
f_231098_,glyphs,0,
f_231121_,this$1,0,
f_231138_,nextQueryName,0,
f_231143_,NO_RESULT,0,
f_231144_,CANCELLED_RESULT,0,
f_231145_,queryName,0,
f_231146_,result,0,
f_231152_,INSTANCE,0,
f_231156_,renderedBufferCount,0,
f_231157_,renderedBufferPointer,0,
f_231188_,this$0,0,
f_231189_,pointer,0,
f_231190_,drawState,0,
f_231191_,released,0,
f_231201_,lastImmediateBuffer,0,
f_231217_,vertexBufferId,0,
f_231232_,immediateDrawVertexBuffer,0,
f_231234_,connectedPrimitives,0,
f_231262_,FLAG_SINGLE,0,
f_231263_,FLAG_PLAYERS_ONLY,0,
f_231285_,this$0,0,
f_231286_,single,0,
f_231287_,playersOnly,0,
f_231308_,SPAWN_WARNING_TITLE,0,
f_231309_,defaultSlotName,0,
f_231310_,worldName,0,
f_231330_,id,0,
f_231337_,profileKeyPairManager,0,
f_231338_,authenticationService,0,
f_231340_,savedCpuDuration,0,
f_231341_,gpuUtilization,0,
f_231342_,currentFrameProfile,0,
f_231471_,BOOLEAN_VALUES,0,
f_231472_,LOGGER,0,
f_231474_,tooltip,0,
f_231475_,toString,0,
f_231476_,values,0,
f_231477_,codec,0,
f_231478_,initialValue,0,
f_231479_,onValueUpdate,0,
f_231480_,caption,0,
f_231481_,value,0,
f_231557_,values,0,
f_231558_,altValues,0,
f_231559_,altCondition,0,
f_231560_,valueSetter,0,
f_231561_,codec,0,
f_231583_,minInclusive,0,
f_231584_,maxSupplier,0,
f_23159_,aboveFarmlandPos,0,
f_23160_,nextOkStartTime,0,
f_23161_,timeWorkedSoFar,0,
f_231625_,values,0,
f_231626_,codec,0,
f_23162_,validFarmlandAroundVillager,0,
f_231639_,minInclusive,0,
f_231640_,maxInclusive,0,
f_231666_,val$from,0,
f_231667_,val$to,0,
f_231668_,this$0,0,
f_231680_,values,0,
f_231681_,validateValue,0,
f_231682_,codec,0,
f_231697_,instance,0,
f_231698_,values,0,
f_231765_,val$from,0,
f_231766_,val$to,0,
f_231767_,this$0,0,
f_231785_,GRAPHICS_TOOLTIP_FANCY,0,
f_231786_,PRIORITIZE_CHUNK_TOOLTIP_NONE,0,
f_231787_,PRIORITIZE_CHUNK_TOOLTIP_PLAYER_AFFECTED,0,
f_231788_,PRIORITIZE_CHUNK_TOOLTIP_NEARBY,0,
f_231789_,ACCESSIBILITY_TOOLTIP_DARK_MOJANG_BACKGROUND,0,
f_231790_,ACCESSIBILITY_TOOLTIP_HIDE_LIGHTNING_FLASHES,0,
f_231791_,hideLightningFlash,0,
f_231792_,cloudStatus,0,
f_231793_,GRAPHICS_TOOLTIP_FAST,0,
f_231794_,GRAPHICS_TOOLTIP_FABULOUS,0,
f_231797_,CHAT_TOOLTIP_ONLY_SHOW_SECURE,0,
f_231798_,onlyShowSecureChat,0,
f_231799_,ACCESSIBILITY_TOOLTIP_SCREEN_EFFECT,0,
f_231800_,ACCESSIBILITY_TOOLTIP_FOV_EFFECT,0,
f_231801_,ACCESSIBILITY_TOOLTIP_DARKNESS_EFFECT,0,
f_231802_,darknessEffectScale,0,
f_231803_,narrator,0,
f_231804_,ALLOW_SERVER_LISTING_TOOLTIP,0,
f_231805_,DIRECTIONAL_AUDIO_TOOLTIP_ON,0,
f_231806_,DIRECTIONAL_AUDIO_TOOLTIP_OFF,0,
f_231807_,directionalAudio,0,
f_231808_,MOVEMENT_TOGGLE,0,
f_231809_,MOVEMENT_HOLD,0,
f_231810_,CHAT_TOOLTIP_HIDE_MATCHED_NAMES,0,
f_231811_,UNLIMITED_FRAMERATE_CUTOFF,0,
f_232211_,target,0,
f_232212_,keyframes,0,
f_232229_,LINEAR,0,
f_232230_,CATMULLROM,0,
f_232250_,POSITION,0,
f_232251_,ROTATION,0,
f_232252_,SCALE,0,
f_232255_,lengthInSeconds,0,
f_232256_,looping,0,
f_232257_,boneAnimations,0,
f_232269_,length,0,
f_232270_,animationByBone,0,
f_232271_,looping,0,
f_232283_,timestamp,0,
f_232284_,target,0,
f_232285_,interpolation,0,
f_232335_,FROG_CROAK,0,
f_232336_,FROG_WALK,0,
f_232337_,FROG_JUMP,0,
f_232338_,FROG_TONGUE,0,
f_232339_,FROG_SWIM,0,
f_232340_,FROG_IDLE_WATER,0,
f_232343_,WARDEN_EMERGE,0,
f_232344_,WARDEN_DIG,0,
f_232345_,WARDEN_ROAR,0,
f_232346_,WARDEN_SNIFF,0,
f_232347_,WARDEN_ATTACK,0,
f_232348_,WARDEN_SONIC_BOOM,0,
f_232506_,allocationRateCalculator,0,
f_232507_,UPDATE_INTERVAL_MS,0,
f_232508_,GC_MBEANS,0,
f_232509_,lastTime,0,
f_232510_,lastHeapUsage,0,
f_232511_,lastGcCounts,0,
f_232512_,lastRate,0,
f_232519_,width,0,
f_232547_,displayTime,0,
f_232594_,INSTANCE,0,
f_232598_,image,0,
f_232624_,this$0,0,
f_232653_,this$0,0,
f_232740_,FRAMES,0,
f_232741_,INTERVAL_MS,0,
f_232751_,UNKNOWN_PRESET,0,
f_232755_,name,0,
f_232768_,warningLabel,0,
f_232780_,font,0,
f_232781_,label,0,
f_232782_,x,0,
f_232783_,y,0,
f_232823_,startRow,0,
f_232850_,previous,0,
f_232866_,PREPARING_WORLD_DATA,0,
f_232950_,EDITORS,0,
f_232990_,dataPackResources,0,
f_233088_,LOGGER,0,
f_233089_,minecraft,0,
f_233090_,levelSource,0,
f_233184_,loadingHeader,0,
f_233218_,LOADING_LABEL,0,
f_233219_,minecraft,0,
f_233246_,ERROR_INVALID_STRUCTURE,0,
f_233247_,ERROR_INVALID_TEMPLATE_POOL,0,
f_233292_,this$0,0,
f_233293_,registryKey,0,
f_23329_,speedModifier,0,
f_233302_,root,0,
f_233303_,body,0,
f_233304_,right_arm,0,
f_233305_,left_arm,0,
f_233306_,right_wing,0,
f_233307_,left_wing,0,
f_233308_,FLYING_ANIMATION_X_ROT,0,
f_233309_,MAX_HAND_HOLDING_ITEM_X_ROT_RAD,0,
f_23330_,targetBed,0,
f_233310_,MIN_HAND_HOLDING_ITEM_X_ROT_RAD,0,
f_23331_,remainingTimeToReachBed,0,
f_23332_,remainingJumps,0,
f_23333_,remainingCooldownUntilNextJump,0,
f_233349_,MAX_WALK_ANIMATION_SPEED,0,
f_233351_,root,0,
f_233352_,body,0,
f_233353_,head,0,
f_233354_,eyes,0,
f_233355_,tongue,0,
f_233356_,leftArm,0,
f_233357_,rightArm,0,
f_233358_,leftLeg,0,
f_233359_,rightLeg,0,
f_233360_,croakingBody,0,
f_233379_,ANIMATION_VECTOR_CACHE,0,
f_233401_,TOOT_HORN_XROT_BASE,0,
f_233402_,TOOT_HORN_YROT_BASE,0,
f_233440_,root,0,
f_233441_,tail,0,
f_233461_,FLAG_MULTIPLE,0,
f_233483_,this$0,0,
f_233484_,multiple,0,
f_233493_,bone,0,
f_233494_,body,0,
f_233495_,head,0,
f_233496_,rightTendril,0,
f_233497_,leftTendril,0,
f_233498_,leftLeg,0,
f_233499_,leftArm,0,
f_233500_,leftRibcage,0,
f_233501_,rightArm,0,
f_233502_,rightLeg,0,
f_233503_,rightRibcage,0,
f_233504_,DEFAULT_ARM_X_Y,0,
f_233505_,DEFAULT_ARM_Z,0,
f_233506_,root,0,
f_233507_,tendrilsLayerModelParts,0,
f_233508_,heartLayerModelParts,0,
f_233509_,bioluminescentLayerModelParts,0,
f_233510_,pulsatingSpotsLayerModelParts,0,
f_233546_,FROG,0,
f_233547_,ALLAY,0,
f_233548_,WARDEN,0,
f_233549_,TADPOLE,0,
f_233552_,DEFAULT_SCALE,0,
f_233553_,xScale,0,
f_233554_,yScale,0,
f_233555_,zScale,0,
f_233556_,skipDraw,0,
f_233557_,initialPose,0,
f_233572_,ROOT,0,
f_233573_,CROAKING_BODY,0,
f_233574_,TONGUE,0,
f_233575_,TONGUE_R1,0,
f_233576_,LEFT_HAND,0,
f_233577_,RIGHT_HAND,0,
f_233578_,LEFT_FOOT,0,
f_233579_,RIGHT_FOOT,0,
f_233580_,EYES,0,
f_233581_,RIGHT_TENDRIL,0,
f_233582_,LEFT_TENDRIL,0,
f_233583_,RIGHT_RIBCAGE,0,
f_233584_,LEFT_RIBCAGE,0,
f_233585_,BONE,0,
f_233599_,blockStatePredictionHandler,0,
f_233600_,LOGGER,0,
f_233836_,IO_MAILBOX,0,
f_233837_,MAX_HIDDEN_SERVERS,0,
f_233838_,hiddenServerList,0,
f_233851_,serverVerifiedStates,0,
f_233852_,currentSequenceNr,0,
f_233853_,isPredicting,0,
f_233874_,playerPos,0,
f_233875_,sequence,0,
f_233876_,blockState,0,
f_233890_,sprites,0,
f_233904_,sprite,0,
f_233930_,sprites,0,
f_233944_,sprite,0,
f_233970_,MAGICAL_X_ROT,0,
f_233971_,delay,0,
f_233972_,ROTATION_VECTOR,0,
f_233973_,TRANSFORM_VECTOR,0,
f_234006_,sprite,0,
f_234034_,sprites,0,
f_234055_,ERROR_INVALID_VALUE,0,
f_234056_,codec,0,
f_234057_,values,0,
f_234078_,isGlowing,0,
f_234081_,sprite,0,
f_234103_,target,0,
f_234120_,DEFAULT_SNEAKING_MOVEMENT_FACTOR,0,
f_234121_,LOGGER,0,
f_234164_,MOB_EFFECT_FOG,0,
f_234199_,mode,0,
f_234200_,start,0,
f_234201_,end,0,
f_234202_,shape,0,
f_234217_,rendertypeEntityTranslucentEmissiveShader,0,
f_234323_,RENDERTYPE_ENTITY_TRANSLUCENT_EMISSIVE_SHADER,0,
f_234324_,CHUNK_BUFFER_LAYERS,0,
f_234325_,ENTITY_TRANSLUCENT_EMISSIVE,0,
f_23432_,speedModifier,0,
f_234429_,itemRenderer,0,
f_234430_,entityRenderer,0,
f_234437_,itemRenderer,0,
f_234438_,entityRenderer,0,
f_234448_,itemRenderer,0,
f_234449_,entityRenderer,0,
f_234493_,SHOW_ANGER_LEVEL_FOR_ALL,0,
f_234494_,SHOW_ANGER_LEVEL_FOR_SELECTED,0,
f_234548_,ALLAY_TEXTURE,0,
f_234576_,blockRenderDispatcher,0,
f_234577_,itemInHandRenderer,0,
f_234587_,blockRenderDispatcher,0,
f_234588_,itemInHandRenderer,0,
f_234617_,dispatcher,0,
f_234624_,blocks,0,
f_234645_,blockRenderer,0,
f_234646_,blockRenderer,0,
f_234647_,blocks,0,
f_234652_,TADPOLE_TEXTURE,0,
f_234660_,blockRenderer,0,
f_234668_,blockRenderer,0,
f_234669_,ERROR_UNKNOWN_TAG,0,
f_234670_,blocks,0,
f_234671_,allowNbt,0,
f_234748_,blockState,0,
f_234749_,properties,0,
f_234750_,nbt,0,
f_234762_,tag,0,
f_234763_,vagueProperties,0,
f_234764_,nbt,0,
f_234780_,TEXTURE,0,
f_234781_,BIOLUMINESCENT_LAYER_TEXTURE,0,
f_234782_,HEART_TEXTURE,0,
f_234783_,PULSATING_SPOTS_TEXTURE_1,0,
f_234784_,PULSATING_SPOTS_TEXTURE_2,0,
f_234812_,blockRenderer,0,
f_234816_,itemInHandRenderer,0,
f_234820_,itemInHandRenderer,0,
f_234832_,itemInHandRenderer,0,
f_234836_,itemInHandRenderer,0,
f_234840_,blockRenderer,0,
f_234844_,itemInHandRenderer,0,
f_234848_,blockRenderer,0,
f_234860_,itemInHandRenderer,0,
f_234864_,itemInHandRenderer,0,
f_234868_,blockRenderer,0,
f_234869_,itemRenderer,0,
f_234881_,texture,0,
f_234882_,alphaFunction,0,
f_234883_,drawSelector,0,
f_234928_,DEFAULT_ROTATION,0,
f_234929_,compassTarget,0,
f_234930_,wobble,0,
f_234931_,wobbleRandom,0,
f_234968_,rotation,0,
f_234969_,deltaRotation,0,
f_234970_,lastUpdateTick,0,
f_235066_,random,0,
f_235148_,DEFAULT_FLOAT,0,
f_235151_,contents,0,
f_235152_,filler,0,
f_235153_,plainTextSearchTree,0,
f_235164_,additionOrder,0,
f_235165_,resourceLocationSearchTree,0,
f_235174_,firstIterator,0,
f_235175_,secondIterator,0,
f_235176_,comparator,0,
f_235182_,firstIterator,0,
f_235183_,secondIterator,0,
f_235184_,comparator,0,
f_235221_,val$namespaceTree,0,
f_235222_,val$pathTree,0,
f_235240_,factory,0,
f_235241_,tree,0,
f_235287_,items,0,
f_235328_,item,0,
f_235379_,BY_CLASS,0,
f_235397_,LOGGER,0,
f_235398_,NUMBER_FLAG_MIN,0,
f_235399_,NUMBER_FLAG_MAX,0,
f_235432_,template,0,
f_235462_,this$0,0,
f_235463_,constructor,0,
f_235491_,this$0,0,
f_235492_,min,0,
f_235493_,max,0,
f_235524_,this$0,0,
f_235525_,min,0,
f_235526_,max,0,
f_235557_,this$0,0,
f_235558_,min,0,
f_235559_,max,0,
f_235590_,this$0,0,
f_235591_,min,0,
f_235592_,max,0,
f_235622_,this$0,0,
f_235623_,type,0,
f_23567_,remainingCooldown,0,
f_23568_,path,0,
f_235696_,step,0,
f_23569_,lastTargetPos,0,
f_23570_,speedModifier,0,
f_235867_,CODEC,0,
f_235868_,UUID_BYTES,0,
f_235869_,UUID_PREFIX_OFFLINE_PLAYER,0,
f_235889_,isChestBoat,0,
f_235898_,SCULK_SOUL,0,
f_235899_,SCULK_CHARGE,0,
f_235900_,SCULK_CHARGE_POP,0,
f_235901_,SHRIEK,0,
f_235902_,SONIC_BOOM,0,
f_235912_,CODEC,0,
f_235914_,roll,0,
f_235944_,CODEC,0,
f_235946_,delay,0,
f_235972_,destination,0,
f_235973_,arrivalInTicks,0,
f_235985_,MANGROVE_PLANKS,0,
f_235986_,MUD_BRICKS,0,
f_236016_,NO_CACHE,0,
f_236026_,providersToRun,0,
f_236027_,version,0,
f_236028_,alwaysGenerate,0,
f_236067_,FIXED_ORDER_FIELDS,0,
f_236068_,KEY_COMPARATOR,0,
f_236078_,HEADER_MARKER,0,
f_236079_,rootDir,0,
f_236080_,cacheDir,0,
f_236081_,versionId,0,
f_236083_,cachesToWrite,0,
f_236084_,cachePaths,0,
f_236085_,initialCount,0,
f_236113_,oldCache,0,
f_236114_,newCache,0,
f_236115_,writes,0,
f_236126_,version,0,
f_236127_,data,0,
f_236156_,pathProvider,0,
f_236172_,LOGGER,0,
f_236173_,topPath,0,
f_236267_,pathProvider,0,
f_236325_,blockStatePathProvider,0,
f_236326_,modelPathProvider,0,
f_236340_,SCULK_SHRIEKER,0,
f_236341_,CUBE_NORTH_WEST_MIRRORED_ALL,0,
f_236342_,DOOR_BOTTOM_LEFT,0,
f_236343_,DOOR_BOTTOM_LEFT_OPEN,0,
f_236344_,DOOR_BOTTOM_RIGHT,0,
f_236345_,DOOR_BOTTOM_RIGHT_OPEN,0,
f_236346_,DOOR_TOP_LEFT,0,
f_236347_,DOOR_TOP_LEFT_OPEN,0,
f_236348_,DOOR_TOP_RIGHT,0,
f_236349_,DOOR_TOP_RIGHT_OPEN,0,
f_236352_,INNER_TOP,0,
f_236353_,ROOT_RECIPE_ADVANCEMENT,0,
f_236355_,recipePathProvider,0,
f_236356_,advancementPathProvider,0,
f_236425_,VIBRATIONS_EXCEPT_FLAP,0,
f_236439_,pathProvider,0,
f_236459_,START,0,
f_236493_,ANCIENT_CITY_START_DEGRADATION,0,
f_236494_,ANCIENT_CITY_GENERIC_DEGRADATION,0,
f_236495_,ANCIENT_CITY_WALLS_DEGRADATION,0,
f_236556_,MUD,0,
f_236557_,DEEP_OCEAN_CONTINENTALNESS,0,
f_236558_,OCEAN_CONTINENTALNESS,0,
f_236559_,PLAINS_CONTINENTALNESS,0,
f_236560_,BEACH_CONTINENTALNESS,0,
f_236561_,NO_TRANSFORM,0,
f_236562_,AMPLIFIED_OFFSET,0,
f_236563_,AMPLIFIED_FACTOR,0,
f_236564_,AMPLIFIED_JAGGEDNESS,0,
f_236674_,SCULK_PATCH_DEEP_DARK,0,
f_236675_,SCULK_PATCH_ANCIENT_CITY,0,
f_236676_,SCULK_VEIN,0,
f_236719_,singleplayerProfile,0,
f_236720_,structureTemplateManager,0,
f_236721_,services,0,
f_236743_,url,0,
f_236744_,hash,0,
f_236745_,isRequired,0,
f_236746_,prompt,0,
f_236760_,DISK_GRASS,0,
f_236762_,MANGROVE,0,
f_236763_,TALL_MANGROVE,0,
f_236764_,MANGROVE_VEGETATION,0,
f_236765_,SCULK_PATCH_DEEP_DARK,0,
f_236766_,SCULK_PATCH_ANCIENT_CITY,0,
f_236767_,SCULK_VEIN,0,
f_236768_,DISK_GRASS,0,
f_236771_,MANGROVE_CHECKED,0,
f_236772_,TALL_MANGROVE_CHECKED,0,
f_236773_,TREES_MANGROVE,0,
f_236789_,NO_SERVICES,0,
f_236796_,CODEC,0,
f_236798_,PUBLIC_KEY_SIZE,0,
f_236799_,MAX_PUBLIC_KEY_HEADER_SIZE,0,
f_236800_,MAX_PUBLIC_KEY_LENGTH,0,
f_236947_,PLAIN,0,
f_23697_,item,0,
f_237006_,SAY_COMMAND,0,
f_237009_,EMOTE_COMMAND,0,
f_237011_,chat,0,
f_237013_,narration,0,
f_237098_,EMPTY,0,
f_237194_,contents,0,
f_237195_,siblings,0,
f_237196_,style,0,
f_237197_,visualOrderText,0,
f_237198_,decomposedWith,0,
f_237215_,unsignedContent,0,
f_237282_,val$result,0,
f_237284_,isNotFirst,0,
f_237295_,CODEC,0,
f_237302_,component,0,
f_237309_,posPattern,0,
f_237310_,compiledPos,0,
f_237327_,selectorPattern,0,
f_237328_,compiledSelector,0,
f_237344_,name,0,
f_237345_,nameResolver,0,
f_237359_,keyResolver,0,
f_237381_,compiledNbtPath,0,
f_237382_,LOGGER,0,
f_237383_,interpreting,0,
f_237384_,separator,0,
f_237385_,nbtPathPattern,0,
f_237386_,dataSource,0,
f_237434_,name,0,
f_237435_,selector,0,
f_237436_,objective,0,
f_237458_,separator,0,
f_237459_,LOGGER,0,
f_237460_,pattern,0,
f_237461_,selector,0,
f_237484_,id,0,
f_237494_,NO_ARGS,0,
f_237495_,TEXT_PERCENT,0,
f_237496_,TEXT_NULL,0,
f_237497_,key,0,
f_237498_,args,0,
f_237499_,decomposedWith,0,
f_237500_,decomposedParts,0,
f_237501_,FORMAT_PATTERN,0,
f_237544_,yHeadRot,0,
f_237578_,sequence,0,
f_237619_,rootIndex,0,
f_237620_,entries,0,
f_237644_,id,0,
f_237645_,argumentType,0,
f_237646_,suggestionId,0,
f_237666_,stub,0,
f_237678_,id,0,
f_237685_,context,0,
f_237686_,entries,0,
f_237687_,nodes,0,
f_237795_,motd,0,
f_237829_,seed,0,
f_237838_,seed,0,
f_237849_,content,0,
f_237871_,effect,0,
f_237922_,command,0,
f_237950_,timeStamp,0,
f_237981_,sequence,0,
f_238003_,sequence,0,
f_238009_,sequence,0,
f_238014_,TRUNCATION_STEPS,0,
f_238015_,base,0,
f_238040_,name,0,
f_238113_,OPTIONAL_GLOBAL_POS,0,
f_238114_,CAT_VARIANT,0,
f_238115_,FROG_VARIANT,0,
f_238116_,PAINTING_VARIANT,0,
f_238166_,UNREACHABLE_TONGUE_TARGETS_COOLDOWN_DURATION,0,
f_238167_,chatDisabledByPlayerShown,0,
f_238170_,INFO_DISABLED_BY_PROFILE,0,
f_238171_,MINESHAFT_BLOCKING,0,
f_238173_,LOGGER,0,
f_238175_,TELEPORT,0,
f_238176_,lastDeathLocation,0,
f_238177_,head,0,
f_238179_,storage,0,
f_238181_,MAX_UNREACHBLE_TONGUE_TARGETS_IN_MEMORY,0,
f_238182_,UNREACHABLE_TONGUE_TARGETS,0,
f_238184_,paletteEntries,0,
f_238519_,reason,0,
f_238520_,subscriptions,0,
f_238521_,message,0,
f_238524_,MARGIN,0,
f_238525_,BUTTON_WIDTH,0,
f_238527_,valueListener,0,
f_238529_,value,0,
f_238533_,serverList,0,
f_238534_,lastCheckTime,0,
f_238535_,canReport,0,
f_238537_,listenerSource,0,
f_238538_,font,0,
f_238539_,time,0,
f_238540_,textField,0,
f_238541_,spinningAnimationTicks,0,
f_238543_,DUPLICATION_COOLDOWN_TICKS,0,
f_238546_,chatId,0,
f_238547_,EMPTY,0,
f_238549_,dataFetcher,0,
f_238550_,selectCursor,0,
f_238552_,spinningAnimationTicks0,0,
f_238556_,canReport,0,
f_238557_,selecting,0,
f_238559_,SKIN_HAT_U,0,
f_238560_,removedServers,0,
f_238561_,sendButton,0,
f_238562_,SKIN_HAT_HEIGHT,0,
f_238563_,dynamicJukeboxListener,0,
f_238564_,scrollAmount,0,
f_238566_,cursor,0,
f_238567_,report,0,
f_238569_,characterLimit,0,
f_238570_,SERVICE_UNAVAILABLE_TEXT,0,
f_238571_,period,0,
f_238572_,recordStartedTick,0,
f_238573_,newsLink,0,
f_238575_,currentlyDisplayedLevels,0,
f_238579_,HTTP_ERROR_TEXT,0,
f_238580_,CODEC,0,
f_238584_,GUI_ACKNOWLEDGE,0,
f_238587_,sender,0,
f_238588_,REASON_TITLE,0,
f_238590_,beginIndex,0,
f_238591_,this$0,0,
f_238592_,MESSAGE_Y,0,
f_238593_,playerMessage,0,
f_238600_,heading,0,
f_238603_,width,0,
f_238604_,listenerRadius,0,
f_238605_,SKIN_HEAD_WIDTH,0,
f_238606_,SKIN_HEAD_HEIGHT,0,
f_238608_,id,0,
f_238609_,narration,0,
f_238610_,lastResult,0,
f_238611_,this$1,0,
f_238612_,REASON_DESCRIPTION,0,
f_238613_,reasonSelectionList,0,
f_238614_,reportButton,0,
f_238618_,messageText,0,
f_238620_,LINE_SEEK_PIXEL_BIAS,0,
f_238622_,CONTEXT_INFO,0,
f_238623_,realmsDataSubscription,0,
f_238624_,filter,0,
f_238625_,cursorListener,0,
f_238626_,onSelectedReason,0,
f_238627_,DATA_DANCING,0,
f_238628_,SKIN_HEAD_V,0,
f_238634_,minecraft,0,
f_238635_,LOGGER,0,
f_238636_,LABEL_Y,0,
f_238637_,isPlaying,0,
f_238638_,reportingContext,0,
f_238639_,repeatStrategy,0,
f_238640_,updater,0,
f_238643_,lastScreen,0,
f_238644_,environment,0,
f_238645_,value,0,
f_238646_,COLOR,0,
f_238647_,CURSOR_APPEND_CHARACTER,0,
f_238648_,ip,0,
f_238649_,JUKEBOX_STOP_PLAY,0,
f_238650_,SPINNING_ANIMATION_DURATION,0,
f_238651_,reportingContext,0,
f_238652_,PADDING,0,
f_238653_,placeholder,0,
f_238654_,endIndex,0,
f_238655_,server,0,
f_238656_,parameters,0,
f_238657_,JSON_ERROR_TEXT,0,
f_238658_,executor,0,
f_238660_,text,0,
f_238663_,SMALL_WIDTH,0,
f_238664_,time,0,
f_238665_,entry,0,
f_238666_,pendingLevels,0,
f_238667_,NO_CHARACTER_LIMIT,0,
f_238668_,DEFAULT_CHAT_DECORATION,0,
f_238669_,log,0,
f_238670_,slotId,0,
f_238672_,INDENT_AMOUNT,0,
f_238673_,name,0,
f_238674_,skin,0,
f_238676_,FACE_SIZE,0,
f_238677_,userApiService,0,
f_238681_,newsTask,0,
f_238682_,jukeboxPos,0,
f_238683_,SKIN_HEAD_U,0,
f_238684_,this$1,0,
f_238685_,dynamicVibrationListener,0,
f_238686_,chatSelectionList,0,
f_238687_,dancingAnimationTicks,0,
f_238688_,CURSOR_INSERT_COLOR,0,
f_238690_,JUKEBOX_PLAY,0,
f_238691_,CONSTANT,0,
f_238692_,SKIN_HAT_WIDTH,0,
f_238694_,style,0,
f_238695_,tickCount,0,
f_238696_,DANCING_LOOP_DURATION,0,
f_238698_,servers,0,
f_238699_,SKIN_TEX_WIDTH,0,
f_238703_,multilineMessage,0,
f_238705_,dataSubscription,0,
f_238706_,sender,0,
f_238709_,pendingInvitesTask,0,
f_238712_,TEXT_COLOR,0,
f_238713_,environment,0,
f_238714_,LOG_CAPACITY,0,
f_238715_,REPORT_DISABLED_TOOLTIP,0,
f_238716_,DEFAULT_WIDTH,0,
f_238717_,realmsDataFetcher,0,
f_238718_,TITLE,0,
f_238719_,$SwitchMap$com$mojang$authlib$exceptions$MinecraftClientException$ErrorType,0,
f_238721_,this$1,0,
f_238722_,displayLines,0,
f_238724_,shouldCloseOnEsc,0,
f_238725_,this$0,0,
f_238726_,hoverText,0,
f_238728_,text,0,
f_238730_,failureCount,0,
f_238731_,MESSAGE_MAX_WIDTH,0,
f_238733_,chatLogFiller,0,
f_238734_,buttonCallback,0,
f_238735_,backendName,0,
f_238737_,newsManager,0,
f_238738_,this$0,0,
f_238741_,translationKey,0,
f_238742_,NUM_OF_DUPLICATION_HEARTS,0,
f_238743_,chatLog,0,
f_238747_,LOGGER,0,
f_238749_,lengthInTicks,0,
f_238751_,this$0,0,
f_238755_,resolution,0,
f_238758_,PLACEHOLDER_TEXT_COLOR,0,
f_238759_,SKIN_HAT_V,0,
f_238763_,confirmSelectedButton,0,
f_238765_,SKIN_FACE_SIZE,0,
f_238767_,button,0,
f_238768_,LIFTING_ITEM_ANIMATION_DURATION,0,
f_238769_,realmId,0,
f_238770_,buttonLabel,0,
f_238772_,ELLIPSIS,0,
f_238774_,clientVersion,0,
f_238775_,commentBox,0,
f_238776_,DUPLICATION_ITEM,0,
f_238777_,INNER_PADDING,0,
f_238778_,task,0,
f_238779_,scrolling,0,
f_238780_,SKIN_TEX_HEIGHT,0,
f_238781_,DEBUG_SOCIAL_INTERACTIONS,0,
f_238785_,contextInfoLabel,0,
f_238786_,$SwitchMap$net$minecraft$client$gui$components$Whence,0,
f_238789_,selector,0,
f_238790_,font,0,
f_238791_,duplicationCooldown,0,
f_238793_,val$maxBackoff,0,
f_238794_,CODEC,0,
f_238795_,SELECT_CHAT_MESSAGE,0,
f_238796_,ticksSinceLastEvent,0,
f_238797_,lastScreen,0,
f_238802_,DATA_CAN_DUPLICATE,0,
f_238804_,newsLocalStorage,0,
f_238805_,TITLE_Y,0,
f_238806_,title,0,
f_238808_,DEFAULT_HEIGHT,0,
f_238811_,canReport,0,
f_238812_,nextUpdate,0,
f_238817_,onSelected,0,
f_238818_,description,0,
f_238822_,value,0,
f_238826_,CURSOR_INSERT_WIDTH,0,
f_238827_,pendingTask,0,
f_238829_,this$0,0,
f_238831_,hasUnreadNews,0,
f_238832_,previousHeading,0,
f_238833_,this$1,0,
f_238834_,timeSource,0,
f_238835_,output,0,
f_240224_,CHECKMARK_HEIGHT,0,
f_240227_,LOGGER,0,
f_240229_,CHECKMARK_WIDTH,0,
f_240231_,messageText,0,
f_240233_,disableButtonTicks,0,
f_240235_,READ_INFO_LABEL,0,
f_240336_,MESSAGE_NOT_FOUND,0,
f_240337_,MESSAGE_TAG_MARGIN_LEFT,0,
f_240339_,content,0,
f_240342_,logTag,0,
f_240344_,currentlySelectedReason,0,
f_240345_,TAG_MARGIN_LEFT,0,
f_240348_,minecraft,0,
f_240350_,addedTime,0,
f_240351_,tag,0,
f_240352_,tag,0,
f_240354_,TOOLTIP_MAX_WIDTH,0,
f_240355_,icon,0,
f_240357_,CHAT_MODIFIED_INDICATOR_COLOR,0,
f_240358_,width,0,
f_240359_,MESSAGE_EXPIRES_AFTER_SERVER,0,
f_240362_,CHAT_NOT_SECURE,0,
f_240363_,content,0,
f_240365_,narrator,0,
f_240367_,endOfEntry,0,
f_240368_,tagIcon,0,
f_240369_,MESSAGE_EXPIRES_AFTER_CLIENT,0,
f_240371_,minecraft,0,
f_240372_,height,0,
f_240374_,overlay,0,
f_240375_,profileId,0,
f_240376_,tagHoverText,0,
f_240377_,CHAT_MODIFIED_TEXT,0,
f_240378_,chatListener,0,
f_240380_,CHAT_NOT_SECURE_TEXT,0,
f_240381_,text,0,
f_240384_,CHAT_NOT_SECURE_INDICATOR_COLOR,0,
f_240385_,MESSAGE_INDENT,0,
f_240386_,indicatorColor,0,
f_240655_,REPORT_PLAYER_TOOLTIP,0,
f_240656_,HIDE_TEXT_TOOLTIP,0,
f_240657_,SHOW_TEXT_TOOLTIP,0,
f_240658_,$SwitchMap$net$minecraft$network$protocol$game$ClientboundCustomChatCompletionsPacket$Action,0,
f_240659_,previousMessageTime,0,
f_240660_,messageDelay,0,
f_240661_,action,0,
f_240663_,entries,0,
f_240667_,customCompletionSuggestions,0,
f_240668_,MSG_COMMAND_OUTGOING,0,
f_240670_,reportingEnabled,0,
f_240673_,SYSTEM,0,
f_240674_,MSG_COMMAND_INCOMING,0,
f_240676_,hasRecentMessages,0,
f_240677_,delayedMessageQueue,0,
f_240856_,content,0,
f_240859_,chatType,0,
f_240863_,timeStamp,0,
f_240868_,lastSeen,0,
f_240873_,salt,0,
f_240879_,signature,0,
f_240884_,bytes,0,
f_240885_,signedBody,0,
f_240886_,name,0,
f_240889_,signedMessageDecoder,0,
f_240895_,messageValidator,0,
f_240896_,targetName,0,
f_240897_,chatType,0,
f_240898_,signature,0,
f_240902_,signedMessageEncoder,0,
f_240903_,validator,0,
f_240904_,messageSignature,0,
f_240905_,signature,0,
f_240906_,salt,0,
f_240907_,EMPTY,0,
f_240908_,entries,0,
f_24090_,playerItemStack,0,
f_240910_,name,0,
f_24091_,displayItems,0,
f_24092_,cycleCounter,0,
f_24093_,displayIndex,0,
f_24094_,lookTime,0,
f_24149_,nextOkStartTime,0,
f_241609_,trustLevel,0,
f_241610_,LOGGER,0,
f_241617_,LAST_SEEN_MESSAGES_MAX_LENGTH,0,
f_241622_,timeStamp,0,
f_241623_,head,0,
f_241626_,TEAM_MSG_COMMAND_OUTGOING,0,
f_241630_,entries,0,
f_241634_,EMPTY,0,
f_241641_,DATE_TIME_FORMATTER,0,
f_241646_,FILENAME_DATE_TIME_FORMATTER,0,
f_241659_,chatMessageChainer,0,
f_241662_,lastSeenMessages,0,
f_241668_,profile,0,
f_241673_,message,0,
f_241681_,chatMessageChain,0,
f_241683_,LOGGER,0,
f_241690_,message,0,
f_241693_,TIME_FORMATTER,0,
f_241694_,TEAM_MSG_COMMAND_INCOMING,0,
f_242484_,$SwitchMap$com$mojang$authlib$minecraft$MinecraftProfileTexture$Type,0,
f_242494_,ANONYMOUS,0,
f_242498_,arguments,0,
f_242499_,MAX_RENDER_DISTANCE,0,
f_242500_,items,0,
f_24291_,zombie,0,
f_24292_,villager,0,
f_242949_,UNSERURE_SERVER_TOAST,0,
f_242953_,UNSECURE_SERVER_TOAST_TITLE,0,
f_242955_,enforcesSecureChat,0,
f_242988_,mask,0,
f_242991_,LARGE_FORWARD_ADVANCE,0,
f_242992_,filterMask,0,
f_242993_,index,0,
f_242994_,filterFishyGlyphs,0,
f_242996_,type,0,
f_242998_,occupiedSlots,0,
f_242999_,PASS_THROUGH,0,
f_243000_,slotCount,0,
f_243001_,val$handler,0,
f_243003_,SLOT_HEIGHT,0,
f_243005_,SLOT_COUNT,0,
f_243006_,glyphInfoNotFishy,0,
f_243007_,FULLY_FILTERED,0,
f_243009_,HASH,0,
f_243010_,mask,0,
f_243012_,val$runnable,0,
f_243013_,glyphInfo,0,
f_243015_,LINE_SPACING,0,
f_243017_,CHAT_FILTERED_FULL,0,
f_243020_,EMPTY,0,
f_243021_,MARGIN,0,
f_243022_,fontFilterFishy,0,
f_243023_,MISSING,0,
f_243024_,NO_SPACE,0,
f_243345_,INVALID_SIGNATURE,0,
f_243346_,EXPIRED_PROFILE_PUBLIC_KEY,0,
f_243350_,EXPIRY_GRACE_PERIOD,0,
f_243660_,content,0,
f_243663_,LOGGER,0,
f_243664_,registryLookup,0,
f_243666_,levels,0,
f_243668_,JUNGLE_LEAVES_SAPLING_CHANGES,0,
f_243669_,width,0,
f_243671_,COAL_SMELTABLES,0,
f_243672_,category,0,
f_243673_,HANGING_SIGN_HIT,0,
f_243674_,BOTTOM,0,
f_243675_,this$0,0,
f_243676_,maxSupportedTextureSize,0,
f_243677_,pathString,0,
f_243678_,HAS_SILK_TOUCH,0,
f_243681_,dataConfiguration,0,
f_243682_,PATH_SEPARATOR,0,
f_243683_,AABBS,0,
f_243685_,output,0,
f_243686_,unsignedContent,0,
f_243688_,profile,0,
f_243689_,value,0,
f_243690_,CHAIN_R_1,0,
f_243691_,DEBUG_VALIDATE_RESOURCE_PATH_CASE,0,
f_243694_,BAMBOO_PLANKS,0,
f_243695_,gameEventDispatcher,0,
f_243696_,TYPE,0,
f_243697_,message,0,
f_243698_,universe,0,
f_243699_,BAMBOO_WOOD_TRAPDOOR_CLOSE,0,
f_243700_,listed,0,
f_243702_,category,0,
f_243703_,FULL_SPEED_TURN_THRESHOLD,0,
f_243706_,SPYGLASS_IN_HAND_MODEL,0,
f_243707_,BAMBOO_WOOD_DOOR_OPEN,0,
f_243708_,worldgenRegistries,0,
f_243709_,gameEvent,0,
f_243712_,LEFT_PADDLE,0,
f_243713_,CAMEL_EAT,0,
f_243714_,frames,0,
f_243715_,CUSTOM_FENCE_GATE_CLOSED,0,
f_243716_,ACACIA_HANGING_SIGN,0,
f_243717_,serverData,0,
f_243718_,messageSignatureCache,0,
f_243719_,NETHER_WOOD_DOOR_CLOSE,0,
f_243720_,texture,0,
f_243721_,BAMBOO_WOOD_FENCE_GATE_CLOSE,0,
f_243722_,JUNGLE_HANGING_SIGN,0,
f_243723_,outputFolder,0,
f_243724_,blockLookup,0,
f_243726_,BUILTIN_ORDER,0,
f_243727_,LOGGER,0,
f_243728_,TEXT_SCALE,0,
f_243730_,SITTING_HEIGHT_DIFFERENCE,0,
f_243731_,byMipLevel,0,
f_243733_,requiredFeatures,0,
f_243734_,CHEST_BOTTOM,0,
f_243736_,SPEED_MULTIPLIER_WHEN_IDLING,0,
f_243738_,writer,0,
f_243739_,enabledFeatures,0,
f_243740_,id,0,
f_243741_,sprites,0,
f_243742_,store,0,
f_243743_,ridingParts,0,
f_243744_,filterMask,0,
f_243745_,registryKey,0,
f_243746_,FILE_ATTRIBUTES,0,
f_243747_,rightPaddle,0,
f_243749_,packType,0,
f_243751_,index,0,
f_243752_,val$ticker,0,
f_243753_,rootOutputFolder,0,
f_243754_,REJECT_ALL,0,
f_243755_,BAMBOO_STAIRS,0,
f_243756_,INCREASE_BLINK_DURATION,0,
f_243757_,ENABLED_FEATURES_ID,0,
f_243758_,value,0,
f_243759_,datapackDimensions,0,
f_243760_,DEFAULT_CAPACITY,0,
f_243761_,VANILLA_ID,0,
f_243762_,latency,0,
f_243763_,inputFolders,0,
f_243764_,CAMEL_AMBIENT,0,
f_243766_,VALUES,0,
f_243767_,CAMEL_SPAWN_EGG,0,
f_243768_,PLAYER_COMPARATOR,0,
f_243769_,MEMORY_TYPES,0,
f_243770_,allFlags,0,
f_243771_,values,0,
f_243772_,BAMBOO_WOOD,0,
f_243773_,ACACIA_WALL_HANGING_SIGN,0,
f_243774_,source,0,
f_243775_,CAMEL_HURT,0,
f_243776_,distance,0,
f_243777_,metaSources,0,
f_243778_,INSTANCE,0,
f_243779_,IRON_SMELTABLES,0,
f_243780_,levelType,0,
f_243782_,this$0,0,
f_243783_,vanillaPackResources,0,
f_243784_,CUSTOM_FENCE_POST,0,
f_243785_,DISTANCE_FROM_BOTTOM_TO_TOP,0,
f_243786_,CAMEL_DASH,0,
f_243787_,SYSTEM_SENDER,0,
f_243789_,metadata,0,
f_243790_,salt,0,
f_243794_,key,0,
f_243795_,actions,0,
f_243796_,selectedDimensions,0,
f_243797_,uuid,0,
f_243798_,transformation,0,
f_243800_,minPitch,0,
f_243801_,CAMEL_SIT,0,
f_243803_,WORLDGEN_REGISTRIES,0,
f_243804_,VIEWS,0,
f_243805_,DARK_OAK_HANGING_SIGN,0,
f_243806_,NORTH_0,0,
f_243807_,regions,0,
f_243809_,CHAT_VALIDATION_FAILED_ERROR,0,
f_243810_,CODEC,0,
f_243811_,requiredFeatures,0,
f_243812_,LOGGER,0,
f_243813_,BAMBOO_MOSAIC,0,
f_243814_,HANGING_SIGN_PLACE,0,
f_243816_,seed,0,
f_243817_,lastUpdateTick,0,
f_243819_,rot,0,
f_24381_,chance,0,
f_243820_,BAMBOO_DOOR,0,
f_243822_,buffer,0,
f_243823_,lastTrackedMessage,0,
f_243824_,worldOptions,0,
f_243825_,cache,0,
f_243826_,count,0,
f_243828_,BAMBOO_MOSAIC_STAIRS,0,
f_243831_,CUSTOM_FENCE_GATE_OPEN,0,
f_243832_,BREEDABLE_ANIMALS,0,
f_243833_,ERROR_INVALID_TAG_TYPE,0,
f_243834_,WAX_SCRAPING_TOOLS,0,
f_243835_,ATTACHED,0,
f_243836_,signature,0,
f_243837_,head,0,
f_243838_,CEILING_HANGING_SIGNS,0,
f_243839_,displayItems,0,
f_243840_,MAX_TEXT_LINE_WIDTH,0,
f_243841_,displayItemsSearchTab,0,
f_243842_,dataConfiguration,0,
f_243843_,offset,0,
f_243844_,registryKey,0,
f_243846_,signature,0,
f_243847_,VANILLA_DIMENSION_COUNT,0,
f_243848_,LOGGER,0,
f_243849_,UNSIGNED,0,
f_243851_,output,0,
f_243853_,packResources,0,
f_243855_,profilePublicKey,0,
f_243856_,profileId,0,
f_243858_,registries,0,
f_243860_,BAMBOO_SLAB,0,
f_243861_,registryLookup,0,
f_243862_,DISABLED_ITEM_TOOLTIP,0,
f_243864_,maxYaw,0,
f_243865_,explosionResistant,0,
f_243866_,blockStateResources,0,
f_243867_,CUSTOM_FENCE_INVENTORY,0,
f_243868_,NETHER_WOOD_BREAK,0,
f_243869_,displayName,0,
f_243871_,contextBuilder,0,
f_243872_,lastSeen,0,
f_243873_,Y_COORDINATE_AT_TOP,0,
f_243877_,name,0,
f_243878_,featureFlagSet,0,
f_243879_,output,0,
f_243880_,splitMessage,0,
f_243881_,DIRECTORY_ATTRIBUTES,0,
f_243882_,link,0,
f_243883_,LAST_POSE_CHANGE_TICK,0,
f_243884_,output,0,
f_243885_,ERROR_INVALID_RESOURCE_TYPE,0,
f_243886_,pitchO,0,
f_243887_,reader,0,
f_243889_,dimensions,0,
f_243890_,BIRCH_HANGING_SIGN,0,
f_243891_,CAMEL_IDLE,0,
f_243892_,TIME_BEFORE_MESSAGE_DELETION,0,
f_243893_,NETHER_WOOD_PRESSURE_PLATE_CLICK_OFF,0,
f_243894_,CHEST_LID,0,
f_243895_,SPRUCE_WALL_HANGING_SIGN,0,
f_243896_,fluidState,0,
f_243897_,JUNGLE_WALL_HANGING_SIGN,0,
f_243898_,DEBUG_RESOURCE_GENERATION_OVERRIDE,0,
f_243899_,val$codec,0,
f_243902_,canUse,0,
f_243903_,BAMBOO_WOOD_TRAPDOOR_OPEN,0,
f_243904_,originalImage,0,
f_243905_,HAS_SHEARS,0,
f_243906_,pos,0,
f_243908_,COPPER_SMELTABLES,0,
f_243909_,key,0,
f_243910_,closed,0,
f_243912_,missing,0,
f_243913_,projectileOwnerUuid,0,
f_243914_,SHAPE_EASTWEST,0,
f_243915_,isUvLocked,0,
f_243916_,REPORT_FORMAT_VERSION,0,
f_243917_,level,0,
f_243918_,sender,0,
f_243919_,root,0,
f_243920_,modelTextureGetter,0,
f_243921_,animationInfo,0,
f_243922_,mask,0,
f_243923_,universe,0,
f_243924_,metadata,0,
f_243925_,CUSTOM_FENCE_GATE_WALL_OPEN,0,
f_243926_,keyPair,0,
f_243927_,this$0,0,
f_243928_,sitAnimationState,0,
f_243929_,PARTICLE_LISTER,0,
f_243930_,val$level,0,
f_243933_,NETHER_WOOD_STEP,0,
f_243934_,id,0,
f_243935_,LOGGER,0,
f_243937_,profilePublicKey,0,
f_243938_,SADDLE,0,
f_243940_,requiredTables,0,
f_243941_,provider,0,
f_243942_,pending,0,
f_243943_,CUSTOM_FENCE_SIDE_WEST,0,
f_243945_,EMPTY,0,
f_243946_,lastValue,0,
f_243948_,dimensions,0,
f_243949_,PENDING_OFFSET_THRESHOLD,0,
f_243950_,trackedMessages,0,
f_243951_,this$0,0,
f_243952_,universe,0,
f_243954_,isChainValid,0,
f_243955_,listed,0,
f_243956_,pathsForType,0,
f_243958_,entries,0,
f_243960_,DARK_OAK_HANGING_SIGN,0,
f_243962_,MAGIC_BACKGROUND_SCALE,0,
f_243963_,SPRUCE_HANGING_SIGN,0,
f_243964_,WORLD_OPTIONS,0,
f_243965_,node,0,
f_243966_,worldGenSettings,0,
f_243968_,TEXT_LINE_HEIGHT,0,
f_243969_,STATIC_ACCESS,0,
f_243970_,EAST_90,0,
f_243971_,WEST_270,0,
f_243972_,CAMEL_DEATH,0,
f_243973_,enabledFeatures,0,
f_243974_,DIAMOND_SMELTABLES,0,
f_243976_,CAMEL,0,
f_243977_,normalChains,0,
f_243978_,HANGING_SIGN_BREAK,0,
f_243979_,dataConfiguration,0,
f_243980_,values,0,
f_243981_,downloadedPackSource,0,
f_243982_,RUNNING_SPEED_BONUS,0,
f_243983_,$SwitchMap$net$minecraft$core$Direction,0,
f_243984_,legacyCustomOptions,0,
f_243986_,fileSystem,0,
f_243987_,ROOT_DIR_BY_TYPE,0,
f_243988_,COMMA_SPLITTER,0,
f_243989_,children,0,
f_243990_,NETHER_WOOD_PLACE,0,
f_243992_,options,0,
f_243993_,signField,0,
f_243994_,distanceToRecipient,0,
f_243995_,CAMEL_TEMPTATIONS,0,
f_243996_,DEFAULT_NAME,0,
f_243997_,initialDataPackConfiguration,0,
f_243998_,DARK_OAK_WALL_HANGING_SIGN,0,
f_243999_,BAMBOO_HANGING_SIGN,0,
f_244000_,pathContents,0,
f_244001_,generateStructures,0,
f_244002_,lastSeenSignatures,0,
f_244003_,content,0,
f_244004_,BAMBOO_SLAB,0,
f_244005_,resource,0,
f_244006_,missedCount,0,
f_244007_,PLANK_NORTHSOUTH,0,
f_244008_,listenersToAdd,0,
f_244009_,hangingSignModels,0,
f_244010_,SPEED_MULTIPLIER_WHEN_PANICKING,0,
f_244011_,this$0,0,
f_244012_,mask,0,
f_244014_,interval,0,
f_244015_,pathToRoot,0,
f_244016_,CAMEL_STEP_SAND,0,
f_244017_,leadingCount,0,
f_244018_,name,0,
f_244019_,displayedValue,0,
f_244020_,fullSignature,0,
f_244021_,BAMBOO_WOOD_BREAK,0,
f_244022_,minimalPoseTicks,0,
f_244025_,EMPTY,0,
f_244027_,MESSAGE,0,
f_244030_,CAMEL,0,
f_244031_,SOUTH_180,0,
f_244032_,CAMEL_DASH_READY,0,
f_244033_,NETHER_WOOD_TRAPDOOR_CLOSE,0,
f_244035_,eventId,0,
f_244036_,name,0,
f_244037_,readyForUpload,0,
f_244038_,PATH_COMPARATOR,0,
f_244039_,enabledFeatures,0,
f_244040_,chatSession,0,
f_244042_,profile,0,
f_244043_,LOGGER,0,
f_244044_,CAMEL_STAND,0,
f_244046_,message,0,
f_244047_,idleAnimationState,0,
f_244048_,entity,0,
f_244049_,dimensions,0,
f_244050_,values,0,
f_244051_,FILTERED_REGISTRIES,0,
f_244052_,messageDeletionQueue,0,
f_244053_,LISTER,0,
f_244054_,tab,0,
f_244055_,TRIDENT_IN_HAND_MODEL,0,
f_244057_,BAMBOO_SIGN,0,
f_244058_,FISH,0,
f_244059_,key,0,
f_244063_,composite,0,
f_244064_,name,0,
f_244065_,PLANK_EASTWEST,0,
f_244066_,index,0,
f_244067_,BAMBOO_WOOD_BUTTON_CLICK_ON,0,
f_244068_,EMPTY_SUPPLIER,0,
f_244069_,woodType,0,
f_24406_,trades,0,
f_244070_,val$server,0,
f_244071_,BOARD,0,
f_244072_,CHAIN_L_1,0,
f_244073_,LONG,0,
f_244076_,category,0,
f_244077_,SHAPE_BUILDERS,0,
f_244078_,tag,0,
f_244079_,SPEED_MULTIPLIER_WHEN_MAKING_LOVE,0,
f_244080_,atlas,0,
f_244081_,CAMEL_WALK,0,
f_244083_,ROTATION,0,
f_244084_,SITDOWN_DURATION_TICKS,0,
f_244085_,offset,0,
f_244086_,CAMEL_SIT,0,
f_244087_,ERROR_PACK_FEATURES_NOT_ENABLED,0,
f_244088_,handler,0,
f_244090_,body,0,
f_244091_,BAMBOO_HANGING_SIGN,0,
f_244092_,SHAPE,0,
f_244093_,OAK_WALL_HANGING_SIGN,0,
f_244095_,V_CHAINS,0,
f_244096_,dataPacks,0,
f_244098_,nextStand,0,
f_244099_,SYSTEM_TEXT,0,
f_244100_,result,0,
f_244101_,DASH_HORIZONTAL_MOMENTUM,0,
f_244103_,id,0,
f_244104_,datapackWorldgen,0,
f_244105_,ticksToStayPressed,0,
f_244106_,BAMBOO_FENCE,0,
f_244107_,NETHER_WOOD_FALL,0,
f_244108_,Y_COORDINATE_AT_BOTTOM,0,
f_244109_,worldOptions,0,
f_244110_,packIndex,0,
f_244111_,id,0,
f_244112_,BUNDLE,0,
f_244113_,messageSignatureCache,0,
f_244114_,STRICT_PATH_SEGMENT_CHECK,0,
f_244116_,vanillaPackOutput,0,
f_244117_,DASH,0,
f_244118_,NORMAL_CHAINS,0,
f_244120_,SPEED_MULTIPLIER_WHEN_FOLLOWING_ADULT,0,
f_244123_,$SwitchMap$net$minecraft$network$protocol$game$ClientboundPlayerInfoUpdatePacket$Action,0,
f_244124_,resources,0,
f_244125_,MAX_WALK_ANIMATION_SPEED,0,
f_244126_,$SwitchMap$net$minecraft$world$item$crafting$CookingBookCategory,0,
f_244127_,dataConfiguration,0,
f_244128_,soundCache,0,
f_244129_,width,0,
f_244130_,ACCEPT_UNSIGNED,0,
f_244131_,PLANK,0,
f_244132_,modelResources,0,
f_244133_,initMode,0,
f_244135_,experimental,0,
f_244136_,CHEST_LOCK,0,
f_244137_,lastSeen,0,
f_244138_,requiredFeatures,0,
f_244139_,requiredFeatures,0,
f_244140_,sign,0,
f_244141_,atlasLocation,0,
f_244142_,profileId,0,
f_244143_,finalDimensions,0,
f_244144_,paramSet,0,
f_244146_,list,0,
f_244147_,CRIMSON_HANGING_SIGN,0,
f_244148_,gameMode,0,
f_244150_,arguments,0,
f_244151_,existingDimensions,0,
f_244153_,chatSession,0,
f_244154_,NOOP,0,
f_244155_,BRIDLE,0,
f_244156_,listedPlayers,0,
f_244157_,val$decorator,0,
f_244158_,registryKey,0,
f_244159_,CHAIN_R_2,0,
f_244160_,BAMBOO_MOSAIC_SLAB,0,
f_244162_,gameMode,0,
f_244163_,TYPE,0,
f_244165_,contents,0,
f_244166_,levelSettings,0,
f_244169_,rootPaths,0,
f_244170_,soundCache,0,
f_244171_,FISH_BUCKETS,0,
f_244174_,HANGING_SIGN,0,
f_244176_,registries,0,
f_244177_,atlasPreparations,0,
f_244178_,FULL_SIGNATURE,0,
f_244179_,STATIC_ACCESS,0,
f_244180_,enabledPacks,0,
f_244181_,BAMBOO_WOOD_PRESSURE_PLATE_CLICK_ON,0,
f_244182_,category,0,
f_244183_,BAMBOO_PRESSURE_PLATE,0,
f_244184_,category,0,
f_244185_,RELATIVE,0,
f_244186_,signature,0,
f_244187_,resources,0,
f_244189_,BAMBOO_STAIRS,0,
f_244190_,DELETED_CHAT_MESSAGE,0,
f_244191_,CUSTOM_FENCE_SIDE_NORTH,0,
f_244192_,$SwitchMap$java$nio$file$AccessMode,0,
f_244193_,BAMBOO_MOSAIC_STAIRS,0,
f_244195_,DASH_VERTICAL_MOMENTUM,0,
f_244196_,vanillaPack,0,
f_244197_,flags,0,
f_244198_,kind,0,
f_244199_,extension,0,
f_244200_,BAMBOO,0,
f_244201_,FEATURE,0,
f_244202_,BLOCKSTATE_LISTER,0,
f_244204_,CAMEL_SADDLE,0,
f_244205_,GAZE_COOLDOWN_TICKS,0,
f_244206_,LOGGER,0,
f_244207_,TEXTURE_HEIGHT,0,
f_244209_,keys,0,
f_244210_,NETHER_WOOD_PRESSURE_PLATE_CLICK_ON,0,
f_244211_,preparations,0,
f_244212_,data,0,
f_244213_,map,0,
f_244214_,source,0,
f_244215_,ERROR_UNKNOWN_TAG,0,
f_244216_,CUSTOM_FENCE_SIDE_SOUTH,0,
f_244217_,HAS_NO_SILK_TOUCH,0,
f_244218_,value,0,
f_244220_,CAMEL_LOCATION,0,
f_244221_,registryKey,0,
f_244222_,DECREASE_BLINK_DURATION,0,
f_244224_,CODEC,0,
f_244225_,DEMO_OPTIONS,0,
f_244226_,BOTTOM_MARGIN,0,
f_244227_,isRandomlyTicking,0,
f_244229_,frameRowSize,0,
f_244230_,BAMBOO_MOSAIC_SLAB,0,
f_244231_,values,0,
f_244232_,sessionId,0,
f_244233_,prefix,0,
f_244234_,ERROR_NOT_SUMMONABLE_ENTITY,0,
f_244235_,EDIBLE_ITEMS,0,
f_244236_,key,0,
f_244238_,chatSession,0,
f_244239_,category,0,
f_244240_,BAMBOO_WOOD_PLACE,0,
f_244241_,WARPED_WALL_HANGING_SIGN,0,
f_244242_,sitUpAnimationState,0,
f_244243_,dashAnimationState,0,
f_244244_,NETHER_WOOD,0,
f_244245_,FONT_DEFINITIONS,0,
f_244246_,category,0,
f_244248_,HAS_NO_SHEARS_OR_SILK_TOUCH,0,
f_244249_,processing,0,
f_244250_,SPEED_MULTIPLIER_WHEN_TEMPTED,0,
f_244251_,TEST_OPTIONS,0,
f_244252_,chatType,0,
f_244253_,RIGHT_PADDLE,0,
f_244256_,EMPTY,0,
f_244257_,SIGNATURE_BYTES,0,
f_244258_,inputFolders,0,
f_244259_,VERSION_METADATA_SECTION,0,
f_244260_,BAMBOO_CHEST_RAFT,0,
f_244261_,nextId,0,
f_244262_,lastSeenMessages,0,
f_244263_,JUNGLE_HANGING_SIGN,0,
f_244265_,lastMessage,0,
f_244266_,subProviders,0,
f_244267_,externalAssetDir,0,
f_244268_,children,0,
f_244269_,MAX_SEGMENT_INDEX,0,
f_244270_,SENSOR_TYPES,0,
f_244271_,CODEC,0,
f_244272_,options,0,
f_244273_,CUSTOM_FENCE_GATE_WALL_CLOSED,0,
f_244275_,NETHER_WOOD_DOOR_OPEN,0,
f_244277_,pitchRange,0,
f_244278_,healthStates,0,
f_244279_,signature,0,
f_244280_,REGISTRY,0,
f_244281_,CRIMSON_WALL_HANGING_SIGN,0,
f_244282_,unregisteredIntrusiveHolders,0,
f_244283_,index,0,
f_244284_,sessionId,0,
f_244285_,val$directoryContents,0,
f_244286_,BAMBOO_WOOD_STEP,0,
f_244288_,this$0,0,
f_244289_,DASH_COOLDOWN_TICKS,0,
f_244290_,PACKS_DIR,0,
f_244291_,HANGING_SIGN_MATERIALS,0,
f_244294_,plank,0,
f_244296_,BIRCH_WALL_HANGING_SIGN,0,
f_244297_,this$0,0,
f_244298_,CODEC,0,
f_244299_,CHISELED_BOOKSHELF,0,
f_244300_,MAGIC_TEXT_SCALE,0,
f_244301_,HAS_SHEARS_OR_SILK_TOUCH,0,
f_244302_,width,0,
f_244304_,CHAT_VALIDATION_FAILED,0,
f_244305_,TEXT_LINE_HEIGHT,0,
f_244306_,SITTING_DIMENSIONS,0,
f_244307_,elements,0,
f_244308_,listenersToRemove,0,
f_244309_,CODEC,0,
f_244310_,CHISELED_BOOKSHELF,0,
f_244311_,BAMBOO_TRAPDOOR,0,
f_244312_,STOP_TURN_THRESHOLD,0,
f_244313_,BAMBOO_FENCE_GATE,0,
f_244314_,timeStamp,0,
f_244315_,original,0,
f_244317_,interpolateFrames,0,
f_244318_,NETHER_WOOD_TRAPDOOR_OPEN,0,
f_244319_,OAK_HANGING_SIGN,0,
f_244320_,ALL_HANGING_SIGNS,0,
f_244321_,INVALID_PACKET,0,
f_244322_,latency,0,
f_244324_,TRIDENT_MODEL,0,
f_244325_,DISPLAY_UPDATE_DELAY,0,
f_244326_,source,0,
f_244328_,wrapped,0,
f_244329_,fileSources,0,
f_244331_,resource,0,
f_244332_,DEFAULT_FLAGS,0,
f_244333_,BUILT_IN_METADATA,0,
f_244334_,directory,0,
f_244335_,pitch,0,
f_244336_,BAMBOO_WOOD_FENCE_GATE_OPEN,0,
f_244337_,MAGIC_SCALE_NUMBER,0,
f_244338_,WRAPPER_MARKER,0,
f_244339_,lastPendingMessage,0,
f_244340_,callback,0,
f_244341_,rotO,0,
f_244343_,VALUES,0,
f_244344_,NETHER_WOOD_BUTTON_CLICK_OFF,0,
f_244345_,BAMBOO_FENCE_GATE,0,
f_244346_,lastSeenMessages,0,
f_244347_,VERSION_METADATA_SECTION,0,
f_244348_,collectingChain,0,
f_244349_,flags,0,
f_244350_,INVALID_SPAWN_INSIDE,0,
f_244351_,REINS,0,
f_244352_,result,0,
f_244353_,mipLevel,0,
f_244355_,CHEST_BOTTOM,0,
f_244357_,LOGGER,0,
f_244358_,LEGACY_PRESET_NAMES,0,
f_244359_,messages,0,
f_244360_,LANGUAGE_FORMAT,0,
f_244361_,atlas,0,
f_244362_,this$0,0,
f_244363_,tabContents,0,
f_244364_,SHADER_CORE_PATH,0,
f_244365_,id,0,
f_244366_,initialDataConfig,0,
f_244367_,lastMessage,0,
f_244368_,specialWorldProperty,0,
f_244369_,GOLD_SMELTABLES,0,
f_244370_,sessionId,0,
f_244373_,vChains,0,
f_244374_,DISTRACT_PIGLIN_PLAYER_ARMOR_PREDICATE,0,
f_244375_,datapackDimensions,0,
f_244376_,HANGING_SIGN_FALL,0,
f_244377_,VANILLA_SET,0,
f_244378_,MODEL_LISTER,0,
f_244379_,MAX_TEXT_LINE_WIDTH,0,
f_244383_,profileIds,0,
f_244385_,MANGROVE_WALL_HANGING_SIGN,0,
f_244386_,attachmentDirection,0,
f_244388_,output,0,
f_244389_,HANGING_SIGNS,0,
f_244390_,FACING,0,
f_244393_,chatSession,0,
f_244394_,modelBakery,0,
f_244395_,developmentConfig,0,
f_244396_,WARPED_HANGING_SIGN,0,
f_244398_,EXAMPLES,0,
f_244402_,panoramaSpeed,0,
f_244403_,this$0,0,
f_244404_,generatorSettings,0,
f_244405_,EPOCH,0,
f_244406_,OAK_HANGING_SIGN,0,
f_244408_,CUSTOM_FENCE_SIDE_EAST,0,
f_244409_,worldOptions,0,
f_244411_,deletableAfter,0,
f_244412_,lastChainMessage,0,
f_244413_,LISTER,0,
f_244414_,NETHER_WOOD_BUTTON_CLICK_ON,0,
f_244415_,readyForUpload,0,
f_244417_,BYTES,0,
f_244418_,INDIRECTLY_BREEDABLE_ANIMALS,0,
f_244420_,HANGING_SIGN_STEP,0,
f_244421_,contents,0,
f_244422_,listeners,0,
f_244423_,source,0,
f_244424_,BAMBOO_BUTTON,0,
f_244425_,ADULT_FOLLOW_RANGE,0,
f_244426_,BAMBOO_WOOD_HIT,0,
f_244428_,activeCollectors,0,
f_244430_,EMERALD_SMELTABLES,0,
f_244431_,BIRCH_HANGING_SIGN,0,
f_244432_,BAMBOO_WOOD_FALL,0,
f_244433_,BAMBOO_SIGN,0,
f_244434_,rootPaths,0,
f_244435_,STANDUP_DURATION_TICKS,0,
f_244436_,entries,0,
f_244437_,AABBS,0,
f_244438_,NETWORKABLE_REGISTRIES,0,
f_244439_,fileLocation,0,
f_244440_,ACACIA_HANGING_SIGN,0,
f_244441_,map,0,
f_244442_,this$0,0,
f_244443_,sender,0,
f_244444_,universe,0,
f_244445_,LOGGER,0,
f_244446_,acknowledged,0,
f_244448_,sessionId,0,
f_244449_,CHEST_LID,0,
f_244450_,ERROR_UNKNOWN_RESOURCE,0,
f_244451_,gameEventListenerRegistrySections,0,
f_244452_,this$0,0,
f_244453_,requiredFeatures,0,
f_244454_,this$0,0,
f_244455_,dashCooldown,0,
f_244456_,FEATURE_FLAGS_METADATA_SECTION,0,
f_244458_,cookie,0,
f_244459_,pathsForType,0,
f_244460_,ENTITY_ON_FIRE,0,
f_244462_,BAMBOO_WALL_HANGING_SIGN,0,
f_244463_,bob,0,
f_244465_,lastSeenCount,0,
f_244466_,DETAILS_BUTTON,0,
f_244467_,GIVE_ITEM_TIMEOUT_DURATION,0,
f_244468_,packType,0,
f_244469_,BAMBOO_PRESSURE_PLATE,0,
f_244470_,context,0,
f_244471_,TRACKED_MESSAGE_DISCONNECT_THRESHOLD,0,
f_244472_,registryKey,0,
f_244473_,update,0,
f_244474_,SHAPE_NORTHSOUTH,0,
f_244476_,idleAnimationTimeout,0,
f_244477_,BAMBOO_PLANKS,0,
f_244478_,PATH_JOINER,0,
f_244479_,MANGROVE_HANGING_SIGN,0,
f_244480_,packId,0,
f_244481_,CODEC,0,
f_244482_,SCHEME,0,
f_244483_,category,0,
f_244484_,PATH_SPLITTER,0,
f_244485_,MANGROVE_HANGING_SIGN,0,
f_244486_,entry,0,
f_244487_,PACKS_DIR,0,
f_244488_,MOBS_TO_KILL,0,
f_244489_,BAMBOO_MOSAIC,0,
f_244490_,EXPLOSION_RESISTANT,0,
f_244491_,message,0,
f_244492_,SOUND_LISTER,0,
f_244493_,$SwitchMap$net$minecraft$world$item$crafting$CraftingBookCategory,0,
f_244494_,TEXT_SCALE,0,
f_244495_,CAMEL_STANDUP,0,
f_244496_,val$name,0,
f_244497_,gameEvent,0,
f_244498_,soundSourceVolumes,0,
f_244499_,val$addAutomatically,0,
f_244500_,location,0,
f_244501_,LOGGER,0,
f_244503_,height,0,
f_244504_,worldDimensionData,0,
f_244505_,trackedMessages,0,
f_244506_,CAMEL_STEP,0,
f_244507_,this$1,0,
f_244509_,NORMAL_LEAVES_SAPLING_CHANCES,0,
f_244511_,subFrame,0,
f_244512_,displayName,0,
f_244513_,EMPTY,0,
f_244515_,name,0,
f_244516_,wardenSpawnTracker,0,
f_244517_,blinkUntilTick,0,
f_244518_,atlases,0,
f_244519_,root,0,
f_244520_,BAMBOO_MOSAIC,0,
f_244521_,FILTERED_STYLE,0,
f_244523_,COMPARATOR,0,
f_244526_,files,0,
f_244527_,activeFrame,0,
f_244528_,LOGGER,0,
f_244529_,HANGING_SIGN,0,
f_244530_,values,0,
f_244531_,NORMAL_LEAVES_STICK_CHANCES,0,
f_244532_,currentVibrationData,0,
f_244533_,BAMBOO_WOOD_PRESSURE_PLATE_CLICK_OFF,0,
f_244534_,options,0,
f_244535_,signature,0,
f_244536_,NO_DECORATION,0,
f_244537_,SPYGLASS_MODEL,0,
f_244538_,CAMEL_DASH,0,
f_244540_,bookCategory,0,
f_244542_,registries,0,
f_244543_,BAMBOO_WOOD_DOOR_CLOSE,0,
f_244544_,WALL_HANGING_SIGNS,0,
f_244546_,BAMBOO_PLANKS,0,
f_244547_,DIMENSION_REGISTRIES,0,
f_244548_,namespaces,0,
f_244549_,BAMBOO_TRAPDOOR,0,
f_244550_,AABB_OFFSET,0,
f_244552_,offset,0,
f_244553_,time,0,
f_244554_,root,0,
f_244557_,parts,0,
f_244559_,requiredFeatures,0,
f_244560_,names,0,
f_244561_,modelCache,0,
f_244562_,line,0,
f_244563_,nextLink,0,
f_244564_,frame,0,
f_244565_,REDSTONE_SMELTABLES,0,
f_244566_,provider,0,
f_244568_,recipient,0,
f_244569_,spin,0,
f_244570_,interpolationData,0,
f_244571_,VANILLA,0,
f_244573_,EXAMPLES,0,
f_244575_,animatedTexture,0,
f_244576_,TITLE,0,
f_244578_,tail,0,
f_244579_,NETHER_WOOD_FENCE_GATE_OPEN,0,
f_244580_,elementCodec,0,
f_244581_,SPECIAL_PACK_NAMES,0,
f_244582_,recipeFolderName,0,
f_244584_,CHAIN_L_2,0,
f_244585_,searchTabContents,0,
f_244586_,EXAMPLES,0,
f_244587_,parent,0,
f_244588_,saddleParts,0,
f_244591_,SPECIAL_LOOT_TABLE_TYPES,0,
f_244593_,NETHER_WOOD_FENCE_GATE_CLOSE,0,
f_244594_,root,0,
f_244595_,BEDROCK_THICKNESS,0,
f_244597_,NETHER_WOOD_HIT,0,
f_244598_,CHEST_LOCK,0,
f_244599_,root,0,
f_244600_,height,0,
f_244601_,root,0,
f_244603_,BAMBOO_WOOD_BUTTON_CLICK_OFF,0,
f_244604_,TEXTURE_WIDTH,0,
f_244606_,output,0,
f_244607_,level,0,
f_244608_,BAMBOO_WALL_SIGN,0,
f_244609_,registryKey,0,
f_244611_,PATH_SPLITTER,0,
f_244612_,MISSING,0,
f_244613_,entries,0,
f_244614_,VANILLA_ATLASES,0,
f_244615_,generateBonusChest,0,
f_244616_,LOGGER,0,
f_244617_,CRIMSON_HANGING_SIGN,0,
f_244618_,leftPaddle,0,
f_244619_,missingModel,0,
f_24461_,nextWorkCycleTime,0,
f_244621_,CODEC,0,
f_244622_,CODEC,0,
f_244624_,BAMBOO_RAFT,0,
f_244625_,BAMBOO_BUTTON,0,
f_244626_,packDir,0,
f_244628_,LAPIS_SMELTABLES,0,
f_244629_,val$filter,0,
f_24462_,lastBonemealingSession,0,
f_244631_,frame,0,
f_244632_,height,0,
f_244633_,SPRUCE_HANGING_SIGN,0,
f_244634_,specialWorldProperty,0,
f_244635_,MAX_CONTAINER_SIZE,0,
f_244636_,LOGGER,0,
f_244637_,WARPED_HANGING_SIGN,0,
f_244638_,IDLE_MINIMAL_DURATION_TICKS,0,
f_24463_,timeWorkedSoFar,0,
f_244640_,CHISELED_BOOKSHELF,0,
f_244641_,BAMBOO_FENCE,0,
f_244642_,TYPE,0,
f_244644_,CODEC,0,
f_244645_,horse,0,
f_244646_,BOOKSHELF_BOOKS,0,
f_244647_,MAX_BOOKS_IN_STORAGE,0,
f_244648_,BAMBOO_DOOR,0,
f_244649_,DEFAULT,0,
f_24464_,cropPos,0,
f_24613_,birthTimestamp,0,
f_24786_,COMPOSTABLE_ITEMS,0,
f_24804_,lastCheck,0,
f_24875_,mob,0,
f_24876_,headStableTime,0,
f_24877_,lastStableYHeadRot,0,
f_24890_,maxTurn,0,
f_24891_,hoversInPlace,0,
f_24897_,jump,0,
f_24898_,mob,0,
f_24903_,dealtDamage,0,
f_24904_,takenDamage,0,
f_24905_,sourceEntity,0,
f_24906_,blocked,0,
f_24907_,type,0,
f_24925_,dealtDamage,0,
f_24926_,takenDamage,0,
f_24927_,sourceEntity,0,
f_24928_,blocked,0,
f_24929_,type,0,
f_24937_,mob,0,
f_24938_,yMaxRotSpeed,0,
f_24939_,xMaxRotAngle,0,
f_24941_,wantedX,0,
f_24942_,wantedY,0,
f_24943_,wantedZ,0,
f_24974_,mob,0,
f_24975_,wantedX,0,
f_24976_,wantedY,0,
f_24977_,wantedZ,0,
f_24978_,speedModifier,0,
f_24979_,strafeForwards,0,
f_24980_,strafeRight,0,
f_24981_,operation,0,
f_25015_,mob,0,
f_25016_,toAvoid,0,
f_25017_,maxDist,0,
f_25018_,path,0,
f_25019_,pathNav,0,
f_25020_,avoidClass,0,
f_25021_,avoidPredicate,0,
f_25022_,predicateOnAvoidEntity,0,
f_25023_,walkSpeedModifier,0,
f_25024_,sprintSpeedModifier,0,
f_25025_,avoidEntityTargeting,0,
f_25056_,wolf,0,
f_25057_,player,0,
f_25058_,level,0,
f_25059_,lookDistance,0,
f_25060_,lookTime,0,
f_25061_,begTargeting,0,
f_25082_,breakTime,0,
f_25083_,lastBreakProgress,0,
f_25084_,doorBreakTime,0,
f_25085_,validDifficulties,0,
f_25101_,mob,0,
f_25113_,animal,0,
f_25114_,level,0,
f_25115_,partner,0,
f_25116_,PARTNER_TARGETING,0,
f_25117_,partnerClass,0,
f_25118_,loveTime,0,
f_25119_,speedModifier,0,
f_25133_,cat,0,
f_25147_,cat,0,
f_25162_,STEPS_TO_CHECK,0,
f_25163_,dolphin,0,
f_25164_,interval,0,
f_25165_,breached,0,
f_25186_,passed,0,
f_25187_,doorOpenDirX,0,
f_25188_,doorOpenDirZ,0,
f_25189_,mob,0,
f_25190_,doorPos,0,
f_25191_,hasDoor,0,
f_25201_,IS_TALL_GRASS,0,
f_25202_,mob,0,
f_25203_,level,0,
f_25204_,eatAnimationTick,0,
f_25214_,mob,0,
f_25215_,wantedX,0,
f_25216_,wantedY,0,
f_25217_,wantedZ,0,
f_25218_,speedModifier,0,
f_25219_,level,0,
f_25228_,mob,0,
f_25233_,timeToRecalcPath,0,
f_25234_,mob,0,
f_25235_,following,0,
f_25236_,currentGoal,0,
f_252389_,TAG_INVENTORY,0,
f_252392_,YN,0,
f_252393_,ZN,0,
f_252396_,challenge,0,
f_252397_,challenge,0,
f_252399_,hasDraftReport,0,
f_252400_,JSON,0,
f_252401_,message,0,
f_252402_,isAngerInducing,0,
f_252403_,ZP,0,
f_252404_,returnedParts,0,
f_252406_,matrix,0,
f_252408_,encryptedChallenge,0,
f_252410_,MAP_CODEC,0,
f_252412_,MAP_CODEC,0,
f_252416_,createNarration,0,
f_252417_,MINIMAL_RADIUS,0,
f_252419_,BIT_SET,0,
f_252422_,providerId,0,
f_252423_,profileKeyPairPath,0,
f_252424_,version,0,
f_252425_,CODEC,0,
f_252428_,keyPair,0,
f_252429_,allProviderIds,0,
f_252430_,previousLink,0,
f_252431_,createNarration,0,
f_252432_,VECTOR3F,0,
f_252433_,serializedName,0,
f_252434_,writes,0,
f_252435_,toRun,0,
f_252436_,YP,0,
f_252437_,remainder,0,
f_252438_,DEFAULT_NARRATION,0,
f_252439_,CODEC,0,
f_252441_,NOT_FOUND,0,
f_252445_,caches,0,
f_252446_,chatSession,0,
f_252447_,height,0,
f_252448_,LOGGER,0,
f_252450_,PARTIALLY_FILTERED_CODEC,0,
f_252453_,GAME_PROFILE,0,
f_252454_,initialValue,0,
f_252455_,mod,0,
f_25245_,mob,0,
f_252460_,closed,0,
f_252462_,y,0,
f_252463_,CODEC,0,
f_252464_,providerPrefix,0,
f_252466_,data,0,
f_252467_,codec,0,
f_252468_,onPress,0,
f_252469_,id,0,
f_25246_,timeToRecalcPath,0,
f_252471_,MINIMUM_PROFILE_KEY_REFRESH_INTERVAL,0,
f_252474_,CODEC,0,
f_252477_,codec,0,
f_252478_,nextProfileKeyRefreshTime,0,
f_25247_,nextStartTick,0,
f_252480_,AUTHLIB_CODEC,0,
f_252482_,disconnectButton,0,
f_252483_,LOGGER,0,
f_252484_,PROFILE_KEY_PAIR_DIR,0,
f_252486_,sitPoseAnimationState,0,
f_252488_,PASS_THROUGH_CODEC,0,
f_252489_,serializedName,0,
f_252490_,serializedName,0,
f_252492_,writes,0,
f_252493_,FULLY_FILTERED_CODEC,0,
f_252494_,chatSession,0,
f_252495_,XN,0,
f_252498_,CODEC,0,
f_252500_,PROPERTY_MAP,0,
f_252501_,PROPERTY,0,
f_252502_,CAMEL_SIT_POSE,0,
f_252503_,output,0,
f_252504_,HEIGHT,0,
f_252505_,provider,0,
f_252509_,CODEC,0,
f_252510_,width,0,
f_252511_,serializer,0,
f_252512_,DEFAULT_WIDTH,0,
f_252513_,EOF_MARKER,0,
f_252514_,X_SUPPORT_SHAPE,0,
f_252516_,denominator,0,
f_252517_,chatSession,0,
f_252518_,Z_SUPPORT_SHAPE,0,
f_252519_,DEFAULT_RADIUS,0,
f_252520_,WATER_SENSITIVE_OR_ON_FIRE,0,
f_252525_,value,0,
f_252526_,userApiService,0,
f_252527_,this$0,0,
f_252528_,cache,0,
f_252529_,XP,0,
f_252530_,CODEC,0,
f_252531_,intersection,0,
f_252532_,EMPTY_KEY_MANAGER,0,
f_252533_,CODEC,0,
f_252537_,G,0,
f_252538_,x,0,
f_252539_,quotient,0,
f_25261_,mob,0,
f_25262_,followPredicate,0,
f_25263_,followingMob,0,
f_25264_,speedModifier,0,
f_25265_,navigation,0,
f_25266_,timeToRecalcPath,0,
f_25267_,stopDistance,0,
f_25268_,oldWaterCost,0,
f_25269_,areaSize,0,
f_25283_,tamable,0,
f_25284_,owner,0,
f_25285_,level,0,
f_25286_,speedModifier,0,
f_25287_,navigation,0,
f_25288_,timeToRecalcPath,0,
f_25289_,stopDistance,0,
f_25290_,startDistance,0,
f_25291_,oldWaterCost,0,
f_25292_,canFly,0,
f_25314_,animal,0,
f_25315_,parent,0,
f_25316_,speedModifier,0,
f_25317_,timeToRecalcPath,0,
f_25326_,flags,0,
f_25343_,NO_GOAL,0,
f_25344_,lockedFlags,0,
f_25345_,availableGoals,0,
f_25346_,profiler,0,
f_25347_,disabledFlags,0,
f_25429_,directEntity,0,
f_25430_,sourceEntity,0,
f_254620_,val$result,0,
f_254624_,SPAWN_DATA_TAG,0,
f_254626_,chunkGeneratorState,0,
f_254627_,errors,0,
f_254629_,RULE_BLOCK_EXPLOSION_DROP_DECAY,0,
f_254630_,RULE_GLOBAL_SOUND_EVENTS,0,
f_254631_,DEFAULT_MOB_JUMP_HEIGHT,0,
f_254632_,holder,0,
f_254635_,BUILDER,0,
f_254637_,RULE_SNOW_ACCUMULATION_HEIGHT,0,
f_254638_,ZOMBIE_TERMINATORS_KEY,0,
f_254639_,registries,0,
f_254641_,lifecycle,0,
f_254642_,lakes,0,
f_254644_,registeredValues,0,
f_254647_,levelSeed,0,
f_254648_,features,0,
f_254649_,registries,0,
f_254650_,feature,0,
f_254652_,CODEC_REFERENCE,0,
f_254654_,LOGGER,0,
f_254655_,DEFAULT_SHIFT,0,
f_254656_,SNOW_GOLEM_SPAWN_EGG,0,
f_254657_,this$0,0,
f_254659_,val$enabledFeatures,0,
f_254661_,LOGGER,0,
f_254662_,FENCE_GATES,0,
f_254664_,registries,0,
f_254665_,TERMINATORS_KEY,0,
f_254668_,lookupProvider,0,
f_254669_,WITHER_SPAWN_EGG,0,
f_254670_,TERMINATORS_KEY,0,
f_254672_,RULE_LAVA_SOURCE_CONVERSION,0,
f_254673_,this$0,0,
f_254674_,ringPositions,0,
f_254675_,owner,0,
f_254676_,this$0,0,
f_254677_,randomState,0,
f_254678_,carvers,0,
f_254679_,placedFeatures,0,
f_254680_,owner,0,
f_254681_,biomeSource,0,
f_254683_,value,0,
f_254685_,value,0,
f_254687_,keyExtractor,0,
f_254689_,bootstrap,0,
f_25468_,directEntity,0,
f_254690_,registries,0,
f_254692_,RULE_MOB_EXPLOSION_DROP_DECAY,0,
f_254693_,val$original,0,
f_254694_,this$0,0,
f_254695_,ENTITY_TAG,0,
f_254697_,owner,0,
f_254699_,val$original,0,
f_25469_,sourceEntity,0,
f_254702_,val$map,0,
f_254703_,ENDER_DRAGON_SPAWN_EGG,0,
f_254705_,RULE_TNT_EXPLOSION_DROP_DECAY,0,
f_254706_,LOGGER,0,
f_254707_,keyExtractor,0,
f_254708_,possibleStructureSets,0,
f_254709_,ZOMBIE_TERMINATORS_KEY,0,
f_254710_,hasGeneratedPositions,0,
f_254711_,owner,0,
f_254713_,canWalkOverFences,0,
f_254714_,TERMINATORS_KEY,0,
f_254715_,values,0,
f_254716_,registryKey,0,
f_254720_,TERMINATORS_KEY,0,
f_254724_,getter,0,
f_254725_,RULE_WATER_SOURCE_CONVERSION,0,
f_254728_,lifecycle,0,
f_254729_,placementsForStructure,0,
f_254730_,holders,0,
f_254731_,worldCarvers,0,
f_254732_,entries,0,
f_254734_,EMPTY,0,
f_254736_,val$access,0,
f_254737_,IRON_GOLEM_SPAWN_EGG,0,
f_254738_,key,0,
f_254741_,context,0,
f_254742_,owner,0,
f_254743_,output,0,
f_254745_,context,0,
f_254746_,concentricRingsSeed,0,
f_254747_,registries,0,
f_254748_,TERMINATORS_KEY,0,
f_254749_,lookup,0,
f_254750_,placedFeatures,0,
f_254751_,elementsLifecycle,0,
f_254752_,val$registries,0,
f_25479_,entity,0,
f_25480_,owner,0,
f_25481_,isSittingOnShoulder,0,
f_25488_,mob,0,
f_25489_,target,0,
f_25490_,yd,0,
f_25497_,llama,0,
f_25498_,speedModifier,0,
f_25499_,distCheckCounter,0,
f_25512_,mob,0,
f_25513_,lookAt,0,
f_25514_,lookDistance,0,
f_25515_,probability,0,
f_25516_,lookAtType,0,
f_25517_,lookAtContext,0,
f_25518_,lookTime,0,
f_25536_,villager,0,
f_25540_,mob,0,
f_25541_,speedModifier,0,
f_25542_,followingTargetEvenIfNotSeen,0,
f_25543_,path,0,
f_25544_,pathedTargetX,0,
f_25545_,pathedTargetY,0,
f_25546_,pathedTargetZ,0,
f_25547_,ticksUntilNextPathRecalculation,0,
f_25548_,ticksUntilNextAttack,0,
f_25549_,attackInterval,0,
f_25550_,lastCanUseCheck,0,
f_25573_,mob,0,
f_25574_,speedModifier,0,
f_25575_,path,0,
f_25576_,poiPos,0,
f_25577_,onlyAtNight,0,
f_25578_,visited,0,
f_25579_,distanceToPoi,0,
f_25580_,canDealWithDoors,0,
f_25598_,mob,0,
f_25599_,speedModifier,0,
f_25600_,nextStartTick,0,
f_25601_,tryTicks,0,
f_25602_,blockPos,0,
f_25603_,verticalSearchStart,0,
f_25604_,maxStayTicks,0,
f_25605_,reachedTarget,0,
f_25606_,searchRange,0,
f_25607_,verticalSearchRange,0,
f_25627_,mob,0,
f_25628_,wantedX,0,
f_25629_,wantedY,0,
f_25630_,wantedZ,0,
f_25631_,speedModifier,0,
f_25638_,mob,0,
f_25639_,target,0,
f_25640_,wantedX,0,
f_25641_,wantedY,0,
f_25642_,wantedZ,0,
f_25643_,speedModifier,0,
f_25644_,within,0,
f_25654_,mob,0,
f_25655_,target,0,
f_25656_,attackTime,0,
f_25663_,OFFER_TARGER_CONTEXT,0,
f_25664_,golem,0,
f_25665_,villager,0,
f_25666_,tick,0,
f_256717_,CHISELED_BOOKSHELF_PICKUP,0,
f_256718_,centerX,0,
f_256719_,LOOT_SCORE_PROVIDER_TYPE,0,
f_256720_,FEATURE_SIZE_TYPE,0,
f_256721_,BAMBOO_WOOD_HANGING_SIGN_STEP,0,
f_256722_,val$t3Trigger,0,
f_256723_,SCHEDULE,0,
f_256724_,FLAT_LEVEL_GENERATOR_PRESET,0,
f_256725_,COLORED_BLOCKS,0,
f_256726_,GAME_EVENT,0,
f_256727_,val$resolvedBuilder,0,
f_256728_,ATTRIBUTE,0,
f_256729_,WORLD_PRESET,0,
f_256730_,ADVANCED,0,
f_256731_,SPAWN_EGGS,0,
f_256732_,FROG_VARIANT,0,
f_256733_,SENSOR_TYPE,0,
f_256734_,COMPASS_FOIL_TEXTURE_SCALE,0,
f_256735_,VILLAGER_PROFESSION,0,
f_256736_,LOOT_NBT_PROVIDER_TYPE,0,
f_256737_,BIOME_SOURCE,0,
f_256738_,CHISELED_BOOKSHELF_BREAK,0,
f_256739_,CHISELED_BOOKSHELF_FALL,0,
f_256740_,STRIPPED_BAMBOO_BLOCK,0,
f_256742_,ROOT_PLACER_TYPE,0,
f_256744_,LOGGER,0,
f_256745_,val$t2Trigger,0,
f_256746_,DENSITY_FUNCTION_TYPE,0,
f_256747_,BLOCK,0,
f_256748_,NETHER_WOOD_HANGING_SIGN_BREAK,0,
f_256749_,VILLAGER_PROFESSION,0,
f_256750_,SEARCH,0,
f_256751_,LOADERS,0,
f_256752_,NORMAL,0,
f_256753_,LOOT_FUNCTION_TYPE,0,
f_256754_,CAT_VARIANT,0,
f_256755_,CHUNK_STATUS,0,
f_256756_,EMPTY_GENERATOR,0,
f_256757_,HEIGHT_PROVIDER_TYPE,0,
f_256758_,val$condition,0,
f_256759_,entryCondition,0,
f_25675_,closeDoor,0,
f_256760_,BLOCKSTATE_PROVIDER_TYPE,0,
f_256762_,ENCHANTMENT,0,
f_256763_,STRUCTURE_TYPE,0,
f_256764_,RECIPE_SERIALIZER,0,
f_256765_,BAMBOO_WOOD_HANGING_SIGN_FALL,0,
f_256766_,cachedTooltip,0,
f_256768_,ROOT_PLACER_TYPE,0,
f_256769_,RECIPE_SERIALIZER,0,
f_25676_,forgetTime,0,
f_256770_,FROG_VARIANT,0,
f_256771_,CUSTOM_STAT,0,
f_256774_,BLOCK_PREDICATE_TYPE,0,
f_256776_,NATURAL_BLOCKS,0,
f_256777_,value,0,
f_256778_,status,0,
f_256780_,ENTITY_TYPE,0,
f_256782_,CHISELED_BOOKSHELF_PLACE,0,
f_256783_,CHUNK_GENERATOR,0,
f_256784_,MEMORY_MODULE_TYPE,0,
f_256785_,ACTIVITY,0,
f_256786_,STRUCTURE_PIECE,0,
f_256787_,DIMENSION_TYPE,0,
f_256788_,BUILDING_BLOCKS,0,
f_256789_,centerZ,0,
f_256790_,trigger,0,
f_256791_,FUNCTIONAL_BLOCKS,0,
f_256792_,POSITION_SOURCE_TYPE,0,
f_256793_,MATERIAL_CONDITION,0,
f_256794_,SOUTH_OPEN_AABB,0,
f_256795_,DOWN_OPEN_AABB,0,
f_256796_,row,0,
f_256797_,COMBAT,0,
f_256798_,MENU,0,
f_256799_,SYSTEM_SINGLE_PLAYER,0,
f_256800_,WES_OPEN_AABB,0,
f_256801_,val$aTrigger,0,
f_256802_,SAFE_TRAVEL_MAX_VERTICAL_DELTA,0,
f_256803_,portEdit,0,
f_256804_,maxDuration,0,
f_256805_,POINT_OF_INTEREST_TYPE,0,
f_256807_,val$t1Trigger,0,
f_256808_,FLUID,0,
f_256809_,CUBE_COLUMN_UV_LOCKED_Y,0,
f_256810_,FEATURE,0,
f_256811_,textureScale,0,
f_256812_,CARVER,0,
f_256813_,BAMBOO_WOOD_HANGING_SIGN_PLACE,0,
f_256815_,MATERIAL_RULE,0,
f_256816_,tooltip,0,
f_256817_,key,0,
f_256818_,MENU,0,
f_256819_,type,0,
f_256820_,OPEN_AABB_SIZE,0,
f_256821_,NETHER_WOOD_HANGING_SIGN_PLACE,0,
f_256823_,val$func,0,
f_256824_,displayItemsGenerator,0,
f_256826_,BIOME_SOURCE,0,
f_256827_,GAME_EVENT,0,
f_256828_,hint,0,
f_256829_,LOOT_NUMBER_PROVIDER_TYPE,0,
f_256830_,OPEN_SHAPE_BY_DIRECTION,0,
f_256831_,BAMBOO_BLOCK,0,
f_256832_,SYSTEM_TEXT_SINGLE_PLAYER,0,
f_256833_,FEATURE,0,
f_256834_,operatorItemsTab,0,
f_256835_,BAMBOO_WOOD_HANGING_SIGN_HIT,0,
f_256836_,PAINTING_VARIANT,0,
f_256837_,OP_BLOCKS,0,
f_256839_,FOOD_AND_DRINKS,0,
f_256840_,SOUND_EVENT,0,
f_256841_,val$bTrigger,0,
f_256843_,PLACEMENT_MODIFIER_TYPE,0,
f_256845_,TREE_DECORATOR_TYPE,0,
f_256846_,STRUCTURE_POOL_ELEMENT,0,
f_256847_,type,0,
f_256848_,SWIM_XY_DISTANCE_TIERS,0,
f_256849_,STAT_TYPE,0,
f_25684_,mob,0,
f_256850_,message,0,
f_256851_,showTitle,0,
f_256852_,port,0,
f_256853_,UP_OPEN_AABB,0,
f_256854_,alignedRight,0,
f_256855_,tooltip,0,
f_256856_,displayName,0,
f_256857_,val$t1Trigger,0,
f_256858_,DIMENSION,0,
f_256859_,ERROR_INVALID,0,
f_25685_,speedModifier,0,
f_256861_,FOLIAGE_PLACER_TYPE,0,
f_256862_,LEVEL_STEM,0,
f_256863_,CHISELED_BOOKSHELF_INSERT_ENCHANTED,0,
f_256864_,val$a,0,
f_256865_,NOISE,0,
f_256866_,NETHER_WOOD_HANGING_SIGN_STEP,0,
f_256867_,NORTH_OPEN_AABB,0,
f_256868_,VALUES,0,
f_256869_,TOOLS_AND_UTILITIES,0,
f_25686_,posX,0,
f_256870_,HEIGHT_PROVIDER_TYPE,0,
f_256871_,LOOT_NBT_PROVIDER_TYPE,0,
f_256872_,displayOperatorCreativeTab,0,
f_256873_,CHAT_TYPE,0,
f_256874_,CHISELED_BOOKSHELF_STEP,0,
f_256875_,status,0,
f_256876_,ENCHANTMENT,0,
f_256879_,leftArm,0,
f_25687_,posY,0,
f_256880_,registry,0,
f_256881_,val$fTrigger,0,
f_256883_,memory,0,
f_256884_,NETHER_WOOD_HANGING_SIGN_FALL,0,
f_256885_,MATERIAL_CONDITION,0,
f_256886_,CUBE_COLUMN_UV_LOCKED_X,0,
f_256887_,CUSTOM_STAT,0,
f_256888_,STRUCTURE_PLACEMENT,0,
f_256889_,tooltipSupplier,0,
f_25688_,posZ,0,
f_256890_,PARTICLE_TYPE,0,
f_256891_,BLOCK_STATE_PROVIDER_TYPE,0,
f_256892_,FLOAT_PROVIDER_TYPE,0,
f_256893_,this$0,0,
f_256894_,SOUND_EVENT,0,
f_256896_,INSTRUMENT,0,
f_256897_,STRUCTURE_PROCESSOR,0,
f_256898_,MATERIAL_RULE,0,
f_256899_,STAT_TYPE,0,
f_25689_,isRunning,0,
f_256900_,minDuration,0,
f_256902_,brain,0,
f_256903_,val$debugString,0,
f_256904_,BAMBOO_BLOCKS,0,
f_256905_,FOLIAGE_PLACER_TYPE,0,
f_256906_,BLOCK_PREDICATE_TYPE,0,
f_256907_,val$t3Trigger,0,
f_256908_,NETHER_WOOD_HANGING_SIGN,0,
f_256909_,INVALID_PORT,0,
f_256910_,CUBE_COLUMN_UV_LOCKED_Z,0,
f_256911_,CONFIGURED_FEATURE,0,
f_256912_,iconGenerator,0,
f_256913_,ITEM,0,
f_256914_,CHUNK_GENERATOR,0,
f_256915_,status,0,
f_256917_,HOTBAR,0,
f_256918_,defaultKey,0,
f_256920_,TRUNK_PLACER_TYPE,0,
f_256922_,BLOCK_ENTITY_TYPE,0,
f_256923_,STRIPPED_BAMBOO_BLOCK,0,
f_256924_,LOOT_SCORE_PROVIDER_TYPE,0,
f_256925_,defaultValue,0,
f_256926_,FLOAT_PROVIDER_TYPE,0,
f_256928_,ticksUntilNextStart,0,
f_256929_,MOB_EFFECT,0,
f_256930_,memory,0,
f_256931_,row,0,
f_256932_,NOISE_SETTINGS,0,
f_256933_,BAMBOO_BLOCK,0,
f_256934_,VILLAGER_TYPE,0,
f_256935_,WRITABLE_REGISTRY,0,
f_256937_,SENSOR_TYPE,0,
f_256938_,STRUCTURE_TYPE,0,
f_256939_,ENTITY_TYPE,0,
f_256940_,CHUNK_STATUS,0,
f_256941_,POINT_OF_INTEREST_TYPE,0,
f_256942_,INT_PROVIDER_TYPE,0,
f_256943_,BAMBOO_WOOD_HANGING_SIGN_BREAK,0,
f_256944_,STRUCTURE,0,
f_256946_,val$fTrigger,0,
f_256947_,RULE_TEST,0,
f_256948_,TEMPLATE_POOL,0,
f_256949_,INT_PROVIDER_TYPE,0,
f_256950_,STRUCTURE_PLACEMENT,0,
f_256951_,ATTRIBUTE,0,
f_256952_,BIOME,0,
f_256953_,displayItemsGenerator,0,
f_256954_,RECIPE_TYPE,0,
f_256956_,CHISELED_BOOKSHELF,0,
f_256957_,POS_RULE_TEST,0,
f_256958_,FEATURE_SIZE_TYPE,0,
f_256959_,iconSkin,0,
f_256961_,CHISELED_BOOKSHELF_INSERT,0,
f_256962_,SCHEDULE,0,
f_256963_,TRUNK_PLACER_TYPE,0,
f_256964_,val$fTrigger,0,
f_256965_,searchTreeBuilder,0,
f_256966_,endTimestamp,0,
f_256967_,column,0,
f_256968_,INGREDIENTS,0,
f_256969_,BANNER_PATTERN,0,
f_256971_,lookup,0,
f_256972_,POSITION_SOURCE_TYPE,0,
f_256973_,POTION,0,
f_256974_,MOB_EFFECT,0,
f_256975_,BLOCK,0,
f_256976_,LOOT_CONDITION_TYPE,0,
f_256977_,column,0,
f_256978_,RULE_TEST,0,
f_256979_,COMMAND_ARGUMENT_TYPE,0,
f_256980_,POTION,0,
f_256981_,iconGenerator,0,
f_256982_,COMMAND_ARGUMENT_TYPE,0,
f_256983_,STRUCTURE_PROCESSOR,0,
f_256984_,val$tTrigger,0,
f_256985_,SAFE_TRAVEL_MAX_ENTITY_XY,0,
f_256986_,PLACEMENT_MODIFIER_TYPE,0,
f_256987_,TREE_DECORATOR_TYPE,0,
f_256988_,PLACED_FEATURE,0,
f_256989_,registryLifecycle,0,
f_256990_,RECIPE_TYPE,0,
f_256991_,LOOT_CONDITION_TYPE,0,
f_256992_,canScroll,0,
f_256993_,CHISELED_BOOKSHELF_HIT,0,
f_256994_,CRAFTABLE_DURATIONS,0,
f_256995_,BAMBOO_WOOD_HANGING_SIGN,0,
f_256996_,DEFAULT_DURATION,0,
f_256997_,requiredBlock,0,
f_256998_,STRUCTURE_SET,0,
f_256999_,body,0,
f_257000_,CHISELED_BOOKSHELF_PICKUP_ENCHANTED,0,
f_257001_,CARVER,0,
f_257002_,DENSITY_FUNCTION_TYPE,0,
f_257003_,CONFIGURED_CARVER,0,
f_257004_,narration,0,
f_257006_,CAT_VARIANT,0,
f_257007_,PORT_INFO_TEXT,0,
f_257008_,val$aTrigger,0,
f_257009_,POS_RULE_TEST,0,
f_257010_,INSTRUMENT,0,
f_257011_,PROCESSOR_LIST,0,
f_257013_,rightArm,0,
f_257014_,STRUCTURE_PIECE,0,
f_257015_,LOOT_FUNCTION_TYPE,0,
f_257016_,BAMBOO_BLOCKS,0,
f_257017_,root,0,
f_257018_,alignedRight,0,
f_257019_,VILLAGER_TYPE,0,
f_257020_,FLUID,0,
f_257021_,val$dependentTrigger,0,
f_257022_,INVALID_PORT_COLOR,0,
f_257023_,MEMORY_MODULE_TYPE,0,
f_257024_,STRUCTURE_POOL_ELEMENT,0,
f_257025_,ACTIVITY,0,
f_257026_,MAX_WIDTH,0,
f_257027_,memoryType,0,
f_257028_,REDSTONE_BLOCKS,0,
f_257029_,LOOT_NUMBER_PROVIDER_TYPE,0,
f_257030_,interval,0,
f_257031_,val$t4Trigger,0,
f_257032_,LOOT_POOL_ENTRY_TYPE,0,
f_257033_,ITEM,0,
f_257034_,PARTICLE_TYPE,0,
f_257035_,LOOT_POOL_ENTRY_TYPE,0,
f_257036_,backgroundSuffix,0,
f_257037_,EAST_OPEN_AABB,0,
f_257038_,memory,0,
f_257039_,INVENTORY,0,
f_257040_,DENSITY_FUNCTION,0,
f_257041_,DEFAULT_SKINS,0,
f_257042_,NETHER_WOOD_HANGING_SIGN_HIT,0,
f_257043_,creative,0,
f_257044_,val$fTrigger,0,
f_257045_,PORT_UNAVAILABLE,0,
f_257046_,location,0,
f_257047_,REGISTRY,0,
f_257048_,val$t2Trigger,0,
f_257049_,BLOCK_ENTITY_TYPE,0,
f_25704_,mob,0,
f_257050_,EXAMPLES,0,
f_257051_,PAINTING_VARIANT,0,
f_25715_,mob,0,
f_25716_,relX,0,
f_25717_,relZ,0,
f_25718_,lookTime,0,
f_25725_,mob,0,
f_25726_,wantedX,0,
f_25727_,wantedY,0,
f_25728_,wantedZ,0,
f_25729_,speedModifier,0,
f_25730_,interval,0,
f_25731_,forceTrigger,0,
f_25732_,checkNoActionTime,0,
f_25757_,mob,0,
f_25758_,rangedAttackMob,0,
f_25759_,target,0,
f_25760_,attackTime,0,
f_25761_,speedModifier,0,
f_25762_,seeTime,0,
f_25763_,attackIntervalMin,0,
f_25764_,attackIntervalMax,0,
f_25765_,attackRadius,0,
f_25766_,attackRadiusSqr,0,
f_25782_,mob,0,
f_25783_,speedModifier,0,
f_25784_,attackIntervalMin,0,
f_25785_,attackRadiusSqr,0,
f_25786_,attackTime,0,
f_25787_,seeTime,0,
f_25788_,strafingClockwise,0,
f_25789_,strafingBackwards,0,
f_25790_,strafingTime,0,
f_25804_,PATHFINDING_DELAY_RANGE,0,
f_25805_,mob,0,
f_25806_,crossbowState,0,
f_25807_,speedModifier,0,
f_25808_,attackRadiusSqr,0,
f_25809_,seeTime,0,
f_25810_,attackDelay,0,
f_25811_,updatePathDelay,0,
f_25836_,blockToRemove,0,
f_25837_,removerMob,0,
f_25838_,ticksSinceReachedGoal,0,
f_25859_,mob,0,
f_25884_,horse,0,
f_25885_,speedModifier,0,
f_25886_,posX,0,
f_25887_,posY,0,
f_25888_,posZ,0,
f_25896_,mob,0,
f_25903_,mob,0,
f_25904_,interval,0,
f_25905_,wantedPos,0,
f_25916_,creeper,0,
f_25917_,target,0,
f_25924_,mob,0,
f_25925_,player,0,
f_25926_,TEMP_TARGETING,0,
f_25927_,speedModifier,0,
f_25928_,px,0,
f_25929_,py,0,
f_25930_,pz,0,
f_25931_,pRotX,0,
f_25932_,pRotY,0,
f_25933_,calmDown,0,
f_25934_,isRunning,0,
f_25935_,items,0,
f_25936_,canScare,0,
f_25956_,mob,0,
f_25962_,mob,0,
f_25967_,mob,0,
f_25968_,item,0,
f_25969_,canUseSelector,0,
f_25970_,finishUsingSound,0,
f_25985_,probability,0,
f_25994_,goal,0,
f_25995_,priority,0,
f_25996_,isRunning,0,
f_26016_,zombie,0,
f_26017_,raiseArmTicks,0,
f_26025_,golem,0,
f_26026_,potentialTarget,0,
f_26027_,attackTargeting,0,
f_26032_,HURT_BY_TARGETING,0,
f_26033_,alertSameType,0,
f_26034_,timestamp,0,
f_26035_,toIgnoreDamage,0,
f_26036_,toIgnoreAlert,0,
f_260432_,PROPERTY_TITLE,0,
f_260434_,SMALL_LEAVES_AABB_OFFSET,0,
f_260436_,entries,0,
f_260437_,NEW_WORLD,0,
f_260438_,id,0,
f_260439_,CHISELED_BOOKSHELF_SLOT_5_OCCUPIED,0,
f_260440_,CHISELED_BOOKSHELF_SLOT_BOTTOM_LEFT,0,
f_260441_,OPERATING_SYSTEM,0,
f_260442_,sourcePath,0,
f_260444_,LOGGER,0,
f_260446_,GLOBAL_PROPERTIES,0,
f_260449_,codec,0,
f_260450_,eventSender,0,
f_260451_,PIGLIN_HEAD,0,
f_260452_,SECONDS_SINCE_LOAD,0,
f_260453_,OPT_IN,0,
f_260454_,SAMPLES_PER_EVENT,0,
f_260455_,COMPRESSED_EXTENSION,0,
f_260456_,resourceId,0,
f_260457_,SINGLE_FILE,0,
f_260458_,val$jsonReader,0,
f_260459_,val$codec,0,
f_260460_,type,0,
f_260461_,telemetryOptInExtra,0,
f_260464_,idPrefix,0,
f_260465_,directory,0,
f_260466_,val$reader,0,
f_260469_,id,0,
f_260470_,CODEC,0,
f_260471_,BOOLEAN_TO_STRING,0,
f_260472_,CHISELED_BOOKSHELF_SLOT_0_OCCUPIED,0,
f_260473_,isOptIn,0,
f_260474_,CONTROLS,0,
f_260475_,CLIENT_ID,0,
f_260477_,COMPRESS_BUFFER_SIZE,0,
f_260478_,GSON,0,
f_260479_,SMALL_SHAPE,0,
f_260480_,y,0,
f_260481_,$SwitchMap$net$minecraft$core$Direction,0,
f_260482_,LOGGER,0,
f_260483_,entries,0,
f_260484_,CODEC,0,
f_260486_,DESCRIPTION,0,
f_260487_,frameTimeSamples,0,
f_260488_,narration,0,
f_260489_,content,0,
f_26048_,targetType,0,
f_260490_,DIRECTORY,0,
f_260492_,properties,0,
f_260493_,LARGE_SHAPE,0,
f_260494_,LOGGER,0,
f_260496_,head,0,
f_260497_,AGE_THICK_BAMBOO,0,
f_260498_,BUTTON_GIVE_FEEDBACK,0,
f_260499_,SERVER_MODDED,0,
f_26049_,randomInterval,0,
f_260500_,CODEC,0,
f_260501_,DISABLED,0,
f_260503_,PIGLIN_SHAPE,0,
f_260504_,animationTickCount,0,
f_260505_,COLLISION_SHAPE,0,
f_260506_,$SwitchMap$net$minecraft$world$level$GameType,0,
f_260507_,narration,0,
f_260508_,SCREENSHOT_DIR,0,
f_26050_,target,0,
f_260510_,EXPIRY_DAYS,0,
f_260511_,WORLD_SESSION_ID,0,
f_260512_,extension,0,
f_260513_,STAGE_DONE_GROWING,0,
f_260514_,telemetryEventWidget,0,
f_260515_,CODEC,0,
f_260516_,exportKey,0,
f_260517_,rightEar,0,
f_260518_,xDivisor,0,
f_260519_,CHISELED_BOOKSHELF_SLOT_4_OCCUPIED,0,
f_26051_,targetConditions,0,
f_260520_,ticking,0,
f_260521_,options,0,
f_260522_,MAX_BOOKS_IN_STORAGE,0,
f_260523_,ALL_SIGNS,0,
f_260524_,DATE_FORMATTER,0,
f_260526_,sessionLog,0,
f_260527_,CODEC,0,
f_260529_,LANGUAGE,0,
f_260530_,MINECRAFT_SESSION_ID,0,
f_260531_,onValueChanged,0,
f_260532_,CODEC,0,
f_260533_,worldLoadTimesEvent,0,
f_260534_,CODEC,0,
f_260535_,key,0,
f_260536_,DEDICATED_MEMORY_KB,0,
f_260538_,CHISELED_BOOKSHELF_SLOT_2_OCCUPIED,0,
f_260539_,worldLoadedTime,0,
f_260540_,TYPE_CODEC,0,
f_260541_,CHAT,0,
f_260542_,leftEar,0,
f_260543_,filter,0,
f_260544_,isOptIn,0,
f_260545_,key,0,
f_260546_,UNSTITCHER,0,
f_260547_,x,0,
f_260548_,TYPES,0,
f_260549_,SAMPLE_INTERVAL_MS,0,
f_260551_,FILE_CODEC,0,
f_260552_,VIDEO,0,
f_260553_,CHISELED_BOOKSHELF_SLOT_1_OCCUPIED,0,
f_260554_,gameMode,0,
f_260557_,FRAME_RATE_SAMPLES,0,
f_260558_,TYPE_AND_TAG,0,
f_260559_,resource,0,
f_260560_,frameTimeNs,0,
f_260562_,CLIENT_MODDED,0,
f_260563_,properties,0,
f_260564_,WORLD_SESSION_PROPERTIES,0,
f_260565_,regions,0,
f_260566_,LOGGER,0,
f_260568_,sprite,0,
f_260569_,AGE_THIN_BAMBOO,0,
f_260570_,worldLoadEvent,0,
f_260571_,WORLD_LOAD_TIME_MS,0,
f_260572_,sampleCount,0,
f_260573_,WORLD_LOADED,0,
f_260574_,LOGGER,0,
f_260575_,ERROR_VOLUME_TOO_LARGE,0,
f_260576_,items,0,
f_260577_,CHISELED_BOOKSHELF_SLOT_TOP_MID,0,
f_260578_,performanceMetricsEvent,0,
f_260579_,pathPattern,0,
f_260580_,newWorld,0,
f_260581_,EXECUTOR,0,
f_260583_,lastGameTime,0,
f_260585_,PIGLIN_WALL_HEAD,0,
f_260586_,PLATFORM,0,
f_260587_,image,0,
f_260588_,exportKey,0,
f_260589_,namespacePattern,0,
f_260590_,CHISELED_BOOKSHELF_SLOT_3_OCCUPIED,0,
f_260592_,root,0,
f_260593_,worldUnloadEvent,0,
f_260594_,TELEMETRY,0,
f_260595_,CHISELED_BOOKSHELF_SLOT_MODEL_CACHE,0,
f_260596_,RAW_EXTENSION,0,
f_260597_,GAME_VERSION,0,
f_260598_,ORDER_ARBITRARY,0,
f_260599_,serverBrand,0,
f_260600_,WORLD_LOAD_TIMES,0,
f_260601_,SOUNDS,0,
f_260602_,index,0,
f_260603_,AGE,0,
f_260604_,xDivisor,0,
f_260606_,font,0,
f_260607_,COLUMNS,0,
f_260608_,TITLE,0,
f_260609_,CODEC,0,
f_260610_,height,0,
f_260611_,RESOURCEPACK,0,
f_260612_,worldLoadDuration,0,
f_260613_,CHISELED_BOOKSHELF_SLOT_BOTTOM_RIGHT,0,
f_260615_,userApiService,0,
f_260616_,logManager,0,
f_260617_,yDivisor,0,
f_260618_,width,0,
f_260619_,COLLISION_AABB_OFFSET,0,
f_260620_,PERFORMANCE_METRICS,0,
f_260621_,STAGE_GROWING,0,
f_260622_,CHISELED_BOOKSHELF_SLOT_BOTTOM_MID,0,
f_260624_,ACCESSIBILITY,0,
f_260625_,exporter,0,
f_260626_,modelSuffix,0,
f_260627_,FILTER,0,
f_260629_,id,0,
f_260630_,PIGLIN_HEAD,0,
f_260631_,CHISELED_BOOKSHELF_SLOT_TOP_RIGHT,0,
f_260632_,fpsSamples,0,
f_260633_,BOOKS_PER_ROW,0,
f_260634_,PARTICLES_ATLAS_INFO,0,
f_260635_,SERVER_TYPE,0,
f_260637_,TELEMETRY_REQUIRED_TRANSLATION_KEY,0,
f_260638_,TICKS_SINCE_LOAD,0,
f_260639_,totalTicks,0,
f_260641_,channel,0,
f_260642_,isAnimating,0,
f_260643_,LARGE_LEAVES_AABB_OFFSET,0,
f_260644_,pathPredicate,0,
f_260645_,USED_MEMORY_SAMPLES,0,
f_260646_,usedMemorySamples,0,
f_260648_,atlasInfoLocation,0,
f_260649_,NUMBER_OF_SAMPLES,0,
f_260650_,yDivisor,0,
f_260652_,AABBS,0,
f_260653_,referenceCount,0,
f_260654_,exportKey,0,
f_260655_,CODEC,0,
f_260656_,TELEMETRY_TOOLTIP,0,
f_260658_,TELEMETRY_OPTIONAL_TRANSLATION_KEY,0,
f_260659_,USER_ID,0,
f_260661_,deviceSessionProperties,0,
f_260662_,position,0,
f_260663_,ERROR_NOT_LOADED,0,
f_260664_,DEBUG_FORCE_TELEMETRY,0,
f_260666_,namespacePredicate,0,
f_260667_,MAX_HEIGHT,0,
f_260668_,PIGLIN_HEAD,0,
f_260669_,worldLoadDuration,0,
f_260670_,centered,0,
f_260671_,lastScreen,0,
f_260673_,onScrolledListener,0,
f_260674_,properties,0,
f_260675_,CODEC,0,
f_260676_,telemetryManager,0,
f_260677_,itemType,0,
f_260678_,HEADER_HORIZONTAL_PADDING,0,
f_260680_,THREAD_COUNT,0,
f_260681_,val$properties,0,
f_260682_,logDirectory,0,
f_260683_,RENDER_DISTANCE,0,
f_260684_,TIMESTAMP_FORMATTER,0,
f_260685_,worldSessionId,0,
f_260686_,REGISTRY,0,
f_260687_,id,0,
f_260688_,CHISELED_BOOKSHELF_SLOT_TOP_LEFT,0,
f_260690_,CODEC,0,
f_260691_,mailbox,0,
f_260692_,savedScroll,0,
f_260693_,path,0,
f_260694_,STAGE,0,
f_260695_,SKIN_CUSTOMIZATION,0,
f_260696_,difficultyDisplay,0,
f_260698_,SLOT_OCCUPIED_PROPERTIES,0,
f_260699_,lastSampleTime,0,
f_260700_,DEDICATED_MEMORY_KB,0,
f_260701_,width,0,
f_260703_,region,0,
f_260704_,GAME_MODE,0,
f_260706_,codec,0,
f_260707_,path,0,
f_260708_,codec,0,
f_260709_,log,0,
f_260710_,eventSent,0,
f_260711_,date,0,
f_260712_,LOGGER,0,
f_260713_,RENDER_TIME_SAMPLES,0,
f_260716_,LEAVES,0,
f_260717_,container,0,
f_260719_,STRING_CODEC,0,
f_260720_,id,0,
f_260721_,template,0,
f_260722_,newWorld,0,
f_260723_,atlasInfoLocation,0,
f_260724_,this$0,0,
f_260726_,EVENT_TIMESTAMP_UTC,0,
f_260727_,codec,0,
f_260728_,id,0,
f_260729_,WORLD_UNLOADED,0,
f_260730_,locationPredicate,0,
f_260731_,spriteId,0,
f_260732_,files,0,
f_26074_,canAttack,0,
f_26085_,cooldown,0,
f_26095_,tamableMob,0,
f_26103_,tameAnimal,0,
f_26104_,ownerLastHurtBy,0,
f_26105_,timestamp,0,
f_26110_,tameAnimal,0,
f_26111_,ownerLastHurt,0,
f_26112_,timestamp,0,
f_26117_,mob,0,
f_26118_,alertOthersOfSameType,0,
f_26119_,lastHurtByPlayerTimestamp,0,
f_26131_,mustReach,0,
f_26132_,reachCache,0,
f_26133_,reachCacheTime,0,
f_26134_,unseenTicks,0,
f_26135_,mob,0,
f_26136_,mustSee,0,
f_26137_,targetMob,0,
f_26138_,unseenMemoryTicks,0,
f_26156_,gossips,0,
f_26204_,entries,0,
f_262196_,RED_BLUE,0,
f_262197_,GLITTER_TEXTURE,0,
f_262198_,CODEC,0,
f_262199_,SUNSTREAK_TEXTURE,0,
f_262201_,$SwitchMap$net$minecraft$world$entity$animal$TropicalFish$Base,0,
f_262203_,id,0,
f_262204_,pattern,0,
f_262205_,id,0,
f_262206_,CODEC,0,
f_262207_,displayName,0,
f_262208_,BY_ID,0,
f_262209_,BY_ID,0,
f_262210_,SHARE_TO_LAN,0,
f_262211_,CODEC,0,
f_262212_,SAVING_LEVEL,0,
f_262214_,BLUE,0,
f_262216_,ADVANCEMENTS,0,
f_262217_,RETURN_TO_MENU,0,
f_262219_,packedId,0,
f_262220_,$SwitchMap$net$minecraft$world$entity$animal$TropicalFish$Base,0,
f_262223_,patternColor,0,
f_262225_,$SwitchMap$net$minecraft$world$entity$animal$horse$Llama$Variant,0,
f_262226_,REPORT_BUGS,0,
f_262227_,name,0,
f_262228_,name,0,
f_262229_,BUTTON_WIDTH_HALF,0,
f_262230_,CLAYFISH_TEXTURE,0,
f_262232_,$SwitchMap$net$minecraft$world$entity$animal$Parrot$Variant,0,
f_262234_,SNOOPER_TEXTURE,0,
f_262235_,variant,0,
f_262236_,MODEL_B_TEXTURE,0,
f_262237_,$SwitchMap$net$minecraft$world$entity$animal$TropicalFish$Pattern,0,
f_262238_,TAG_NOTE_BLOCK_SOUND,0,
f_262240_,id,0,
f_262241_,BROWN,0,
f_262242_,YELLOW_BLUE,0,
f_262245_,CODEC,0,
f_262248_,BUTTON_PADDING,0,
f_262249_,CREAMY,0,
f_262250_,noteBlockSound,0,
f_262253_,name,0,
f_262254_,PLAYER_REPORTING,0,
f_262255_,STATS,0,
f_262258_,MENU_PADDING_TOP,0,
f_262260_,SPOTTY_TEXTURE,0,
f_262261_,BETTY_TEXTURE,0,
f_262263_,GREEN,0,
f_262264_,CODEC,0,
f_262267_,KOB_TEXTURE,0,
f_262268_,BUTTON_WIDTH_FULL,0,
f_262269_,WHITE,0,
f_262270_,DASHER_TEXTURE,0,
f_262273_,STUCK_CHECK_INTERVAL,0,
f_262275_,CODEC,0,
f_262276_,RETURN_TO_GAME,0,
f_262277_,variant,0,
f_262278_,GREY,0,
f_262279_,name,0,
f_262282_,MODEL_A_TEXTURE,0,
f_262283_,$SwitchMap$net$minecraft$world$entity$animal$Rabbit$Variant,0,
f_262284_,BLOCKFISH_TEXTURE,0,
f_262286_,COLUMNS,0,
f_262287_,GAME,0,
f_262288_,CODEC,0,
f_262289_,invalidated,0,
f_26228_,target,0,
f_262290_,FLOPPER_TEXTURE,0,
f_262292_,STUCK_THRESHOLD_DISTANCE_FACTOR,0,
f_262294_,id,0,
f_262297_,STRIPEY_TEXTURE,0,
f_262298_,BRINELY_TEXTURE,0,
f_262299_,BY_ID,0,
f_26229_,type,0,
f_262301_,PORT_HIGHER_BOUND,0,
f_262302_,type,0,
f_262304_,CODEC,0,
f_262307_,CODEC,0,
f_262309_,baseColor,0,
f_26230_,value,0,
f_262312_,name,0,
f_262313_,PAUSED,0,
f_262314_,PORT_LOWER_BOUND,0,
f_262317_,lastInteractedSlot,0,
f_262318_,OPTIONS,0,
f_262319_,BY_ID,0,
f_262320_,GRAY,0,
f_262322_,SEND_FEEDBACK,0,
f_262323_,CODEC,0,
f_26242_,x,0,
f_26243_,y,0,
f_26244_,z,0,
f_26245_,horizontal,0,
f_26246_,absolute,0,
f_262722_,SMALL_MOB_INFLATED_START_NODE_BOUNDING_BOX,0,
f_262723_,DEFAULT_RANGE,0,
f_262724_,CODEC,0,
f_262725_,BORDER_COLOR_TOP,0,
f_262726_,CODEC,0,
f_262727_,CODEC,0,
f_262728_,BY_ID,0,
f_262729_,CODEC,0,
f_262730_,deferredTooltipRendering,0,
f_262731_,MOUSE_OFFSET,0,
f_262732_,BY_ID,0,
f_262734_,MAX_START_NODE_CANDIDATES,0,
f_262735_,BY_ID,0,
f_262736_,tooltip,0,
f_262737_,PADDING,0,
f_262739_,CODEC,0,
f_26273_,id,0,
f_262741_,PADDING_RIGHT,0,
f_262743_,BORDER_COLOR_BOTTOM,0,
f_262744_,BACKGROUND_COLOR,0,
f_262746_,CODEC,0,
f_262747_,BY_ID,0,
f_262749_,PADDING_TOP,0,
f_26274_,weight,0,
f_262750_,LOGGER,0,
f_262751_,LIST_CODEC,0,
f_262752_,INSTANCE,0,
f_262753_,PADDING_LEFT,0,
f_262755_,exitToTitleButton,0,
f_262756_,PADDING_BOTTOM,0,
f_262757_,CREEPER_IGNITERS,0,
f_262758_,positioner,0,
f_262759_,NOTE_VOLUME,0,
f_26275_,max,0,
f_262760_,LOGGER,0,
f_26276_,decayPerDay,0,
f_26277_,decayPerTransfer,0,
f_26296_,value,0,
f_26297_,timeToLive,0,
f_263120_,trackedDataValues,0,
f_263121_,NOTE_BLOCK_IMITATE_CREEPER,0,
f_263122_,head,0,
f_263123_,NOTE_BLOCK_IMITATE_PIGLIN,0,
f_263124_,DIRECT_CODEC,0,
f_263126_,NOTE_BLOCK_IMITATE_WITHER_SKELETON,0,
f_263127_,NOTE_BLOCK_IMITATE_SKELETON,0,
f_263128_,ERROR_INVALID_INDEX,0,
f_263129_,leaveBedButton,0,
f_263130_,CODEC,0,
f_263131_,NOT_TRACKING_TIME,0,
f_263132_,NOTE_BLOCK_IMITATE_ENDER_DRAGON,0,
f_263133_,ERROR_DATA_TOO_DEEP,0,
f_263135_,ERROR_EXPECTED_LIST,0,
f_263136_,NOTE_BLOCK_IMITATE_ZOMBIE,0,
f_26323_,NEAREST_HOSTILE,0,
f_26324_,HIDING_PLACE,0,
f_26325_,HEARD_BELL_TIME,0,
f_26326_,CANT_REACH_WALK_TARGET_SINCE,0,
f_26327_,GOLEM_DETECTED_RECENTLY,0,
f_26328_,LAST_SLEPT,0,
f_26329_,LAST_WOKEN,0,
f_26330_,LAST_WORKED_AT_POI,0,
f_26331_,NEAREST_VISIBLE_ADULT,0,
f_26332_,NEAREST_VISIBLE_WANTED_ITEM,0,
f_26333_,NEAREST_VISIBLE_NEMESIS,0,
f_26334_,ANGRY_AT,0,
f_26335_,UNIVERSAL_ANGER,0,
f_26336_,ADMIRING_ITEM,0,
f_26337_,TIME_TRYING_TO_REACH_ADMIRE_ITEM,0,
f_26338_,DISABLE_WALK_TO_ADMIRE_ITEM,0,
f_26339_,ADMIRING_DISABLED,0,
f_26340_,HUNTED_RECENTLY,0,
f_26341_,CELEBRATE_LOCATION,0,
f_26342_,DANCING,0,
f_263430_,SELF_SIZE_IN_BYTES,0,
f_263431_,SELF_SIZE_IN_BYTES,0,
f_263432_,SELF_SIZE_IN_BYTES,0,
f_263433_,screen,0,
f_263434_,SELF_SIZE_IN_BYTES,0,
f_263435_,SELF_SIZE_IN_BYTES,0,
f_263436_,SELF_SIZE_IN_BYTES,0,
f_263437_,SELF_SIZE_IN_BYTES,0,
f_263438_,SELF_SIZE_IN_BYTES,0,
f_263439_,SELF_SIZE_IN_BYTES,0,
f_26343_,NEAREST_VISIBLE_HUNTABLE_HOGLIN,0,
f_263440_,SELF_SIZE_IN_BYTES,0,
f_263441_,TOTAL_CONVERSION_TIME,0,
f_263442_,SELF_SIZE_IN_BYTES,0,
f_263443_,MAP_ENTRY_SIZE_IN_BYTES,0,
f_263444_,SELF_SIZE_IN_BYTES,0,
f_263445_,SELF_SIZE_IN_BYTES,0,
f_26344_,NEAREST_VISIBLE_BABY_HOGLIN,0,
f_26345_,NEAREST_TARGETABLE_PLAYER_NOT_WEARING_GOLD,0,
f_26346_,NEARBY_ADULT_PIGLINS,0,
f_26347_,NEAREST_VISIBLE_ADULT_PIGLINS,0,
f_26348_,NEAREST_VISIBLE_ADULT_HOGLINS,0,
f_26349_,DUMMY,0,
f_26350_,NEAREST_VISIBLE_ADULT_PIGLIN,0,
f_26351_,NEAREST_VISIBLE_ZOMBIFIED,0,
f_26352_,VISIBLE_ADULT_PIGLIN_COUNT,0,
f_26353_,VISIBLE_ADULT_HOGLIN_COUNT,0,
f_26354_,NEAREST_PLAYER_HOLDING_WANTED_ITEM,0,
f_263551_,KEEP_ATTRIBUTES,0,
f_263552_,KEEP_ENTITY_DATA,0,
f_263553_,dataToKeep,0,
f_263554_,KEEP_ALL_DATA,0,
f_26355_,ATE_RECENTLY,0,
f_26356_,NEAREST_REPELLENT,0,
f_26357_,PACIFIED,0,
f_26358_,codec,0,
f_26359_,HOME,0,
f_26360_,JOB_SITE,0,
f_26361_,POTENTIAL_JOB_SITE,0,
f_26362_,MEETING_POINT,0,
f_26363_,SECONDARY_JOB_SITE,0,
f_263648_,ERROR_TICK_COUNT_TOO_LOW,0,
f_263649_,bit,0,
f_263650_,orientation,0,
f_263651_,paddingBottom,0,
f_263652_,row,0,
f_263653_,HANDLE_HALF_WIDTH,0,
f_263655_,minimum,0,
f_263656_,paddingLeft,0,
f_263660_,cellInhabitants,0,
f_263661_,index,0,
f_263665_,showEasterEgg,0,
f_263666_,height,0,
f_263667_,BAR_WIDTH,0,
f_263668_,x,0,
f_26366_,VISIBLE_VILLAGER_BABIES,0,
f_263670_,children,0,
f_263674_,width,0,
f_263676_,DEFAULT_HEIGHT_OFFSET,0,
f_263677_,timer,0,
f_263678_,layoutSettings,0,
f_263679_,width,0,
f_26367_,NEAREST_PLAYERS,0,
f_263681_,RAIN_DURATION,0,
f_263682_,ERROR_ALREADY_RIDING,0,
f_263684_,THUNDER_DELAY,0,
f_263685_,HANDLE_WIDTH,0,
f_263687_,SEGMENTED_ANGLE16,0,
f_263688_,BUNDLE_SIZE_LIMIT,0,
f_263689_,TOP_ROW_BUTTON_WIDTH,0,
f_26368_,NEAREST_VISIBLE_PLAYER,0,
f_263692_,defaultCellSettings,0,
f_263693_,BAR_BOTTOM,0,
f_263694_,y,0,
f_263695_,degreeToAngle,0,
f_263697_,code,0,
f_263698_,min,0,
f_263699_,lastInputType,0,
f_263700_,packets,0,
f_263701_,SPACE,0,
f_263704_,RAIN_DELAY,0,
f_263706_,logoRenderer,0,
f_263708_,keepLogoThroughFade,0,
f_263709_,$SwitchMap$net$minecraft$client$gui$navigation$ScreenAxis,0,
f_26370_,WALK_TARGET,0,
f_263712_,MINECRAFT_LOGO,0,
f_263713_,$SwitchMap$net$minecraft$client$gui$navigation$ScreenDirection,0,
f_263715_,component,0,
f_263717_,$SwitchMap$net$minecraft$client$gui$navigation$ScreenDirection,0,
f_263718_,notificationDisplayTime,0,
f_263719_,x,0,
f_26371_,LOOK_TARGET,0,
f_263720_,EMPTY,0,
f_263721_,ERROR_MOUNT_FAILED,0,
f_263722_,columns,0,
f_263723_,NON_EMPTY_STRING,0,
f_263724_,TYPE,0,
f_263725_,MAX_HEAD_Y_ROT,0,
f_263726_,y,0,
f_263727_,LOWER_ROW_BUTTON_WIDTH,0,
f_263728_,child,0,
f_263729_,hasNarrated,0,
f_26372_,ATTACK_TARGET,0,
f_263735_,dimension,0,
f_263736_,GUI_CONTINUE,0,
f_263738_,paddingTop,0,
f_263739_,defaultChildLayoutSettings,0,
f_26373_,ATTACK_COOLING_DOWN,0,
f_263740_,progress,0,
f_263741_,this$0,0,
f_263742_,CODEC,0,
f_263743_,BAR_TOP,0,
f_263744_,onboardAccessibility,0,
f_263745_,RED,0,
f_263746_,PINGING_STATUS,0,
f_263748_,SPAWNS_SNOW_FOXES,0,
f_263749_,BAR_TOP,0,
f_26374_,INTERACTION_TARGET,0,
f_263750_,hurtDir,0,
f_263752_,ALL,0,
f_263754_,this$0,0,
f_263755_,THUNDER_DURATION,0,
f_263756_,TITLE_PADDING,0,
f_263758_,xAlignment,0,
f_263759_,textWidget,0,
f_26375_,BREED_TARGET,0,
f_263760_,RULE_COMMAND_MODIFICATION_BLOCK_LIMIT,0,
f_263761_,logoRenderer,0,
f_263762_,CODEC,0,
f_263764_,DISPLAY_TIME,0,
f_263766_,playerSavePath,0,
f_263767_,ERROR_EXPECTED_VALUE,0,
f_263769_,LANGUAGE_CODE_CODEC,0,
f_26376_,RIDE_TARGET,0,
f_263770_,width,0,
f_263771_,BAR_BORDER,0,
f_263772_,canChangeValue,0,
f_263773_,occupiedColumns,0,
f_263774_,ROTATION,0,
f_263775_,LOGO_HEIGHT,0,
f_263777_,BAR_BOTTOM,0,
f_263778_,ERROR_MOUNTING_PLAYER,0,
f_263779_,PADDING,0,
f_26377_,PATH,0,
f_263780_,ERROR_NOT_RIDING,0,
f_263781_,logoRenderer,0,
f_263782_,forward,0,
f_263785_,ONLINE_STATUS,0,
f_263786_,occupiedRows,0,
f_263788_,children,0,
f_263789_,BAR_BORDER,0,
f_26378_,INTERACTABLE_DOORS,0,
f_263790_,mask,0,
f_263791_,NOTE_BLOCK_TOP_INSTRUMENTS,0,
f_263792_,fallback,0,
f_263793_,VISIBILITY_DEPTH,0,
f_263794_,SPAWNS_WHITE_RABBITS,0,
f_263796_,SPAWNS_GOLD_RABBITS,0,
f_263797_,BUTTON_ROW_WIDTH,0,
f_26379_,DOORS_TO_CLOSE,0,
f_263800_,height,0,
f_263801_,precision,0,
f_263802_,component,0,
f_263804_,$SwitchMap$net$minecraft$client$gui$navigation$ScreenAxis,0,
f_263805_,FOOTER_HEIGHT,0,
f_263806_,MINECRAFT_EDITION,0,
f_263808_,childPath,0,
f_263809_,yAlignment,0,
f_26380_,NEAREST_BED,0,
f_263810_,minHeight,0,
f_263812_,direction,0,
f_263814_,hasPrecipitation,0,
f_263815_,ACCESSIBILITY_TOOLTIP_NOTIFICATION_DISPLAY_TIME,0,
f_263816_,options,0,
f_263818_,height,0,
f_263819_,hasPrecipitation,0,
f_26381_,HURT_BY,0,
f_263821_,rootsToUpdate,0,
f_263822_,paddingRight,0,
f_263823_,angleToDegree,0,
f_263824_,position,0,
f_263825_,id,0,
f_263826_,yaw,0,
f_263827_,BAR_WIDTH,0,
f_263828_,SNOW_GOLEM_MELTS,0,
f_263829_,x,0,
f_26382_,HURT_BY_ENTITY,0,
f_263832_,ERROR_MOUNTING_LOOP,0,
f_263833_,INCOMPATIBLE_STATUS,0,
f_263834_,minWidth,0,
f_263835_,LOGO_WIDTH,0,
f_263836_,NO_CONNECTION_STATUS,0,
f_263837_,column,0,
f_263839_,INCREASED_FIRE_BURNOUT,0,
f_26383_,AVOID_TARGET,0,
f_263840_,players,0,
f_263843_,$SwitchMap$net$minecraft$client$gui$navigation$ScreenDirection,0,
f_263844_,y,0,
f_263845_,ONBOARDING_NARRATOR_MESSAGE,0,
f_263846_,position,0,
f_263847_,currentBundler,0,
f_263848_,coordinateValueComparator,0,
f_26405_,target,0,
f_26406_,speedModifier,0,
f_26407_,closeEnoughDist,0,
f_26446_,avoidSun,0,
f_26494_,mob,0,
f_26495_,level,0,
f_26496_,path,0,
f_26497_,speedModifier,0,
f_26498_,tick,0,
f_26499_,lastStuckCheck,0,
f_26500_,lastStuckCheckPos,0,
f_26501_,timeoutCachedNode,0,
f_26502_,timeoutTimer,0,
f_26503_,lastTimeoutCheck,0,
f_26504_,timeoutLimit,0,
f_26505_,maxDistanceToWaypoint,0,
f_26506_,hasDelayedRecomputation,0,
f_26507_,timeLastRecompute,0,
f_26508_,nodeEvaluator,0,
f_26509_,targetPos,0,
f_26510_,reachRange,0,
f_26511_,maxVisitedNodesMultiplier,0,
f_26512_,pathFinder,0,
f_26513_,isStuck,0,
f_26578_,pathToPosition,0,
f_265843_,TRIM_MATERIALS,0,
f_265845_,MATERIAL_AND_SLOT_TO_ITEM,0,
f_265846_,ARMOR_TRIM_BASE_SLOT_DESCRIPTION,0,
f_265847_,templateItem,0,
f_265848_,minecraft,0,
f_265849_,itemModelIndex,0,
f_265850_,description,0,
f_265851_,RESULT_SLOT_X_PLACEMENT,0,
f_265852_,ARMOR_STAND_Y_ROT,0,
f_265853_,LOGGER,0,
f_265854_,assetName,0,
f_265856_,NETHERITE_UPGRADE_INGREDIENTS,0,
f_265858_,RIB_ARMOR_TRIM_SMITHING_TEMPLATE,0,
f_265859_,EMPTY_SLOT_LEGGINGS,0,
f_265861_,EMPTY_SLOT_SMITHING_TEMPLATE_ARMOR_TRIM,0,
f_265862_,allowed,0,
f_265863_,NETHERITE_UPGRADE_BASE_SLOT_DESCRIPTION,0,
f_265864_,INGREDIENTS_TITLE,0,
f_265866_,SENTRY,0,
f_265867_,ARMOR_STAND_ANGLE,0,
f_265868_,iconIndex,0,
f_265869_,requiredFeatures,0,
f_265870_,REDSTONE,0,
f_265871_,slotIndex,0,
f_265872_,AMETHYST,0,
f_265873_,EMPTY_SLOT_DIAMOND,0,
f_265874_,id,0,
f_265875_,baseSlotEmptyIcons,0,
f_265878_,ADDITIONAL_SLOT_X_PLACEMENT,0,
f_265879_,EMPTY_SLOT_LAPIS_LAZULI,0,
f_265881_,target,0,
f_265883_,EMPTY_SLOT_SMITHING_TEMPLATES,0,
f_265884_,paletteKey,0,
f_265886_,TITLE_LABEL_X,0,
f_265887_,WILD_ARMOR_TRIM_SMITHING_TEMPLATE,0,
f_265888_,base,0,
f_265889_,resource,0,
f_265890_,name,0,
f_265891_,this$0,0,
f_265892_,permutationLocation,0,
f_265893_,base,0,
f_265894_,EMPTY_SLOT_QUARTZ,0,
f_265895_,APPLIES_TO_TITLE,0,
f_265896_,NETHERITE,0,
f_265897_,mayPlace,0,
f_265898_,INPUT_SLOT_X_PLACEMENT,0,
f_265899_,ADDITIONAL_SLOT_X_PLACEMENT,0,
f_265901_,COAST,0,
f_265904_,ERROR_ICON_Y,0,
f_265905_,QUARTZ,0,
f_265906_,TITLE_FORMAT,0,
f_265907_,addition,0,
f_265912_,ARMOR_TRIMS_SHEET,0,
f_265913_,TEMPLATE_SLOT_X_PLACEMENT,0,
f_265914_,COAST_ARMOR_TRIM_SMITHING_TEMPLATE,0,
f_265916_,type,0,
f_265917_,EMPTY_SLOT_BOOTS,0,
f_265918_,NETHERITE_UPGRADE_SMITHING_TEMPLATE,0,
f_265919_,registryAccess,0,
f_265920_,additionalIcon,0,
f_265921_,resultSlot,0,
f_265922_,TRIM_TYPE_PREDICATE_ID,0,
f_265923_,DESCRIPTION_FORMAT,0,
f_265925_,ARMOR_STAND_OFFSET_Y,0,
f_265926_,y,0,
f_265927_,narratorAvailable,0,
f_265928_,ADDITIONAL_SLOT,0,
f_265929_,LAYER1,0,
f_26592_,allowBreaching,0,
f_265930_,slots,0,
f_265932_,EMPTY_SLOT_SHOVEL,0,
f_265933_,itemModelIndex,0,
f_265934_,TOOLTIP_WIDTH,0,
f_265937_,GOLD,0,
f_265938_,ERROR_ICON_HEIGHT,0,
f_265939_,upgradeDescription,0,
f_265940_,TRIM_TEMPLATES,0,
f_265941_,DUNE,0,
f_265942_,TRIMMABLE_ARMOR,0,
f_265943_,pattern,0,
f_265945_,templateIcon,0,
f_265946_,TIDE_ARMOR_TRIM_SMITHING_TEMPLATE,0,
f_265947_,innerTexture,0,
f_265948_,ARMOR_TRIM_APPLIES_TO,0,
f_265949_,template,0,
f_265950_,EMPTY_SLOT_HOE,0,
f_265952_,GENERATED_TRIM_MODELS,0,
f_265954_,ICON_TRANSITION_TICK_DURATION,0,
f_265955_,EMPTY_SLOT_PICKAXE,0,
f_265956_,textures,0,
f_265958_,template,0,
f_265959_,addition,0,
f_265960_,ARMOR_TRIM_INGREDIENTS,0,
f_265964_,VEX_ARMOR_TRIM_SMITHING_TEMPLATE,0,
f_265965_,EYE_ARMOR_TRIM_SMITHING_TEMPLATE,0,
f_265968_,SMITHING_TRIM,0,
f_265969_,COPPER,0,
f_265970_,ingredient,0,
f_265973_,baseIcon,0,
f_265974_,SNOUT_ARMOR_TRIM_SMITHING_TEMPLATE,0,
f_265975_,outerTexture,0,
f_265976_,SPIRE,0,
f_265977_,CODEC,0,
f_265978_,INVENTORY_SLOTS_PER_ROW,0,
f_265980_,slot,0,
f_265981_,LAPIS,0,
f_265982_,NETHERITE_UPGRADE,0,
f_265985_,CODEC,0,
f_265986_,ADDITIONAL_SLOT,0,
f_265987_,ARMOR_MODIFIER_UUID_PER_TYPE,0,
f_265990_,EMPTY_SLOT_AXE,0,
f_265991_,ICON_SIZE,0,
f_265992_,RESULT_SLOT_X_PLACEMENT,0,
f_265993_,EMPTY_SLOT_SMITHING_TEMPLATE_NETHERITE_UPGRADE,0,
f_265994_,INPUT_SLOT,0,
f_265995_,baseSlotDescription,0,
f_265996_,SENTRY_ARMOR_TRIM_SMITHING_TEMPLATE,0,
f_265997_,NO_OVERRIDE,0,
f_265999_,ICON_CHANGE_TICK_RATE,0,
f_266000_,IRON,0,
f_266001_,TRIM_PATTERN_ORDER,0,
f_266003_,permutations,0,
f_266004_,baseImage,0,
f_266005_,result,0,
f_266007_,ERROR_ICON_WIDTH,0,
f_266009_,required,0,
f_266012_,TEXTURE_ID_CONVERTER,0,
f_266013_,SLOT_Y_PLACEMENT,0,
f_266014_,ERROR_TOOLTIP,0,
f_266015_,TEMPLATE_SLOT,0,
f_266017_,ARMOR_STAND_SCALE,0,
f_266018_,category,0,
f_266021_,description,0,
f_266023_,ARMOR_TRIM_ADDITIONS_SLOT_DESCRIPTION,0,
f_266024_,RESULT_SLOT,0,
f_266026_,EMPTY_SLOT_INGOT,0,
f_266027_,DIAMOND,0,
f_266028_,CODEC,0,
f_266029_,WARD_ARMOR_TRIM_SMITHING_TEMPLATE,0,
f_266030_,template,0,
f_266031_,armorStandPreview,0,
f_266033_,slots,0,
f_266035_,BASE_SLOT,0,
f_266037_,ingredients,0,
f_266039_,VEX,0,
f_266040_,base,0,
f_266041_,BASE_SLOT_X_PLACEMENT,0,
f_266042_,base,0,
f_266043_,MISSING_TEMPLATE_TOOLTIP,0,
f_266045_,material,0,
f_266046_,addition,0,
f_266048_,resultSlotIndex,0,
f_266050_,DIRECT_CODEC,0,
f_266051_,template,0,
f_266052_,assetId,0,
f_266053_,addition,0,
f_266054_,NETHERITE_UPGRADE_APPLIES_TO,0,
f_266056_,CODEC,0,
f_266057_,VANILLA_TRIM_MATERIALS,0,
f_266059_,palette,0,
f_266060_,UPGRADE_TITLE,0,
f_266062_,category,0,
f_266063_,TRIM_PATTERN,0,
f_266065_,x,0,
f_266066_,EMPTY_SLOT_CHESTPLATE,0,
f_266067_,ARMOR_STAND_X_ROT,0,
f_266068_,additionalSlotEmptyIcons,0,
f_266069_,TIDE,0,
f_266070_,image,0,
f_266071_,EMERALD,0,
f_266072_,NETHERITE_UPGRADE_ADDITIONS_SLOT_DESCRIPTION,0,
f_266073_,armorTrimAtlas,0,
f_266074_,WARD,0,
f_266075_,additionsSlotDescription,0,
f_266076_,TRIM_MATERIAL,0,
f_266077_,EMPTY,0,
f_266078_,DUNE_ARMOR_TRIM_SMITHING_TEMPLATE,0,
f_266080_,TITLE_LABEL_Y,0,
f_266081_,ARMOR_STAND_OFFSET_X,0,
f_266082_,EMPTY_SLOT_REDSTONE_DUST,0,
f_266083_,SNOUT,0,
f_266084_,INVENTORY_SLOTS_PER_COLUMN,0,
f_266085_,EMPTY_SLOT_EMERALD,0,
f_266086_,slotIndex,0,
f_266087_,WILD,0,
f_266089_,RIB,0,
f_266091_,EYE,0,
f_266092_,ARMOR_TRIMS_SHEET_TYPE,0,
f_266093_,SMITHING_TRANSFORM,0,
f_266095_,DIRECT_CODEC,0,
f_266096_,EMPTY_SLOT_SWORD,0,
f_266097_,appliesTo,0,
f_266098_,result,0,
f_266099_,PALETTED_PERMUTATIONS,0,
f_266100_,TRIM_MATERIAL_ORDER,0,
f_266101_,tick,0,
f_266102_,RESULT_SLOT,0,
f_266104_,ERROR_ICON_X,0,
f_266105_,val$slot,0,
f_266106_,icons,0,
f_266107_,VANILLA_TRIM_PATTERNS,0,
f_266109_,referenceCount,0,
f_266110_,inputSlotIndexes,0,
f_266111_,SLOT_Y_PLACEMENT,0,
f_266113_,EMPTY_SLOT_HELMET,0,
f_266114_,SPIRE_ARMOR_TRIM_SMITHING_TEMPLATE,0,
f_266115_,resultSlot,0,
f_266116_,name,0,
f_26676_,batchCache,0,
f_26677_,triedCount,0,
f_26678_,lastUpdate,0,
f_267358_,position,0,
f_267359_,name,0,
f_267360_,isActiveCondition,0,
f_267362_,walkAnimation,0,
f_267363_,this$0,0,
f_267365_,customizeTypeButton,0,
f_267367_,layout,0,
f_267368_,nameEdit,0,
f_267369_,altPresetList,0,
f_267370_,alignX,0,
f_267371_,speed,0,
f_267373_,WALK_ANIMATION_SCALE_FACTOR,0,
f_267377_,info,0,
f_267379_,TITLE,0,
f_267380_,tabs,0,
f_267381_,AMPLIFIED_HELP_TEXT,0,
f_267382_,seed,0,
f_267383_,MARGIN,0,
f_267384_,GENERATE_STRUCTURES_INFO,0,
f_267385_,LAYER2,0,
f_267386_,generateStructures,0,
f_267388_,INFINITE_DURATION,0,
f_267389_,uiState,0,
f_267390_,MOUSE_OFFSET_X,0,
f_267393_,switchBuilders,0,
f_267394_,GAME_RULES_LABEL,0,
f_267395_,gameMode,0,
f_267396_,displayName,0,
f_267398_,preset,0,
f_267400_,currentTab,0,
f_267401_,tabManager,0,
f_267403_,stateSupplier,0,
f_267404_,MAX_OVERLAP_WITH_WIDGET,0,
f_267405_,TITLE,0,
f_267406_,speedOld,0,
f_267407_,gameRules,0,
f_267409_,ACCESSIBILITY_TOOLTIP_GLINT_SPEED,0,
f_267410_,title,0,
f_267412_,seedEdit,0,
f_267413_,GENERATE_STRUCTURES,0,
f_267414_,MAX_DISTANCE_TO_WIDGET,0,
f_267416_,stateSupplier,0,
f_267418_,CUSTOM_WORLD_DESCRIPTION,0,
f_267419_,DEFAULT_SWITCH_BUTTON_WIDTH,0,
f_267420_,HORIZONTAL_BUTTON_SPACING,0,
f_267422_,GLINT_ALPHA,0,
f_267423_,button,0,
f_267424_,tabManager,0,
f_267425_,difficulty,0,
f_267426_,settings,0,
f_267428_,paddingLeft,0,
f_267429_,width,0,
f_267431_,addWidget,0,
f_267432_,rowSpacing,0,
f_267437_,WORLD_TAB_WIDTH,0,
f_267438_,this$0,0,
f_267439_,normalPresetList,0,
f_267441_,ITEM_TYPES,0,
f_267442_,info,0,
f_267443_,tabOrderGroup,0,
f_267444_,overrideArmorMaterials,0,
f_267446_,BUTTON_SIZE,0,
f_267447_,MAX_SWIM_ANIMATION_SPEED,0,
f_267448_,this$0,0,
f_267449_,TITLE,0,
f_267450_,ACCESSIBILITY_TOOLTIP_GLINT_STRENGTH,0,
f_267452_,removeWidget,0,
f_267454_,initialized,0,
f_267455_,bonusChest,0,
f_267458_,glintSpeed,0,
f_267459_,SEED_EMPTY_HINT,0,
f_267460_,VERTICAL_BUTTON_SPACING,0,
f_267461_,DATA_PACKS_LABEL,0,
f_267462_,glintStrength,0,
f_267463_,GROUP_BOTTOM,0,
f_267464_,WALK_ANIMATION_SCALE_FACTOR,0,
f_267465_,width,0,
f_267466_,onClicked,0,
f_267467_,width,0,
f_267468_,tabManager,0,
f_267471_,SEED_LABEL,0,
f_267474_,BONUS_CHEST,0,
f_267476_,this$1,0,
f_267477_,val$this$0,0,
f_267478_,tabArea,0,
f_267480_,buttonWidth,0,
f_267481_,overrideArmorMaterials,0,
f_267482_,switches,0,
f_267483_,isActiveCondition,0,
f_267484_,label,0,
f_267485_,gameType,0,
f_267486_,TAB_COLUMN_WIDTH,0,
f_267487_,THREE_LAYERED_ITEM,0,
f_267488_,columnSpacing,0,
f_267490_,tabNavigationBar,0,
f_267491_,worldType,0,
f_267492_,MAX_ENCHANTMENT_GLINT_SPEED_MILLIS,0,
f_267493_,TWO_LAYERED_ITEM,0,
f_267495_,tabButtons,0,
f_267496_,tabs,0,
f_267497_,listeners,0,
f_26774_,effects,0,
f_26784_,mob,0,
f_26785_,seen,0,
f_26786_,unseen,0,
f_26792_,RANDOM,0,
f_26793_,TARGET_CONDITIONS,0,
f_26794_,TARGET_CONDITIONS_IGNORE_INVISIBILITY_TESTING,0,
f_26795_,scanRate,0,
f_26796_,timeToTick,0,
f_26809_,DUMMY,0,
f_26810_,NEAREST_ITEMS,0,
f_26811_,NEAREST_LIVING_ENTITIES,0,
f_26812_,NEAREST_PLAYERS,0,
f_26813_,NEAREST_BED,0,
f_26814_,HURT_BY,0,
f_26815_,VILLAGER_HOSTILES,0,
f_26816_,VILLAGER_BABIES,0,
f_26817_,SECONDARY_POIS,0,
f_26818_,GOLEM_DETECTED,0,
f_26819_,PIGLIN_SPECIFIC_SENSOR,0,
f_26820_,PIGLIN_BRUTE_SPECIFIC_SENSOR,0,
f_26821_,HOGLIN_SPECIFIC_SENSOR,0,
f_26822_,NEAREST_ADULT,0,
f_26823_,factory,0,
f_268413_,BYPASSES_ENCHANTMENTS,0,
f_268414_,expected,0,
f_268415_,IS_EXPLOSION,0,
f_268416_,block,0,
f_268417_,$SwitchMap$net$minecraft$world$damagesource$DamageScaling,0,
f_268418_,lava,0,
f_268419_,IS_FREEZING,0,
f_268420_,sky,0,
f_268421_,DATA_VIEW_RANGE_ID,0,
f_268423_,rendertypeTextBackgroundShader,0,
f_268424_,MAIN_CONTENT_WIDTH,0,
f_268425_,THROWN,0,
f_268426_,dryOut,0,
f_268427_,damageTiltStrength,0,
f_268428_,FIREWORKS,0,
f_268429_,hasPermissions,0,
f_26842_,ACCEPTABLE_DISTANCE_FROM_HOSTILES,0,
f_268430_,layout,0,
f_268431_,LIGHT_VALUE_CODEC,0,
f_268432_,$SwitchMap$net$minecraft$world$entity$Display$BillboardConstraints,0,
f_268433_,GENERIC,0,
f_268434_,HOT_FLOOR,0,
f_268435_,id,0,
f_268437_,BYPASSES_EFFECTS,0,
f_268438_,wither,0,
f_268439_,maxInfoRows,0,
f_268440_,THORNS,0,
f_268441_,STARVE,0,
f_268442_,id,0,
f_268443_,width,0,
f_268444_,FREEZE,0,
f_268445_,FLAG_SHADOW,0,
f_268447_,hasCollision,0,
f_268448_,PLAYER_EXPLOSION,0,
f_268450_,LIGHTNING_BOLT,0,
f_268451_,slot,0,
f_268453_,CODEC,0,
f_268454_,damageSourcePosition,0,
f_268455_,DATA_ITEM_STACK_ID,0,
f_268458_,CODEC,0,
f_268460_,INITIAL_SHADOW_STRENGTH,0,
f_268461_,CODEC,0,
f_268462_,infoUnderneath,0,
f_268463_,CODEC,0,
f_268464_,PLAYER_ATTACK,0,
f_268465_,FLAG_USE_DEFAULT_BACKGROUND,0,
f_268466_,contentsFrame,0,
f_268467_,NO_IMPACT,0,
f_268468_,ON_FIRE,0,
f_268469_,SWEET_BERRY_BUSH,0,
f_268470_,id,0,
f_268471_,TAG_ITEM_DISPLAY,0,
f_268472_,deathMessageType,0,
f_268473_,DISPLAY_TRACKING_RANGE,0,
f_268474_,DEFAULT_HEADER_AND_FOOTER_HEIGHT,0,
f_268475_,onFire,0,
f_268476_,DATA_LINE_WIDTH_ID,0,
f_268478_,PAINTING_COMPARATOR,0,
f_268479_,tag,0,
f_268480_,INITIAL_SHADOW_RADIUS,0,
f_268481_,DATA_TEXT_OPACITY_ID,0,
f_268482_,DRAGON_BREATH,0,
f_268483_,CODEC,0,
f_268484_,WITHER_IMMUNE_TO,0,
f_268485_,holders,0,
f_268486_,TAG_ALIGNMENT,0,
f_268487_,blockRenderer,0,
f_268489_,DATA_SCALE_ID,0,
f_268490_,BYPASSES_ARMOR,0,
f_268491_,RENDERTYPE_TEXT_BACKGROUND_SEE_THROUGH_SHADER,0,
f_268492_,val$owner,0,
f_268493_,WITHER,0,
f_268494_,DATA_BACKGROUND_COLOR_ID,0,
f_268495_,type,0,
f_268496_,CACHED_PARAMETERS,0,
f_268497_,damageSources,0,
f_268498_,ERROR_INVULNERABLE,0,
f_268499_,cactus,0,
f_268500_,ENTITY_MOUNT,0,
f_268501_,scaling,0,
f_268504_,entityId,0,
f_268505_,CODEC,0,
f_268506_,TAG_BRIGHTNESS,0,
f_268507_,TAG_SHADOW_STRENGTH,0,
f_268508_,layout,0,
f_268509_,headerHeight,0,
f_268511_,MOB_ATTACK_NO_AGGRO,0,
f_268513_,FALLING_STALACTITE,0,
f_268514_,TAG_BILLBOARD,0,
f_268515_,MAGIC,0,
f_268516_,contents,0,
f_268518_,ALWAYS_MOST_SIGNIFICANT_FALL,0,
f_268519_,DEBUG_QUADS,0,
f_268520_,TAG_SHADOW_RADIUS,0,
f_268521_,generic,0,
f_268523_,name,0,
f_268524_,IS_PROJECTILE,0,
f_268525_,rendertypeTextBackgroundSeeThroughShader,0,
f_268526_,FALLING_ANVIL,0,
f_268527_,DATA_SHADOW_RADIUS_ID,0,
f_268529_,TAG_LINE_WIDTH,0,
f_268530_,INDIRECT_MAGIC,0,
f_268531_,packs,0,
f_268532_,DATA_WIDTH_ID,0,
f_268533_,ENTITY_DISMOUNT,0,
f_268534_,MOB_PROJECTILE,0,
f_268536_,FULL_BRIGHT,0,
f_268537_,TAG_GLOW_COLOR_OVERRIDE,0,
f_268538_,QUATERNIONF,0,
f_268539_,cache,0,
f_268540_,DEBUG_FILLED_BOX,0,
f_268541_,INITIAL_TEXT_OPACITY,0,
f_268542_,DATA_TEXT_ID,0,
f_268543_,DATA_BLOCK_STATE_ID,0,
f_268544_,BY_ID,0,
f_268545_,FLAG_ALIGN_RIGHT,0,
f_268546_,LAVA,0,
f_268547_,COLUMN_SPACING,0,
f_268549_,IS_FALL,0,
f_268550_,maxRows,0,
f_268551_,lightningBolt,0,
f_268552_,TAG_TEXT_OPACITY,0,
f_268553_,INTENTIONAL_GAME_DESIGN_STYLE,0,
f_268554_,TAG_ITEM,0,
f_268556_,UNATTRIBUTED_FIREBALL,0,
f_268557_,width,0,
f_268558_,color,0,
f_268559_,sourceCauseId,0,
f_268560_,DUCK_WALK_ROTATION,0,
f_268561_,sweetBerryBush,0,
f_268562_,FLAG_ALIGN_LEFT,0,
f_268563_,CODEC,0,
f_268565_,EXPLOSION,0,
f_268566_,MOB_ATTACK,0,
f_268567_,inFire,0,
f_268568_,RENDERTYPE_TEXT_BACKGROUND_SHADER,0,
f_268569_,causingEntity,0,
f_268570_,LEGGINGS_OVERLAY_SCALE,0,
f_268572_,QUATERNIONF_COMPONENTS,0,
f_268573_,BLOCK_DISPLAY,0,
f_268575_,font,0,
f_268576_,FLY_INTO_WALL,0,
f_268580_,DAMAGE_TYPE,0,
f_268581_,IS_DROWNING,0,
f_268582_,dragonBreath,0,
f_268585_,CACTUS,0,
f_268587_,recreated,0,
f_268588_,TAG_TEXT,0,
f_268589_,computeValue,0,
f_268591_,magic,0,
f_268592_,footerFrame,0,
f_268593_,DATA_BILLBOARD_RENDER_CONSTRAINTS_ID,0,
f_268594_,font,0,
f_268595_,directEntity,0,
f_268596_,TAG_BACKGROUND_COLOR,0,
f_268597_,ACCESSIBILITY_TOOLTIP_DAMAGE_TILT_STRENGTH,0,
f_268598_,DATA_TRANSLATION_ID,0,
f_268599_,DATA_BRIGHTNESS_OVERRIDE_ID,0,
f_268601_,DATA_ITEM_DISPLAY_ID,0,
f_268602_,hotFloor,0,
f_268603_,maxRows,0,
f_268604_,itemRenderer,0,
f_268605_,inWall,0,
f_268607_,TEXT_DISPLAY,0,
f_268608_,tags,0,
f_268610_,stalagmite,0,
f_268611_,drown,0,
f_268612_,IN_WALL,0,
f_268613_,CRAMMING,0,
f_268614_,owner,0,
f_268615_,parent,0,
f_268617_,id,0,
f_268618_,OPTIONAL_BLOCK_STATE,0,
f_268619_,TEXT_BACKGROUND_SEE_THROUGH,0,
f_268620_,EXTENDED_CODEC,0,
f_268622_,cachedValue,0,
f_268623_,flyIntoWall,0,
f_268624_,QUATERNION,0,
f_268625_,rowSpacing,0,
f_268626_,packRepository,0,
f_268627_,DAMAGES_HELMET,0,
f_268630_,BYPASSES_RESISTANCE,0,
f_268631_,IN_FIRE,0,
f_268633_,TAG_HEIGHT,0,
f_268635_,rowCount,0,
f_268636_,DATA_STYLE_FLAGS_ID,0,
f_268638_,NO_BRIGHTNESS_OVERRIDE,0,
f_268639_,DATA_HEIGHT_ID,0,
f_268640_,AVOIDS_GUARDIAN_THORNS,0,
f_268641_,WITHER_SKULL,0,
f_268642_,name,0,
f_268643_,ITEM_DISPLAY,0,
f_268644_,LOGGER,0,
f_268645_,damageTypes,0,
f_268646_,maxWidth,0,
f_268647_,TAG_VIEW_RANGE,0,
f_268648_,BY_ID,0,
f_268649_,sourceDirectId,0,
f_268650_,BAD_RESPAWN_POINT,0,
f_268656_,STING,0,
f_268657_,ERROR_WRONG_DIMENSION,0,
f_268659_,FALLING_BLOCK,0,
f_268660_,sound,0,
f_268661_,TAG_BLOCK_STATE,0,
f_268662_,TAG_SHADOW,0,
f_268663_,exhaustion,0,
f_268664_,DETAILS_BUTTON_WIDTH,0,
f_268665_,TEXT_BACKGROUND,0,
f_268669_,STALAGMITE,0,
f_268670_,output,0,
f_268671_,FALL,0,
f_268672_,CODEC,0,
f_268675_,lines,0,
f_268676_,VECTOR3,0,
f_268677_,msgId,0,
f_268679_,SONIC_BOOM,0,
f_268680_,footerHeight,0,
f_268684_,FIREBALL,0,
f_268685_,maxWidth,0,
f_268686_,effects,0,
f_268687_,DATA_GLOW_COLOR_OVERRIDE_ID,0,
f_268689_,$SwitchMap$net$minecraft$world$item$ItemDisplayContext,0,
f_268690_,alwaysMaxHeight,0,
f_268691_,cramming,0,
f_268692_,TAG_SEE_THROUGH,0,
f_268693_,DATA_LEFT_ROTATION_ID,0,
f_268694_,TAG_USE_DEFAULT_BACKGROUND,0,
f_268701_,message,0,
f_268702_,cullingBoundingBox,0,
f_268703_,tags,0,
f_268705_,RULE_DO_VINES_SPREAD,0,
f_268706_,screen,0,
f_268708_,DATA_SHADOW_STRENGTH_ID,0,
f_268709_,enabledFeatures,0,
f_268710_,registryAccess,0,
f_268711_,BURNS_ARMOR_STANDS,0,
f_268712_,sourcePosition,0,
f_268713_,DATA_RIGHT_ROTATION_ID,0,
f_268714_,TRIDENT,0,
f_268715_,TAG_TRANSFORMATION,0,
f_268716_,NO_GLOW_COLOR_OVERRIDE,0,
f_268718_,NO_ANGER,0,
f_268719_,clientDisplayCache,0,
f_268720_,headerFrame,0,
f_268721_,EXPERIMENTS_LABEL,0,
f_268722_,DROWN,0,
f_268724_,FELL_OUT_OF_WORLD,0,
f_268725_,IS_LIGHTNING,0,
f_268726_,fellOutOfWorld,0,
f_268727_,IGNITES_ARMOR_STANDS,0,
f_268728_,cacheKey,0,
f_268729_,fall,0,
f_26872_,DEFAULT,0,
f_268731_,WITCH_RESISTANT_TO,0,
f_268733_,freeze,0,
f_268734_,$SwitchMap$net$minecraft$world$entity$Display$TextDisplay$Align,0,
f_268735_,id,0,
f_268736_,TOOLTIP_RANDOM_VARIANT,0,
f_268738_,BYPASSES_INVULNERABILITY,0,
f_268739_,ARROW,0,
f_26873_,range,0,
f_268740_,FLAG_SEE_THROUGH,0,
f_268741_,NO_TAB,0,
f_268742_,starve,0,
f_268743_,TAG_WIDTH,0,
f_268744_,INITIAL_BACKGROUND,0,
f_268745_,IS_FIRE,0,
f_268746_,EMPTY_SLOT_AMETHYST_SHARD,0,
f_268747_,name,0,
f_268748_,MATRIX4F,0,
f_268749_,entityRenderDispatcher,0,
f_268750_,ALWAYS_TRIGGERS_SILVERFISH,0,
f_268751_,AXISANGLE4F,0,
f_268752_,DRY_OUT,0,
f_268753_,DEBUG_LINE_STRIP,0,
f_26878_,testInvisible,0,
f_26879_,selector,0,
f_26985_,ZOMBIE_VILLAGER_CURED,0,
f_26986_,GOLEM_KILLED,0,
f_26987_,VILLAGER_HURT,0,
f_26988_,VILLAGER_KILLED,0,
f_26989_,TRADE,0,
f_26993_,val$name,0,
f_26997_,LOGGER,0,
f_26998_,hasSetupSiege,0,
f_26999_,siegeState,0,
f_27000_,zombiesToSpawn,0,
f_27001_,nextSpawnTime,0,
f_27002_,spawnX,0,
f_27003_,spawnY,0,
f_27004_,spawnZ,0,
f_27029_,distanceTracker,0,
f_27030_,loadedChunks,0,
f_271085_,TAG_HEIGHT,0,
f_271086_,AGE,0,
f_271087_,SNIFFER_HAPPY,0,
f_271088_,BAMBOO,0,
f_271090_,CHERRY_LOG,0,
f_271091_,BOUNDING_BOX,0,
f_271092_,scentingAnimationState,0,
f_271093_,showNotification,0,
f_271094_,CHERRY_WOOD_HANGING_SIGN,0,
f_271095_,CHERRY_WOOD_DOOR_OPEN,0,
f_271097_,BOTTOM,0,
f_271098_,TREES_CHERRY,0,
f_271099_,offsetFunction,0,
f_271100_,SPRUCE,0,
f_271102_,height,0,
f_271103_,CHERRY_SAPLING_BREAK,0,
f_271105_,PINK_PETALS_STEP,0,
f_271106_,POTTED_CHERRY_SAPLING,0,
f_271107_,CHERRY_WALL_SIGN,0,
f_271108_,SNIFFER_LONGSNIFF,0,
f_271109_,DIGGING_PARTICLES_DELAY_TICKS,0,
f_271110_,MIN_FLOWERS,0,
f_271111_,TAG_SHERDS,0,
f_271112_,DUSTED,0,
f_271113_,MAX_LOOK_DISTANCE,0,
f_271114_,CHERRY_TRAPDOOR,0,
f_271115_,CHERRY_LEAVES,0,
f_271116_,CHERRY_HANGING_SIGN,0,
f_271121_,SNIFFER_SCENTING,0,
f_271122_,CHERRY_SAPLING_FALL,0,
f_271123_,branchEndOffsetFromTop,0,
f_271124_,bodyYOffset,0,
f_271126_,GSON,0,
f_271127_,CHERRY_LEAVES_PLACE,0,
f_271128_,SHAPE_BY_AGE,0,
f_271129_,CHERRY_WOOD_STEP,0,
f_271130_,PINK_PETALS_PLACE,0,
f_271131_,$SwitchMap$net$minecraft$core$Direction,0,
f_271132_,IRON,0,
f_271133_,TORCHFLOWER_SEEDS,0,
f_271134_,SNIFFER_SNIFFING_TARGET,0,
f_271135_,PINK_PETALS_HIT,0,
f_271136_,soundType,0,
f_271137_,PINK_PETALS,0,
f_271138_,SHOVELS,0,
f_271139_,MIN_MOVEMENT_SPEED,0,
f_271140_,MAX_AGE,0,
f_271141_,doorOpen,0,
f_271142_,SUSPICIOUS_SAND_HIT,0,
f_271143_,hangingLeavesChance,0,
f_271144_,lifecycle,0,
f_271145_,STRIPPED_CHERRY_WOOD,0,
f_271146_,CHERRY_WOOD_PLACE,0,
f_271147_,SNIFFER_EAT,0,
f_271148_,title,0,
f_271149_,BRICK,0,
f_271151_,DIGGING_DROP_SEED_OFFSET_TICKS,0,
f_271153_,frontSide,0,
f_271154_,CHERRY_PLANKS,0,
f_271156_,MAX_FLOWERS,0,
f_271159_,INTENTIONALLY_EMPTY_SOUND_EVENT,0,
f_271160_,SNIFFER_BABY_FALL,0,
f_271161_,rightSide,0,
f_271162_,fenceGateOpen,0,
f_271163_,CODEC,0,
f_271164_,STRIPPED_CHERRY_LOG,0,
f_271165_,EMPTY,0,
f_271167_,type,0,
f_271168_,SUSPICIOUS_SAND,0,
f_271169_,CHERRY_DOOR,0,
f_271170_,CHERRY_LOG,0,
f_271171_,CHERRY_WOOD_BUTTON_CLICK_ON,0,
f_271172_,FLOWERBED_4,0,
f_271173_,statusIcon,0,
f_271174_,BRUSH_SAND,0,
f_271175_,DECORATED_POT_BREAK,0,
f_271177_,CHERRY_BEES_005,0,
f_271178_,online,0,
f_271179_,wideBottomLayerHoleChance,0,
f_271181_,CHERRY_WOOD_HANGING_SIGN_HIT,0,
f_271182_,STRIPPED_CHERRY_WOOD,0,
f_271183_,FLOWER_CHERRY,0,
f_271184_,PRIZE_NAME,0,
f_271185_,baseMaterial,0,
f_271186_,PREFIX,0,
f_271187_,JUNGLE,0,
f_271189_,SUSPICIOUS_SAND_BREAK,0,
f_271192_,BASE_NAME,0,
f_271193_,interaction,0,
f_271194_,buttonClickOff,0,
f_271195_,key,0,
f_271197_,DECORATED_POT,0,
f_271198_,OAK,0,
f_271199_,ALL_VISIBLE,0,
f_271200_,DECORATED_POT_PATTERNS,0,
f_271201_,SNIFFER_LOCATION,0,
f_271202_,CHERRY_LOGS,0,
f_271203_,LOGGER,0,
f_271204_,status,0,
f_271205_,CHERRY_FENCE_GATE,0,
f_271206_,CHERRY_STAIRS,0,
f_271207_,AXES,0,
f_271208_,GOLD,0,
f_271209_,PINK_PETALS,0,
f_271210_,DATA_WIDTH_ID,0,
f_271211_,CHERRY_SAPLING_HIT,0,
f_271212_,CHERRY_LOGS,0,
f_271214_,SNIFFER_DEATH,0,
f_271215_,DECORATED_POT,0,
f_271216_,DECORATED_POT_SIDES,0,
f_271218_,CHERRY_PLANKS,0,
f_271219_,CHERRY_FENCE,0,
f_271220_,DECORATED_POT_SHERDS,0,
f_271221_,CHERRY_WOOD_HANGING_SIGN_PLACE,0,
f_271222_,WATERLOGGED,0,
f_271223_,SNIFFER_HAPPY,0,
f_271224_,CHERRY,0,
f_271225_,SPEED_MULTIPLIER_WHEN_SNIFFING,0,
f_271226_,FLOWERBED_4,0,
f_271227_,CHERRY_PRESSURE_PLATE,0,
f_271231_,LEAVE_SERVER_TEXT,0,
f_271233_,TOP,0,
f_271234_,pressurePlateClickOff,0,
f_271235_,root,0,
f_271237_,DATA_HEIGHT_ID,0,
f_271238_,ARCHER,0,
f_271239_,CHERRY_LEAVES,0,
f_271240_,RIGHT,0,
f_271241_,FLOWERBED_1,0,
f_271243_,INTERACTION,0,
f_271245_,BRICK_NAME,0,
f_271246_,SKULL,0,
f_271248_,iconBytes,0,
f_271250_,CHERRY_SAPLING_PLACE,0,
f_271251_,HORIZONTAL_FACING,0,
f_271252_,DIGGING_PARTICLES_DURATION_TICKS,0,
f_271253_,name,0,
f_271254_,decoratedPot,0,
f_271255_,type,0,
f_271257_,MUSIC_BIOME_CHERRY_GROVE,0,
f_271258_,trapdoorOpen,0,
f_271259_,CODEC,0,
f_271260_,neck,0,
f_271261_,PITCH,0,
f_271262_,CHERRY_WOOD_TRAPDOOR_CLOSE,0,
f_271263_,POLISHED_BLACKSTONE,0,
f_271264_,SNIFFER,0,
f_271265_,leftSide,0,
f_271266_,BASE,0,
f_271268_,VOLUME,0,
f_271269_,SNIFFER_SNIFF_SEARCH,0,
f_271272_,CODEC,0,
f_271273_,CHERRY_WOOD_FENCE_GATE_OPEN,0,
f_271274_,CHERRY_FENCE_GATE,0,
f_271276_,FLOWERBED_3,0,
f_271277_,FLOWERBED_1,0,
f_271278_,sniffingAnimationState,0,
f_271280_,SNIFFER_DIGGING,0,
f_271281_,CODEC,0,
f_271282_,CHERRY_PRESSURE_PLATE,0,
f_271283_,SNIFFER_SNIFFING,0,
f_271284_,yd,0,
f_271285_,FLOWERBED,0,
f_271287_,SOUND_STOP_JUKEBOX_SONG,0,
f_271288_,SENSOR_TYPES,0,
f_271289_,offsetFunction,0,
f_271290_,CRIMSON,0,
f_271291_,DECORATED_POT,0,
f_271292_,RIGHT_MID_LEG,0,
f_271293_,MAX_JUMP_STRENGTH,0,
f_271295_,ARMS_UP_NAME,0,
f_271298_,HOES,0,
f_271300_,SNIFFER_HAPPY,0,
f_271301_,CHERRY_SLAB,0,
f_271302_,CHERRY_WOOD,0,
f_271303_,PLAY_TEXT,0,
f_271304_,CHERRY_PLANKS,0,
f_271305_,MIN_JUMP_STRENGTH,0,
f_271307_,CHERRY_LEAVES_HIT,0,
f_271308_,MAX_HEALTH,0,
f_271309_,hangingSignSoundType,0,
f_271310_,LOGGER,0,
f_271313_,MIN_HEALTH,0,
f_271315_,CHERRY_WOOD_BREAK,0,
f_271316_,CHERRY_FENCE,0,
f_271317_,soundType,0,
f_271318_,risingAnimationState,0,
f_271319_,CHERRY_LEAVES_BREAK,0,
f_271320_,CHERRY_WOOD_FALL,0,
f_271321_,backSide,0,
f_271322_,CHERRY_WOOD_BUTTON_CLICK_OFF,0,
f_271323_,BRUSHABLE_BLOCK,0,
f_271324_,DECORATED_POT_FALL,0,
f_271325_,SNIFFER_STEP,0,
f_271326_,STRIPPED_CHERRY_LOG,0,
f_271327_,SUSPICIOUS_SAND,0,
f_271329_,TORCHFLOWER,0,
f_271330_,SNIFFER_DROP_SEED,0,
f_271332_,CHERRY_LEAVES_STEP,0,
f_271334_,CHERRY_SAPLING,0,
f_271335_,SNIFFER_DIGGING_SOUND,0,
f_271336_,CHERRY_WOOD_FENCE_GATE_CLOSE,0,
f_271337_,DECORATED_POT_STEP,0,
f_271338_,BREEDING_CROSS_FACTOR,0,
f_271339_,DECORATED_POT_PLACE,0,
f_271340_,setType,0,
f_271342_,branchCount,0,
f_271343_,lerpDeltaMovement,0,
f_271344_,SNIFFER_STATE,0,
f_271345_,FLOWERBED_2,0,
f_271346_,val$foliage,0,
f_271347_,FACING,0,
f_271348_,CHERRY_WOOD,0,
f_271349_,CHERRY_SLAB,0,
f_271350_,CHERRY_TRAPDOOR,0,
f_271351_,AABB_OFFSET,0,
f_271352_,SPEED_MULTIPLIER_WHEN_IDLING,0,
f_271353_,DECORATED_POT_PATTERNS,0,
f_271355_,ARCHER_NAME,0,
f_271356_,BRUSH,0,
f_271360_,PICKAXES,0,
f_271363_,lerpDeltaMovementSteps,0,
f_271364_,SNIFFER_SNIFFSNIFF,0,
f_271365_,fenceGateClose,0,
f_271367_,ITEM_TO_POT_TEXTURE,0,
f_271368_,ARCHAEOLOGY,0,
f_271369_,DECORATED_POT_SHATTER,0,
f_271370_,CHERRY_SAPLING,0,
f_271373_,AMOUNT,0,
f_271374_,SNIFFER_SPAWN_EGG,0,
f_271375_,CHERRY_SAPLING,0,
f_271376_,CHERRY_FOLIAGE_PLACER,0,
f_271378_,BUTTON_WIDTH,0,
f_271379_,player,0,
f_271380_,USE_DURATION,0,
f_271381_,interpolationStartClientTick,0,
f_271382_,ALONG_SIDE_DELTA,0,
f_271383_,MANGROVE,0,
f_271384_,branchHorizontalLength,0,
f_271385_,LEFT_MID_LEG,0,
f_271386_,CHERRY_BOAT,0,
f_271387_,BIRCH,0,
f_271388_,SWORDS,0,
f_271389_,DATA_RESPONSE_ID,0,
f_271390_,CHERRY_LEAVES_FALL,0,
f_271391_,SNIFFER_DIGGABLE_BLOCK,0,
f_271392_,cornerHoleChance,0,
f_271394_,buttonClickOn,0,
f_271395_,CHERRY_WOOD_TRAPDOOR_OPEN,0,
f_271396_,CHERRY_BUTTON,0,
f_271397_,CHERRY_STAIRS,0,
f_271398_,val$level,0,
f_271399_,CHERRY_TRUNK_PLACER,0,
f_271400_,WARPED,0,
f_271401_,CHERRY,0,
f_271402_,CHERRY_CHECKED,0,
f_271403_,TAG_ATTACK,0,
f_271404_,attack,0,
f_271405_,SNIFFER_DIGGING_STOP,0,
f_271406_,CHERRY_WOOD_PRESSURE_PLATE_CLICK_ON,0,
f_271407_,secondBranchStartOffsetFromTop,0,
f_271409_,FLOWER_CHERRY,0,
f_271410_,TORCHFLOWER_CROP,0,
f_271411_,SKULL_NAME,0,
f_271413_,top,0,
f_271414_,SNIFFER_BABY_AGE_TICKS,0,
f_271415_,SNIFFER_EXPLORED_POSITIONS,0,
f_271416_,DATA_STATE,0,
f_271417_,FLOWERBED_2,0,
f_271418_,SNIFFER_SEARCHING,0,
f_271419_,PINK_PETALS_FALL,0,
f_271420_,deltaMovementOnPreviousTick,0,
f_271422_,BACK,0,
f_271423_,lastIconBytes,0,
f_271424_,PARTICLES_AND_SOUND_BRUSH_BLOCK_COMPLETE,0,
f_271425_,trapdoorClose,0,
f_271426_,DECORATED_POT_BASE,0,
f_271427_,CHERRY_WALL_HANGING_SIGN,0,
f_271428_,CHERRY_WOOD_HANGING_SIGN_FALL,0,
f_271430_,MEMORY_TYPES,0,
f_271431_,ARMS_UP,0,
f_271432_,CHERRY_GROVE,0,
f_271433_,CODEC,0,
f_271434_,feelingHappyAnimationState,0,
f_271435_,DIGGING_PARTICLES_AMOUNT,0,
f_271437_,DECORATED_POT_RECIPE,0,
f_271438_,SNIFFER_DIGGING,0,
f_271439_,SUSPICIOUS_SAND,0,
f_271440_,OUT_FROM_SIDE_DELTA,0,
f_271441_,CONFIGURE_SERVER_TEXT,0,
f_271442_,INTENTIONALLY_EMPTY_SOUND_LOCATION,0,
f_271443_,bottom,0,
f_271444_,CHERRY_WOOD_PRESSURE_PLATE_CLICK_OFF,0,
f_271445_,PINK_PETALS,0,
f_271446_,type,0,
f_271448_,DECORATED_POT_HIT,0,
f_271449_,SNIFFER_FOOD,0,
f_271451_,INTENTIONALLY_EMPTY_SOUND,0,
f_271452_,BRUSH_SAND_COMPLETED,0,
f_271453_,sniffer,0,
f_271455_,SNIFFER_STAND_UP,0,
f_271456_,xd,0,
f_271457_,PINK_PETALS_BREAK,0,
f_271458_,type,0,
f_271459_,CHERRY_DOOR,0,
f_271462_,iconBytes,0,
f_271463_,DECORATED_POT_SHEET,0,
f_271464_,BRANCH_START_CODEC,0,
f_271465_,SNIFFER,0,
f_271466_,PROFILE_CODEC,0,
f_271468_,POTTED_TORCHFLOWER,0,
f_271469_,CHERRY,0,
f_271470_,BREAKS_DECORATED_POTS,0,
f_271471_,TORCHFLOWER,0,
f_271472_,diggingAnimationState,0,
f_271473_,branchStartOffsetFromTop,0,
f_271474_,CHERRY_BUTTON,0,
f_271475_,CODEC,0,
f_271476_,TAG_INTERACTION,0,
f_271477_,potentialSuspiciousSandWorldPositions,0,
f_271478_,DECORATED_POT,0,
f_271479_,STONE,0,
f_271480_,CODEC,0,
f_271481_,pressurePlateClickOn,0,
f_271482_,LEFT,0,
f_271483_,SPEED_MULTIPLIER_WHEN_PANICKING,0,
f_271485_,CHERRY_BEES_005,0,
f_271486_,DECORATED_POT_MATERIALS,0,
f_271488_,CHERRY_WOOD_DOOR_CLOSE,0,
f_271489_,LOGGER,0,
f_271490_,CHERRY_CHEST_BOAT,0,
f_271491_,visibleFaces,0,
f_271492_,timestamp,0,
f_271494_,CHERRY_WOOD_HANGING_SIGN_BREAK,0,
f_271495_,SNIFFER_DIG,0,
f_271496_,CHERRY_WOOD_HANGING_SIGN_STEP,0,
f_271497_,CHERRY_WOOD,0,
f_271498_,DATA_DROP_SEED_AT_TICK,0,
f_271499_,PRIZE,0,
f_271500_,SONG_END_PADDING,0,
f_271501_,CHERRY_HANGING_SIGN,0,
f_271502_,doorClose,0,
f_271503_,max,0,
f_271504_,CHERRY_SIGN,0,
f_271506_,NECK,0,
f_271507_,SUSPICIOUS_SAND_FALL,0,
f_271508_,TAG_RESPONSE,0,
f_271510_,hangingLeavesExtensionChance,0,
f_271511_,iconBytes,0,
f_271512_,ACACIA,0,
f_271513_,SUSPICIOUS_SAND_PLACE,0,
f_271514_,FLOWERBED_3,0,
f_271515_,CHERRY_SAPLING_STEP,0,
f_271516_,CHERRY_SIGN,0,
f_271517_,CHERRY_LEAVES,0,
f_271518_,TAG_WIDTH,0,
f_271519_,type,0,
f_271520_,SNIFFER_HURT,0,
f_271522_,zd,0,
f_271523_,FRONT,0,
f_271526_,FLOWER_AMOUNT,0,
f_271527_,SUSPICIOUS_SAND_STEP,0,
f_271528_,DARK_OAK,0,
f_271529_,SOUND_PLAY_JUKEBOX_SONG,0,
f_271532_,CHERRY_WOOD_HIT,0,
f_271534_,SNIFFER_WALK,0,
f_271535_,SNIFFER_IDLE,0,
f_271537_,DEFAULT_AMBIENT_OCCLUSION,0,
f_271538_,showNotification,0,
f_271539_,youngScaleFactor,0,
f_271541_,MAX_MOVEMENT_SPEED,0,
f_271542_,SNIFFING_COOLDOWN_TICKS,0,
f_27199_,this$0,0,
f_27200_,levels,0,
f_27214_,test,0,
f_27227_,pos,0,
f_27228_,poiType,0,
f_27229_,freeTickets,0,
f_27230_,setDirty,0,
f_27260_,LOGGER,0,
f_27261_,records,0,
f_27262_,byType,0,
f_27263_,setDirty,0,
f_27264_,isValid,0,
f_27325_,matchingStates,0,
f_27326_,maxTickets,0,
f_27328_,validRange,0,
f_273811_,textFrame,0,
f_273812_,ACCESSIBILITY_TOOLTIP_CONTRAST_MODE,0,
f_273813_,dismissable,0,
f_273814_,tagsToCopy,0,
f_273815_,parameters,0,
f_273816_,chunkBiomeData,0,
f_273817_,textWidget,0,
f_273818_,ARGS,0,
f_273819_,parent,0,
f_273821_,ALWAYS_HURTS_ENDER_DRAGONS,0,
f_273824_,this$0,0,
f_273825_,CODEC,0,
f_273826_,SEEN,0,
f_273827_,PATH_MARK_NOTIFICATIONS_SEEN,0,
f_273829_,ENTRY_CODEC,0,
f_273830_,NETHER,0,
f_273831_,HEIGHT,0,
f_273832_,MAX_WIDTH,0,
f_273833_,ENCHANTED_GLINT_ITEM,0,
f_273834_,SIDE_MARGINS,0,
f_273835_,text,0,
f_273837_,tab,0,
f_273838_,NETHER,0,
f_273839_,BLACK,0,
f_273840_,MIN_SCROLL_PERIOD,0,
f_273841_,FALL_DAMAGE_IMMUNE,0,
f_273842_,shouldPanic,0,
f_273843_,SUFFOCATING_MODIFIER,0,
f_273844_,UNDERLINE_MARGIN_BOTTOM,0,
f_273845_,SMELTS_TO_GLASS,0,
f_273846_,NOTIFICATION_UUID,0,
f_273847_,DEFAULT_SHOULD_PANIC_PREDICATE,0,
f_273848_,buffer,0,
f_273849_,onlyNotifications,0,
f_273850_,HIGH_CONTRAST_PACK,0,
f_273851_,LOWER_CASE_CODEC,0,
f_273853_,OUTLINE_COLOR,0,
f_273854_,this$0,0,
f_273855_,parentProvider,0,
f_273858_,SMELTS_TO_GLASS,0,
f_273860_,TYPE,0,
f_273861_,SELECTED_OFFSET,0,
f_273862_,head,0,
f_273863_,BUTTON_TEXT,0,
f_273864_,this$0,0,
f_273865_,provider,0,
f_273866_,DATA_FIX_TYPES_TO_OPTIMIZE,0,
f_273867_,TEXT_MARGIN,0,
f_273869_,WHITE,0,
f_273870_,BACKWARDS_MOVE_SPEED_FACTOR,0,
f_273873_,TEXT_MARGIN,0,
f_273874_,LOGGER,0,
f_273876_,handledSeenNotifications,0,
f_273877_,PATH_DISMISS_NOTIFICATIONS,0,
f_273878_,OVERWORLD,0,
f_273881_,translationKey,0,
f_273882_,ENTRY_CODEC,0,
f_273884_,tabManager,0,
f_273886_,multiNoiseBiomeSourceParameterLists,0,
f_273887_,MARGIN,0,
f_273888_,CODEC,0,
f_273889_,TRANSLATION_KEY,0,
f_273890_,USAGE_NARRATION,0,
f_273891_,PRESET_CODEC,0,
f_273892_,TWO_MEGABYTES,0,
f_273893_,contents,0,
f_273895_,UNDERLINE_HEIGHT,0,
f_273896_,VISIT_URL,0,
f_273897_,ENCHANTED_GLINT_ENTITY,0,
f_273898_,currentConfiguration,0,
f_273899_,showAll,0,
f_273902_,gridLayout,0,
f_273903_,notifications,0,
f_273905_,hasUnseenNotifications,0,
f_273906_,MESSAGE,0,
f_273907_,DIRECT_CODEC,0,
f_273909_,SUFFOCATING_MODIFIER_UUID,0,
f_273910_,highContrast,0,
f_273912_,PERIOD_PER_SCROLLED_PIXEL,0,
f_273914_,url,0,
f_273915_,OVERWORLD,0,
f_273916_,seen,0,
f_273918_,BYPASSES_COOLDOWN,0,
f_273919_,MULTI_NOISE_BIOME_SOURCE_PARAMETER_LIST,0,
f_273921_,UNDERLINE_MARGIN_X,0,
f_273922_,TYPES_FOR_LEVEL_LIST,0,
f_273924_,children,0,
f_273925_,URL,0,
f_273926_,notificationsTask,0,
f_273927_,pos,0,
f_273928_,NOTIFICATIONS_RESOURCE,0,
f_273929_,this$0,0,
f_273930_,CODEC,0,
f_273931_,TEXT_MARGIN,0,
f_273934_,BABY_SCALE,0,
f_273935_,args,0,
f_273936_,button,0,
f_273937_,lastEntryWidth,0,
f_273938_,BY_NAME,0,
f_273939_,type,0,
f_273940_,DISMISSABLE,0,
f_273942_,layout,0,
f_273943_,preset,0,
f_273944_,id,0,
f_273945_,message,0,
f_273946_,SIDEWAYS_MOVE_SPEED_FACTOR,0,
f_273947_,dismissButton,0,
f_273948_,uuid,0,
f_273949_,buttonText,0,
f_273950_,BABY_Y_OFFSET,0,
f_27407_,DATA_ID_FLAGS,0,
f_27408_,BAT_RESTING_TARGETING,0,
f_27409_,targetPosition,0,
f_27458_,FROM_BUCKET,0,
f_27499_,fish,0,
f_27503_,fish,0,
f_27520_,leader,0,
f_27521_,schoolSize,0,
f_27551_,leader,0,
f_27554_,inLove,0,
f_27555_,loveCause,0,
f_275748_,DEFAULT_WORLD_NAME,0,
f_275749_,targetFolder,0,
f_275751_,DISMOUNTS_UNDERWATER,0,
f_275752_,lookupProvider,0,
f_275754_,contentsDone,0,
f_275759_,GUI_TO_TITLE,0,
f_275760_,savesFolder,0,
f_276067_,width,0,
f_276068_,minHeight,0,
f_276069_,encodableMaxInclusive,0,
f_276070_,height,0,
f_276071_,minWidth,0,
f_276072_,mipLevel,0,
f_276073_,MAX_GUI_SCALE_INCLUSIVE,0,
f_276134_,REALMS_TERMS,0,
f_276137_,cosHalf,0,
f_276138_,CREDITS_BUTTON,0,
f_276139_,SUSPENSION_HELP,0,
f_276140_,EULA,0,
f_276141_,ATTRIBUTION,0,
f_276142_,SNAPSHOT_FEEDBACK,0,
f_276143_,sinHalf,0,
f_276144_,ACCOUNT_SETTINGS,0,
f_276145_,BUY_REALMS,0,
f_276146_,BYPASSES_SHIELD,0,
f_276147_,SNAPSHOT_BUGS_FEEDBACK,0,
f_276148_,BUTTON_SPACING,0,
f_276149_,START_REALMS_TRIAL,0,
f_276150_,RELEASE_FEEDBACK,0,
f_276151_,BUY_MINECRAFT_JAVA,0,
f_276152_,LICENSES,0,
f_276153_,lastProgress,0,
f_276154_,layout,0,
f_276155_,lastScreen,0,
f_276156_,GDPR,0,
f_276157_,ACCESSIBILITY_HELP,0,
f_276158_,BLOCKING_HELP,0,
f_276159_,REALMS_CONTENT_CREATION,0,
f_276160_,REPORTING_HELP,0,
f_276161_,LICENSES_BUTTON,0,
f_276162_,TITLE,0,
f_276163_,PI_4,0,
f_276164_,BUTTON_WIDTH,0,
f_276165_,CREDITS_AND_ATTRIBUTION,0,
f_276166_,ATTRIBUTION_BUTTON,0,
f_276373_,RECURRING_INFO,0,
f_276417_,BLADE_NAME,0,
f_276418_,PLENTY_NAME,0,
f_276419_,RESONATE_9,0,
f_276420_,hasGlowingText,0,
f_276421_,CAPPED,0,
f_276422_,FALL_ACC,0,
f_276423_,APPEND_STATIC,0,
f_276424_,CODEC,0,
f_276425_,ALL_DIRECTIONS,0,
f_276428_,RULE_BLOCK_ENTITY_MODIFIER,0,
f_276429_,DANGER_NAME,0,
f_276431_,RESONATE_10,0,
f_276432_,DIRECTIONS,0,
f_276433_,HOST_ARMOR_TRIM_SMITHING_TEMPLATE,0,
f_276434_,SNIFFER_EGG_CRACK,0,
f_276435_,RAISER,0,
f_276436_,RESONATE_15,0,
f_276437_,SHEAF_NAME,0,
f_276438_,brightnessOverride,0,
f_276439_,SUSPICIOUS_GRAVEL_STEP,0,
f_276444_,updateStartTick,0,
f_276445_,SUSPICIOUS_GRAVEL,0,
f_276447_,BOOSTED_HATCH_TIME_TICKS,0,
f_276448_,TRAIL_RUINS_REPLACEABLE,0,
f_276450_,DISTANCE_TO_ORIGIN,0,
f_276451_,isFrontText,0,
f_276452_,CHERRY_LEAVES,0,
f_276453_,BREWER_NAME,0,
f_276454_,RESONATE_14,0,
f_276455_,CLEAR,0,
f_276456_,MOURNER_NAME,0,
f_276458_,SNIFFER_EGG,0,
f_276459_,isFrontText,0,
f_276461_,nameChangeLookup,0,
f_276462_,TEXT_RENDER_STATE_IDS,0,
f_276463_,sorting,0,
f_276464_,RULE_BLOCK_ENTITY_MODIFIER,0,
f_276465_,RAISER_ARMOR_TRIM_SMITHING_TEMPLATE,0,
f_276466_,lootTable,0,
f_276467_,renderMessages,0,
f_276468_,SNIFFER_EGG,0,
f_276470_,updateRenderState,0,
f_276471_,name,0,
f_276472_,renamer,0,
f_276473_,ANGLER_NAME,0,
f_276474_,HOWL,0,
f_276475_,TRAIL_RUINS,0,
f_276476_,backText,0,
f_276477_,text,0,
f_276478_,AGE,0,
f_276479_,limit,0,
f_276480_,CURVE_ENDPOINT_TIME,0,
f_276481_,LOOT_TABLE_SEED_TAG,0,
f_276482_,EXPLORER,0,
f_276483_,EXPLORER_NAME,0,
f_276484_,CODEC,0,
f_276486_,glowColorOverride,0,
f_276487_,lootTableSeed,0,
f_276488_,DUSTED,0,
f_276489_,SNIFFER_EGG_HATCH,0,
f_276490_,LINES,0,
f_276491_,sprite,0,
f_276492_,current,0,
f_276493_,MAX_SHADOW_RADIUS,0,
f_276494_,RESONATE_8,0,
f_276495_,INSTANCE,0,
f_276496_,previous,0,
f_276497_,LOGGER,0,
f_276498_,previous,0,
f_276499_,BRUSH_RESET_TICKS,0,
f_276500_,CODEC,0,
f_276504_,blockEntityModifier,0,
f_276506_,billboardConstraints,0,
f_276507_,brushSound,0,
f_276508_,BRUSH_GRAVEL_COMPLETED,0,
f_276509_,current,0,
f_276510_,SILENCE,0,
f_276511_,BLADE,0,
f_276512_,EGG_CRACK,0,
f_276513_,spinAcceleration,0,
f_276515_,BURN_NAME,0,
f_276517_,HAS_TRAIL_RUINS,0,
f_276518_,RESONATE_6,0,
f_276519_,itemRenderer,0,
f_276520_,CRACKED,0,
f_276521_,SNORT_NAME,0,
f_276522_,PARTICLES_EGG_CRACK,0,
f_276523_,FRIEND,0,
f_276525_,removedFeatureFlags,0,
f_276526_,blockState,0,
f_276527_,MULTI_NOISE_BIOME_SOURCE_PARAMETER_LIST,0,
f_276528_,PASSTHROUGH,0,
f_276529_,HEART_NAME,0,
f_276530_,RESONATE_2,0,
f_276531_,brushCount,0,
f_276532_,AMETHYST_BLOCK_RESONATE,0,
f_276533_,RESONATE_4,0,
f_276534_,HEART,0,
f_276535_,particleRandom,0,
f_276536_,LOGGER,0,
f_276537_,SILENCE_ARMOR_TRIM_SMITHING_TEMPLATE,0,
f_276538_,$SwitchMap$net$minecraft$core$Direction,0,
f_276539_,CALIBRATED_SCULK_SENSOR,0,
f_276540_,WALK_ANIMATION_SPEED_MAX,0,
f_276541_,COLD_SUSPICIOUS_BLOCK_PROCESSOR,0,
f_276542_,textRenderState,0,
f_276543_,SUSPICIOUS_GRAVEL_FALL,0,
f_276544_,isWaxed,0,
f_276545_,itemRenderState,0,
f_276546_,SHAPER_ARMOR_TRIM_SMITHING_TEMPLATE,0,
f_276547_,TICK_DELAY,0,
f_276548_,RESONATE_12,0,
f_276549_,COMBINATION_STEP_SOUND_BLOCKS,0,
f_276550_,BURN,0,
f_276551_,BRUSH_COOLDOWN_TICKS,0,
f_276553_,RESONATE_1,0,
f_276556_,flags,0,
f_276557_,coolDownEndsAtTick,0,
f_276558_,DIRECT_CODEC,0,
f_276560_,blockRenderState,0,
f_276561_,APPEND_LOOT,0,
f_276562_,backgroundColor,0,
f_276563_,item,0,
f_276564_,CODEC,0,
f_276565_,RESONANCE_PITCH_BEND,0,
f_276566_,sorting,0,
f_276567_,CRACKED,0,
f_276568_,DEFAULT_BLOCK_ENTITY_MODIFIER,0,
f_276569_,RESONATE_13,0,
f_276570_,updateInterpolationDuration,0,
f_276571_,DECORATED_POT_CRACKED,0,
f_276573_,HOST,0,
f_276575_,lootTable,0,
f_276576_,MINER_NAME,0,
f_276577_,ITEM_TAG,0,
f_276578_,HEARTBREAK,0,
f_276579_,textOpacity,0,
f_276580_,SUSPICIOUS_GRAVEL_HIT,0,
f_276581_,CALIBRATED_SCULK_SENSOR,0,
f_276582_,RENDER_STATE_IDS,0,
f_276583_,REQUIRED_BRUSHES_TO_BREAK,0,
f_276584_,PLENTY,0,
f_276585_,transformation,0,
f_276586_,SHADOW_POWER_FALLOFF_Y,0,
f_276587_,LINES_CODEC,0,
f_276588_,TRAIL_RUINS,0,
f_276589_,COLLISION_SHAPE_CROP,0,
f_276590_,filteredMessages,0,
f_276591_,SUSPICIOUS_GRAVEL_BREAK,0,
f_276592_,BRUSH_GRAVEL,0,
f_276593_,VIBRATION_RESONATORS,0,
f_276594_,PITCHER_POD,0,
f_276595_,CALIBRATED_SCULK_SENSOR,0,
f_276596_,DOUBLE_PLANT_AGE_INTERSECTION,0,
f_276598_,frontText,0,
f_276599_,updateLimit,0,
f_276600_,itemStack,0,
f_276601_,turnsInto,0,
f_276602_,$SwitchMap$net$minecraft$world$level$block$state$properties$DoubleBlockHalf,0,
f_276603_,REGULAR_HATCH_TIME_TICKS,0,
f_276604_,SHAPER,0,
f_276605_,delegate,0,
f_276606_,HIT_DIRECTION_TAG,0,
f_276607_,shadowRadius,0,
f_276608_,LOGGER,0,
f_276609_,rotSpeed,0,
f_276610_,current,0,
f_276611_,OCEAN_RUIN_WARM_ARCHAEOLOGY,0,
f_276612_,WAYFINDER_ARMOR_TRIM_SMITHING_TEMPLATE,0,
f_276614_,OCEAN_RUIN_COLD_ARCHAEOLOGY,0,
f_276615_,WAYFINDER,0,
f_276618_,brushCompletedSound,0,
f_276619_,text,0,
f_276620_,BREWER,0,
f_276621_,RESONATE_11,0,
f_276622_,lineWidth,0,
f_276623_,HEARTBREAK_NAME,0,
f_276624_,BRUSH_GENERIC,0,
f_276626_,type,0,
f_276627_,WAXED_SIGN_INTERACT_FAIL,0,
f_276629_,itemTransform,0,
f_276630_,SNIFFER_EGG_HATCH_BOOST,0,
f_276631_,interpolationDuration,0,
f_276632_,messages,0,
f_276633_,ORTHOGRAPHIC_Z,0,
f_276634_,flagsToRemove,0,
f_276635_,tag,0,
f_276637_,name,0,
f_276638_,hitDirection,0,
f_276639_,DANGER,0,
f_276640_,SHELTER,0,
f_276641_,SHELTER_NAME,0,
f_276642_,ACCELERATION_SCALE,0,
f_276643_,SNIFFER_EGG,0,
f_276644_,SNORT,0,
f_276645_,INSTANCE,0,
f_276646_,renderState,0,
f_276647_,LOOT_TABLE_TAG,0,
f_276649_,RANDOM_HATCH_OFFSET_TICKS,0,
f_276650_,previous,0,
f_276653_,ANGLER,0,
f_276655_,RESONATE_7,0,
f_276657_,WIND_BIG,0,
f_276658_,SUSPICIOUS_GRAVEL,0,
f_276659_,START,0,
f_276660_,SUSPICIOUS_GRAVEL_PLACE,0,
f_276661_,DESERT_PYRAMID_ARCHAEOLOGY,0,
f_276662_,DESERT_WELL_ARCHAEOLOGY,0,
f_276663_,FRIEND_NAME,0,
f_276664_,INITIAL_LIFETIME,0,
f_276665_,PITCHER_CROP,0,
f_276668_,PITCHER_PLANT,0,
f_276669_,renderMessagedFiltered,0,
f_276670_,name,0,
f_276671_,MAX_AGE,0,
f_276672_,SUSPICIOUS_GRAVEL,0,
f_276673_,color,0,
f_276675_,previous,0,
f_276676_,MINER,0,
f_276677_,LOGGER,0,
f_276678_,WARM_SUSPICIOUS_BLOCK_PROCESSOR,0,
f_276679_,brushCountResetsAtTick,0,
f_276680_,isFrontText,0,
f_276681_,HOWL_NAME,0,
f_276682_,SHEAF,0,
f_276683_,sand,0,
f_276687_,MOURNER,0,
f_276688_,CODEC,0,
f_276689_,current,0,
f_276690_,CODEC,0,
f_276691_,RESONATE_3,0,
f_276692_,FACING,0,
f_276693_,shadowStrength,0,
f_276694_,COLLISION_SHAPE_BULB,0,
f_276695_,RESONATE_5,0,
f_276696_,SHAPE,0,
f_276698_,PITCHER_PLANT,0,
f_27685_,item,0,
f_27686_,levels,0,
f_27697_,savedFlowerPos,0,
f_27698_,hivePos,0,
f_27699_,beePollinateGoal,0,
f_27700_,goToHiveGoal,0,
f_27701_,goToKnownFlowerGoal,0,
f_27702_,underWaterTicks,0,
f_27703_,DATA_FLAGS_ID,0,
f_27704_,DATA_REMAINING_ANGER_TIME,0,
f_27705_,PERSISTENT_ANGER_TIME,0,
f_27706_,persistentAngerTarget,0,
f_27707_,rollAmount,0,
f_27708_,rollAmountO,0,
f_27709_,timeSinceSting,0,
f_27710_,ticksWithoutNectarSinceExitingHive,0,
f_27711_,stayOutOfHiveCountdown,0,
f_27712_,numCropsGrownSincePollination,0,
f_27713_,remainingCooldownBeforeLocatingNewHive,0,
f_27714_,remainingCooldownBeforeLocatingNewFlower,0,
f_278115_,queues,0,
f_278116_,POTTED_FLOWERING_AZALEA,0,
f_278117_,BONEMEAL_INCREASE,0,
f_278118_,priorityQueue,0,
f_278119_,levelCount,0,
f_278120_,ignitedByLava,0,
f_278122_,firstQueuedLevel,0,
f_278123_,ignitedByLava,0,
f_278124_,WALK_ANIMATION_SCALE_FACTOR,0,
f_278125_,ANIMATION_DURATION,0,
f_278126_,BABY_TRANSFORM,0,
f_278127_,AUTO_GUI_SCALE,0,
f_278128_,DASH_MINIMUM_DURATION_TICKS,0,
f_278129_,val$minSize,0,
f_278130_,pushReaction,0,
f_278131_,val$minMapSize,0,
f_278132_,SOURCE,0,
f_278133_,this$0,0,
f_278134_,pushReaction,0,
f_278373_,REALM_PERMISSION,0,
f_278374_,value,0,
f_278377_,EDITION_TEXTURE_WIDTH,0,
f_278378_,restoreButton,0,
f_278381_,TO_TITLE,0,
f_278384_,ENCHANTMENT_POWER_PROVIDER,0,
f_278388_,makeOpButton,0,
f_278390_,SNIFFER_TEMPTATIONS,0,
f_278392_,MAX_HATCH_LEVEL,0,
f_278394_,REPLACEABLE,0,
f_278395_,Y_PADDING,0,
f_278396_,buttonText,0,
f_278397_,LOWER_SHAPE_BY_AGE,0,
f_278398_,SWORD_EFFICIENT,0,
f_278399_,EDITION_HEIGHT,0,
f_278400_,FULL_LOWER_SHAPE,0,
f_278401_,EDITION_TEXTURE_HEIGHT,0,
f_278402_,realms,0,
f_278405_,UPPER_SHAPE_BY_AGE,0,
f_278407_,PREDICATE,0,
f_278410_,quickPlay,0,
f_278411_,REPLACEABLE_BY_TREES,0,
f_278412_,REALM_CONNECT,0,
f_278413_,TABLE,0,
f_278414_,LOGO_TEXTURE_HEIGHT,0,
f_278416_,INACTIVE,0,
f_278418_,liquid,0,
f_278419_,EASTER_EGG_LOGO,0,
f_278420_,LOGO_WIDTH,0,
f_278421_,lootDataResolver,0,
f_278422_,GSON,0,
f_278423_,worldData,0,
f_278424_,multiplayer,0,
f_278425_,LOGGER,0,
f_278426_,quickPlayWorld,0,
f_278427_,name,0,
f_278428_,LOGO_TEXTURE_WIDTH,0,
f_278429_,EDITION_WIDTH,0,
f_278430_,LOGO_TEXTURE_WIDTH,0,
f_278431_,CODEC,0,
f_278432_,removeButton,0,
f_278436_,children,0,
f_278438_,LOGGER,0,
f_278439_,INVALID_IDENTIFIER,0,
f_278440_,FULL_UPPER_SHAPE,0,
f_278441_,SPEED_MULTIPLIER_WHEN_TEMPTED,0,
f_278442_,REFERENCE,0,
f_278443_,validator,0,
f_278448_,LOGGER,0,
f_278449_,singleplayer,0,
f_278451_,LOGO_PADDING,0,
f_278455_,layout,0,
f_278456_,gamemode,0,
f_278457_,HEADER_HEIGHT,0,
f_278459_,TEXT_OFFSET,0,
f_278460_,id,0,
f_278461_,MODEL_RENDER_SCALE,0,
f_278462_,directory,0,
f_278463_,canOpenByHand,0,
f_278464_,type,0,
f_278465_,TO_SERVER_LIST,0,
f_278466_,visitedElements,0,
f_278468_,TO_WORLD_LIST,0,
f_278469_,name,0,
f_278470_,changesButton,0,
f_278471_,connectFailedTitle,0,
f_278472_,liquid,0,
f_278473_,path,0,
f_278477_,TEXT_RENDER_SCALE,0,
f_278478_,type,0,
f_278480_,resolver,0,
f_278482_,TO_TITLE,0,
f_278483_,visitedElements,0,
f_278484_,ERROR_TITLE,0,
f_278486_,ENCHANTMENT_POWER_TRANSMITTER,0,
f_278488_,LOGO_TEXTURE_HEIGHT,0,
f_278489_,BONEMEAL_INCREASE,0,
f_278490_,name,0,
f_278491_,HATCH,0,
f_278492_,randomCollapsedRoofPos,0,
f_278493_,path,0,
f_278494_,CODEC,0,
f_278495_,MUSIC_DISC,0,
f_278496_,MODIFIER,0,
f_278497_,LOGO_HEIGHT,0,
f_278499_,TO_REALMS_LIST,0,
f_278501_,RENDER_SCALE,0,
f_278502_,TEXT_OFFSET,0,
f_278504_,quickPlayLog,0,
f_278510_,removeOpButton,0,
f_278511_,MAP_CODEC,0,
f_278512_,lastPlayedTime,0,
f_278513_,EDITION_LOGO_OVERLAP,0,
f_27941_,this$0,0,
f_27949_,this$0,0,
f_279524_,lastUpdateTime,0,
f_279525_,NBT_TAG_KEY,0,
f_279526_,REFRESH_INTERVAL,0,
f_279527_,DECORATED_POT_ID,0,
f_279528_,PRIZE_POTTERY_SHERD,0,
f_279529_,SHELTER_POTTERY_SHERD,0,
f_279531_,SNIFFER_EGG_PLOP,0,
f_279532_,data,0,
f_279534_,MAINTAINS_FARMLAND,0,
f_279535_,DEBUG_SKY_LIGHT_SECTIONS,0,
f_279537_,VIBRATION_EVENT_LISTENER_RANGE,0,
f_279538_,instrument,0,
f_279540_,sectionY,0,
f_279541_,GAME_EVENT_LISTENER_RANGE,0,
f_279542_,NEW_YEAR,0,
f_279543_,RECIPE_CRAFTED,0,
f_279544_,minecraft,0,
f_279545_,SHEAF_POTTERY_SHERD,0,
f_279546_,minPos,0,
f_279547_,system,0,
f_279550_,skyLightSectionDebugRenderer,0,
f_279551_,legacySolid,0,
f_279553_,vibrationData,0,
f_279554_,CHRISTMAS,0,
f_279556_,$SwitchMap$net$minecraft$core$Direction,0,
f_279557_,EMPTY,0,
f_279558_,lightLayer,0,
f_279559_,MINER_POTTERY_SHERD,0,
f_279560_,MOURNER_POTTERY_SHERD,0,
f_279561_,VIBRATION_FREQUENCY_FOR_EVENT,0,
f_279562_,vibrationData,0,
f_279563_,vibrationUser,0,
f_279564_,EXTRA_SPACE_AFTER_FIRST_TOOLTIP_LINE,0,
f_279566_,minecraft,0,
f_279567_,BLADE_POTTERY_SHERD,0,
f_279568_,STONE_BUTTONS,0,
f_279569_,CREATIVE_MODE_TAB,0,
f_279570_,SKULL_POTTERY_SHERD,0,
f_279571_,this$0,0,
f_279572_,vibrationUser,0,
f_279573_,TRAIL_RUINS_ARCHAEOLOGY_COMMON,0,
f_279574_,HALLOWEEN,0,
f_279575_,TRAIL_RUINS_ROADS_ARCHAEOLOGY,0,
f_279576_,onEmptyAction,0,
f_279577_,STATS_ICON_LOCATION,0,
f_279579_,LIGHT_ONLY_COLOR,0,
f_27957_,this$0,0,
f_279581_,VILLAGER_PLANTABLE_SEEDS,0,
f_279582_,DEBUG_SECTION_QUADS,0,
f_279583_,BREWER_POTTERY_SHERD,0,
f_279584_,FRIEND_POTTERY_SHERD,0,
f_279585_,WIDTH_OFFSET,0,
f_279586_,vibrationData,0,
f_279587_,scissorStack,0,
f_279588_,this$0,0,
f_279589_,path,0,
f_279590_,vibrationData,0,
f_279591_,name,0,
f_279592_,this$0,0,
f_279593_,selectionStrategy,0,
f_279594_,vibrationUser,0,
f_279596_,lightShape,0,
f_279597_,splash,0,
f_279598_,HOWL_POTTERY_SHERD,0,
f_279600_,positionSource,0,
f_279601_,this$0,0,
f_279603_,vibrationUser,0,
f_279604_,TRAIL_RUINS_ARCHAEOLOGY_RARE,0,
f_279605_,TRAIL_RUINS_TOWER_TOP_ARCHAEOLOGY,0,
f_279606_,HEARTBREAK_POTTERY_SHERD,0,
f_279609_,catalystListener,0,
f_279612_,pose,0,
f_279613_,reloadVibrationParticle,0,
f_279615_,replaceable,0,
f_279616_,EXPLORER_POTTERY_SHERD,0,
f_279617_,instrument,0,
f_279618_,forceSolidOn,0,
f_279619_,DANGER_POTTERY_SHERD,0,
f_279621_,USE_WORKFLOWS_HOOKS,0,
f_279622_,positionSource,0,
f_279623_,HEART_POTTERY_SHERD,0,
f_279624_,LISTENER_RANGE,0,
f_279626_,vibrationListener,0,
f_279627_,bufferSource,0,
f_279628_,recipeId,0,
f_279629_,STONE_BUTTONS,0,
f_279630_,replaceable,0,
f_279632_,sculkSpreader,0,
f_279633_,ANGLER_POTTERY_SHERD,0,
f_279634_,ARMS_UP_POTTERY_SHERD,0,
f_279635_,NO_FILLED_SECTION,0,
f_279636_,SNORT_POTTERY_SHERD,0,
f_279637_,CODEC,0,
f_279638_,travelTimeInTicks,0,
f_279639_,positionSource,0,
f_279640_,vibrationListener,0,
f_279641_,positionSource,0,
f_279642_,ARCHER_POTTERY_SHERD,0,
f_279645_,defaultValue,0,
f_279646_,blockState,0,
f_279647_,PLENTY_POTTERY_SHERD,0,
f_279648_,LISTENER_RADIUS,0,
f_279649_,this$0,0,
f_279650_,BURN_POTTERY_SHERD,0,
f_279651_,PULSE_TICKS,0,
f_279652_,currentVibration,0,
f_279653_,LIGHT_AND_BLOCKS_COLOR,0,
f_279654_,blockPos,0,
f_279655_,mapper,0,
f_279656_,stack,0,
f_279657_,lightAndBlocksShape,0,
f_279658_,HEIGH_OFFSET,0,
f_279659_,positionSource,0,
f_279660_,RADIUS,0,
f_279662_,CREATIVE_MODE_TAB,0,
f_279664_,RESONANCE_EVENTS,0,
f_279665_,forceSolidOff,0,
f_279666_,TRAIL_RUINS_HOUSES_ARCHAEOLOGY,0,
f_27970_,this$0,0,
f_27979_,this$0,0,
f_27980_,travellingTicks,0,
f_27981_,blacklistedTargets,0,
f_27982_,lastPath,0,
f_27983_,ticksStuck,0,
f_28009_,this$0,0,
f_28010_,travellingTicks,0,
f_28021_,this$0,0,
f_28030_,this$0,0,
f_28038_,this$0,0,
f_28056_,this$0,0,
f_28062_,this$0,0,
f_28063_,VALID_POLLINATION_BLOCKS,0,
f_28064_,successfulPollinatingTicks,0,
f_28065_,lastSoundPlayedTick,0,
f_28066_,pollinating,0,
f_28067_,hoverPos,0,
f_28068_,pollinatingTicks,0,
f_28091_,this$0,0,
f_28098_,lieDownAmountTail,0,
f_28099_,lieDownAmountOTail,0,
f_28100_,relaxStateOneAmount,0,
f_28101_,relaxStateOneAmountO,0,
f_28105_,IS_LYING,0,
f_28106_,RELAX_STATE_ONE,0,
f_28107_,DATA_COLLAR_COLOR,0,
f_28108_,avoidPlayersGoal,0,
f_28109_,temptGoal,0,
f_28110_,lieDownAmount,0,
f_28111_,lieDownAmountO,0,
f_28189_,cat,0,
f_28198_,cat,0,
f_28199_,ownerPlayer,0,
f_28200_,goalPos,0,
f_28201_,onBedTicks,0,
f_28216_,selectedPlayer,0,
f_28217_,cat,0,
f_28226_,flap,0,
f_28227_,flapSpeed,0,
f_28228_,oFlapSpeed,0,
f_28229_,oFlap,0,
f_28230_,flapping,0,
f_28231_,eggTime,0,
f_28232_,isChickenJockey,0,
f_28309_,ALLOWED_ITEMS,0,
f_28310_,MOISTNESS_LEVEL,0,
f_28311_,SWIM_WITH_PLAYER_TARGETING,0,
f_28312_,TREASURE_POS,0,
f_28313_,GOT_FISH,0,
f_283738_,contents,0,
f_283739_,MIN_OPACITY,0,
f_283742_,MIN_NEIGHBORS,0,
f_283743_,COLOR_BLUE,0,
f_283744_,CLAY,0,
f_283745_,WARPED_NYLIUM,0,
f_283746_,MAX_LEVEL,0,
f_283747_,MIN_QUEUE_SIZE,0,
f_283748_,COLOR_BROWN,0,
f_283749_,WARPED_STEM,0,
f_283750_,COLOR_ORANGE,0,
f_283751_,polygonOffset,0,
f_283752_,SIZE,0,
f_283754_,skyLightSources,0,
f_283756_,ADD_SKY_SOURCE_ENTRY,0,
f_283757_,GOLD,0,
f_283758_,minY,0,
f_283759_,REMOVE_TOP_SKY_SOURCE_ENTRY,0,
f_283760_,fontId,0,
f_283761_,SAND,0,
f_283762_,DIRT,0,
f_283763_,DIRECTION_BITS,0,
f_283764_,LOGGER,0,
f_283765_,COLOR_PINK,0,
f_283766_,mapColor,0,
f_283767_,SHERDS_DYNAMIC_DROP_ID,0,
f_283768_,left,0,
f_283769_,GLOW_LICHEN,0,
f_283771_,TERRACOTTA_BLACK,0,
f_283772_,COLOR_CYAN,0,
f_283773_,blockConstructor,0,
f_283774_,TERRACOTTA_BROWN,0,
f_283775_,columnsWithSources,0,
f_283776_,right,0,
f_283777_,MAP_CODEC,0,
f_283778_,TERRACOTTA_LIGHT_GREEN,0,
f_283779_,COLOR_LIGHT_GRAY,0,
f_283780_,normal,0,
f_283781_,replaceableBlocks,0,
f_283782_,fontId,0,
f_283783_,mutablePos2,0,
f_283784_,COLOR_GREEN,0,
f_283785_,modifier,0,
f_283786_,MUSIC_BIOME_JUNGLE,0,
f_283787_,bitWidth,0,
f_283788_,MUSIC_BIOME_FOREST,0,
f_283789_,BLOCK_COUNT,0,
f_283790_,NEGATIVE_INFINITY,0,
f_283791_,TERRACOTTA_LIGHT_BLUE,0,
f_283792_,$SwitchMap$net$minecraft$core$Direction,0,
f_283793_,FLAG_INCREASE_FROM_EMISSION,0,
f_283794_,DIRECTIONS_MASK,0,
f_283795_,servicesKeySet,0,
f_283797_,from,0,
f_283798_,TERRACOTTA_RED,0,
f_283799_,renderTypes,0,
f_283800_,DIGITS_FOR_WIDTH_24,0,
f_283802_,DIGITS_PER_BYTE,0,
f_283803_,DIGITS_FOR_WIDTH_8,0,
f_283804_,CRIMSON_STEM,0,
f_283805_,id,0,
f_283806_,IN_BLOCK_MASK,0,
f_283807_,WARPED_HYPHAE,0,
f_283808_,NONE,0,
f_283811_,SNOW,0,
f_283812_,EMERALD,0,
f_283813_,FROM_LEVEL_BITS,0,
f_283814_,PROPAGATION_DIRECTIONS,0,
f_283815_,MAX_NEIGHBORS,0,
f_283816_,FIRE,0,
f_283817_,MUSIC_BIOME_FLOWER_FOREST,0,
f_283818_,COLOR_GRAY,0,
f_283819_,PODZOL,0,
f_283820_,NETHER,0,
f_283821_,DIAMOND,0,
f_283822_,MAX_BLOCK,0,
f_283823_,decreaseQueue,0,
f_283824_,GRASS,0,
f_283825_,WOOD,0,
f_283826_,builders,0,
f_283828_,ICE,0,
f_283829_,DECORATED_POT_INGREDIENTS,0,
f_283830_,MUSIC_DISC_RELIC,0,
f_283831_,seeThrough,0,
f_283832_,COLOR_YELLOW,0,
f_283833_,lastChunkPos,0,
f_283834_,RAW_CODEC,0,
f_283835_,direction,0,
f_283836_,contents,0,
f_283837_,renderTypes,0,
f_283838_,id,0,
f_283839_,providersToClose,0,
f_283840_,MUSIC_BIOME_DESERT,0,
f_283841_,SNIFFER_DIGGING,0,
f_283843_,TERRACOTTA_YELLOW,0,
f_283844_,DEFAULT_BATCH_SIZE,0,
f_283845_,REMOVE_SKY_SOURCE_ENTRY,0,
f_283846_,TERRACOTTA_CYAN,0,
f_283847_,hasInconsistencies,0,
f_283848_,right,0,
f_283849_,storage,0,
f_283850_,TERRACOTTA_MAGENTA,0,
f_283851_,to,0,
f_283852_,NEIGHBOR_COUNT_BITS,0,
f_283853_,mutablePos,0,
f_283854_,PULL_LIGHT_IN_ENTRY,0,
f_283855_,emptyChunkSources,0,
f_283856_,TERRACOTTA_GREEN,0,
f_283857_,contents,0,
f_283858_,BLOCK_BITS,0,
f_283859_,mutablePos1,0,
f_283860_,CACHE_SIZE,0,
f_283861_,TERRACOTTA_GRAY,0,
f_283862_,MATERIAL_COLORS,0,
f_283863_,blockNodesToCheck,0,
f_283864_,WATER,0,
f_283865_,FLAG_FROM_EMPTY_SHAPE,0,
f_283866_,allProviders,0,
f_283867_,DIGITS_FOR_WIDTH_32,0,
f_283868_,HAS_DATA_BIT,0,
f_283869_,COLOR_LIGHT_BLUE,0,
f_283870_,TERRACOTTA_PINK,0,
f_283871_,col,0,
f_283872_,sectionStates,0,
f_283874_,contents,0,
f_283875_,DEEPSLATE,0,
f_283877_,RAW_IRON,0,
f_283878_,MUSIC_BIOME_SPARSE_JUNGLE,0,
f_283879_,BLOCK_SIZE,0,
f_283880_,mapColor,0,
f_283881_,GSON,0,
f_283882_,contents,0,
f_283883_,CRIMSON_HYPHAE,0,
f_283884_,chunkSource,0,
f_283885_,pack,0,
f_283887_,left,0,
f_283888_,lastChunk,0,
f_283889_,COLOR_PURPLE,0,
f_283890_,decorations,0,
f_283891_,dimensions,0,
f_283892_,TERRACOTTA_PURPLE,0,
f_283893_,mapColor,0,
f_283894_,result,0,
f_283895_,TERRACOTTA_ORANGE,0,
f_283896_,CODEPOINT,0,
f_283897_,dependencies,0,
f_283898_,WARPED_WART_BLOCK,0,
f_283899_,this$0,0,
f_283900_,index,0,
f_283901_,glyphs,0,
f_283905_,heightmap,0,
f_283906_,METAL,0,
f_283907_,TERRACOTTA_LIGHT_GRAY,0,
f_283908_,TERRACOTTA_BLUE,0,
f_283909_,CRIMSON_NYLIUM,0,
f_283910_,MUSIC_DISC_RELIC,0,
f_283911_,empty,0,
f_283912_,LEVEL_MASK,0,
f_283913_,COLOR_RED,0,
f_283915_,PLANT,0,
f_283916_,COLOR_LIGHT_GREEN,0,
f_283919_,TERRACOTTA_WHITE,0,
f_283920_,mutablePos,0,
f_283922_,entries,0,
f_283923_,CODEC,0,
f_283924_,CODEC,0,
f_283925_,SIZE_24,0,
f_283927_,COLOR_BLACK,0,
f_283928_,closeEnoughDistance,0,
f_283929_,DIGITS_FOR_WIDTH_16,0,
f_283930_,WOOL,0,
f_283931_,COLOR_MAGENTA,0,
f_283933_,LAPIS,0,
f_283934_,increaseQueue,0,
f_283935_,display,0,
f_283936_,GLYPH_HEIGHT,0,
f_283937_,MUSIC_BIOME_BADLANDS,0,
f_283938_,blockMap,0,
f_283939_,VALUES,0,
f_283941_,id,0,
f_283942_,QUARTZ,0,
f_283943_,EMPTY,0,
f_283944_,MUSIC_BIOME_BAMBOO_JUNGLE,0,
f_283946_,$SwitchMap$net$minecraft$client$gui$Font$DisplayMode,0,
f_283947_,STONE,0,
f_28399_,dolphin,0,
f_28400_,stuck,0,
f_28409_,dolphin,0,
f_28410_,speedModifier,0,
f_28411_,player,0,
f_28420_,this$0,0,
f_28421_,cooldown,0,
f_28433_,interestedAngleO,0,
f_28434_,crouchAmount,0,
f_28435_,crouchAmountO,0,
f_28436_,ticksSinceEaten,0,
f_28437_,DATA_TYPE_ID,0,
f_28438_,DATA_FLAGS_ID,0,
f_28439_,DATA_TRUSTED_ID_0,0,
f_28440_,DATA_TRUSTED_ID_1,0,
f_28441_,ALLOWED_ITEMS,0,
f_28442_,TRUSTED_TARGET_SELECTOR,0,
f_28443_,STALKABLE_PREY,0,
f_28444_,AVOID_PLAYERS,0,
f_28445_,landTargetGoal,0,
f_28446_,turtleEggTargetGoal,0,
f_28447_,fishTargetGoal,0,
f_28448_,interestedAngle,0,
f_285558_,GUI,0,
f_285559_,compositePredicates,0,
f_285560_,hexFile,0,
f_285561_,LOGGER,0,
f_285562_,CODEC,0,
f_285563_,id,0,
f_285564_,location,0,
f_285565_,ADVANCEMENT_ID,0,
f_285566_,colorLogicState,0,
f_285568_,ADVANCEMENT_MADE,0,
f_285569_,rendertypeGuiGhostRecipeOverlayShader,0,
f_285570_,location,0,
f_285571_,id,0,
f_285572_,surroundEntities,0,
f_285573_,RENDERTYPE_GUI_SHADER,0,
f_285574_,usage,0,
f_285575_,sendsTelemetryEvent,0,
f_285576_,oversample,0,
f_285577_,ascent,0,
f_285578_,millis,0,
f_285579_,GREATER_DEPTH_TEST,0,
f_285580_,advances,0,
f_285581_,outsideSessionSender,0,
f_285582_,RENDERTYPE_GUI_GHOST_RECIPE_OVERLAY_SHADER,0,
f_285583_,codec,0,
f_285584_,shift,0,
f_285585_,NO_COLOR_LOGIC,0,
f_285586_,LOAD_TIME_BOOTSTRAP_MS,0,
f_285589_,GAME_LOAD_TIMES,0,
f_285590_,size,0,
f_285591_,CODEC,0,
f_285593_,DEBUG_SUPPORT_BLOCKS,0,
f_285594_,telemetryManager,0,
f_285595_,resultProvider,0,
f_285596_,x,0,
f_285597_,y,0,
f_285598_,rendertypeGuiOverlayShader,0,
f_285599_,CODEPOINT_GRID_CODEC,0,
f_285600_,colorLogicState,0,
f_285602_,lastUpdateTime,0,
f_285603_,OR_REVERSE_COLOR_LOGIC,0,
f_285605_,LOAD_TIME_TOTAL_TIME_MS,0,
f_285606_,CODEC,0,
f_285607_,CODEC,0,
f_285608_,bootstrapDuration,0,
f_285609_,terms,0,
f_285610_,managed,0,
f_285611_,codepointGrid,0,
f_285612_,providers,0,
f_285613_,NONE,0,
f_285614_,minigameName,0,
f_285616_,composedPredicate,0,
f_285617_,CODEC,0,
f_285618_,CODEC,0,
f_285619_,RENDERTYPE_GUI_OVERLAY_SHADER,0,
f_285620_,minigameName,0,
f_285622_,conditions,0,
f_285623_,rendertypeGuiTextHighlightShader,0,
f_285624_,GUI_OVERLAY,0,
f_285625_,ADVANCEMENT_GAME_TIME,0,
f_285626_,sizeOverrides,0,
f_285627_,DIGGING_DIMENSIONS,0,
f_285628_,minecraft,0,
f_285629_,LOAD_TIME_LOADING_OVERLAY_MS,0,
f_285630_,name,0,
f_285631_,file,0,
f_285633_,terms,0,
f_285634_,REALMS_MAP_CONTENT,0,
f_285635_,INSTANCE,0,
f_285636_,timeSource,0,
f_285637_,ADVANCEMENT_LOCATION,0,
f_285638_,mainSupportingBlockPos,0,
f_285639_,GUI_GHOST_RECIPE_OVERLAY,0,
f_285640_,DIGGING_BB_HEIGHT_OFFSET,0,
f_285642_,RENDERTYPE_GUI_TEXT_HIGHLIGHT_SHADER,0,
f_285643_,ANY_OF,0,
f_285644_,bootstrapTime,0,
f_285645_,CODEC,0,
f_285646_,ALL_OF,0,
f_285647_,CODEC,0,
f_285648_,supportBlockRenderer,0,
f_285649_,LOAD_TIME_PRE_WINDOW_MS,0,
f_285651_,DEBUG_DONT_SEND_TELEMETRY_TO_BACKEND,0,
f_285652_,SKIP_LIST_CODEC,0,
f_285653_,rendertypeGuiShader,0,
f_285654_,id,0,
f_285655_,sendsTelemetryEvent,0,
f_285657_,skip,0,
f_285658_,LAUNCHER_NAME,0,
f_285659_,measurements,0,
f_285660_,height,0,
f_285661_,CODEC,0,
f_285662_,GUI_TEXT_HIGHLIGHT,0,
f_28628_,this$0,0,
f_28629_,trustedLastHurtBy,0,
f_28630_,trustedLastHurt,0,
f_28631_,timestamp,0,
f_28640_,countdown,0,
f_28641_,this$0,0,
f_28649_,this$0,0,
f_28656_,this$0,0,
f_28657_,alertableTargeting,0,
f_28671_,ticksWaited,0,
f_28672_,this$0,0,
f_28687_,this$0,0,
f_286932_,WORLD_TYPE,0,
f_286933_,fightOrigin,0,
f_286934_,level,0,
f_286935_,NAME,0,
f_286936_,RIGHT_NOW,0,
f_286937_,ENTITY_TICKING_LEVEL,0,
f_28693_,fox,0,
f_286941_,SEED,0,
f_286942_,onGroundNoBlocks,0,
f_286945_,params,0,
f_286948_,CODEC,0,
f_286949_,MAX_LEVEL,0,
f_286951_,items,0,
f_286952_,DESCRIPTION,0,
f_286953_,WARNING,0,
f_286954_,sequences,0,
f_286955_,dynamicDrops,0,
f_286956_,width,0,
f_286957_,luck,0,
f_286958_,randomSequence,0,
f_286960_,GAME_SERVER_VERSION,0,
f_286961_,UPLOADED,0,
f_286962_,UNABLE_TO_LOAD_WORLD,0,
f_286963_,BASE_JUMP_POWER,0,
f_286964_,genericKill,0,
f_286965_,QUESTION_TITLE,0,
f_286966_,$SwitchMap$net$minecraft$server$level$FullChunkStatus,0,
f_286967_,MAX_LEVEL,0,
f_286969_,randomSequences,0,
f_286970_,ENABLED_PACK,0,
f_286972_,height,0,
f_286973_,OUTSIDE_BORDER,0,
f_286974_,TEMPLATE_NAME,0,
f_286975_,INFO,0,
f_286976_,BLOCK_TICKING_LEVEL,0,
f_286977_,params,0,
f_286978_,GAME_DIFFICULTY,0,
f_286979_,GENERIC_KILL,0,
f_286980_,DELTA_AFFECTED_BY_BLOCKS_BELOW_0_2,0,
f_286982_,skipArenaLoadedCheck,0,
f_286983_,level,0,
f_286984_,LOGGER,0,
f_286985_,origin,0,
f_286986_,dynamicDrops,0,
f_286987_,MINIGAME,0,
f_286988_,MAX_LEVEL,0,
f_286989_,GUI_OK,0,
f_286990_,GAME_MODE,0,
f_286991_,validPlayer,0,
f_286992_,CODEC,0,
f_286994_,DELTA_AFFECTED_BY_BLOCKS_BELOW_0_5,0,
f_286998_,menu,0,
f_286999_,CODEC,0,
f_287000_,luck,0,
f_287001_,UNDEFINED,0,
f_287003_,randomSequence,0,
f_287004_,source,0,
f_287007_,FULL_CHUNK_LEVEL,0,
f_287008_,outsideBorder,0,
f_287009_,DELTA_AFFECTED_BY_BLOCKS_BELOW_1_0,0,
f_28701_,type,0,
f_28704_,this$0,0,
f_28712_,this$0,0,
f_28717_,this$0,0,
f_28727_,this$0,0,
f_28731_,this$0,0,
f_28736_,this$0,0,
f_28745_,this$0,0,
f_28751_,this$0,0,
f_28760_,this$0,0,
f_28761_,relX,0,
f_28762_,relZ,0,
f_28763_,lookTime,0,
f_28764_,looksRemaining,0,
f_28773_,this$0,0,
f_28774_,interval,0,
f_287786_,onRails,0,
f_287787_,detail,0,
f_287788_,MD5_128,0,
f_287789_,title,0,
f_287790_,KEY_KEYBOARD_UNKNOWN,0,
f_287791_,lastClickTime,0,
f_287792_,SINGLE_QUOTED_KEY_START,0,
f_287793_,ERROR_INVALID_SUBSTRING,0,
f_28780_,this$0,0,
f_28781_,countdown,0,
f_28789_,this$0,0,
f_28798_,BY_ID,0,
f_28800_,id,0,
f_28801_,name,0,
f_28826_,DATA_FLAGS_ID,0,
f_28827_,PERSISTENT_ANGER_TIME,0,
f_28828_,remainingPersistentAngerTime,0,
f_28829_,persistentAngerTarget,0,
f_28830_,attackAnimationTick,0,
f_28831_,offerFlowerTick,0,
f_289026_,id,0,
f_289027_,TWISTING_VINES,0,
f_289028_,WIDTH,0,
f_289029_,closed,0,
f_289030_,SCAFFOLDING,0,
f_289031_,WEEPING_VINES,0,
f_289032_,GUI_Z_NEAR,0,
f_289033_,OTHER_CLIMBABLE,0,
f_289034_,textureManager,0,
f_289035_,LADDER,0,
f_289036_,MISSING_LOCATION,0,
f_289037_,textureLocation,0,
f_289038_,MIN_GUI_Z,0,
f_289039_,VINES,0,
f_289040_,GENERIC,0,
f_289041_,WORLD_ICON_SIZE,0,
f_289042_,fallLocation,0,
f_289043_,texture,0,
f_289044_,MAX_GUI_Z,0,
f_289045_,HEIGHT,0,
f_289046_,WATER,0,
f_28908_,DATA_TYPE,0,
f_28911_,lastLightningBoltUUID,0,
f_289574_,screenExecutor,0,
f_289575_,message,0,
f_289576_,inviteButton,0,
f_289577_,GRAY,0,
f_289578_,INVITING_PLAYER_TEXT,0,
f_28960_,type,0,
f_28961_,blockState,0,
f_289701_,font,0,
f_289702_,dragonUUID,0,
f_289703_,isRespawning,0,
f_289704_,previouslyKilled,0,
f_289705_,gateways,0,
f_289706_,multilineWidget,0,
f_289707_,CODEC,0,
f_289708_,exitPortalLocation,0,
f_289709_,DEFAULT,0,
f_289710_,needsStateScanning,0,
f_289711_,dragonKilled,0,
f_289816_,worldDirValidator,0,
f_289818_,compiledPaths,0,
f_289820_,entries,0,
f_289821_,COMMENT_PREFIX,0,
f_289822_,directory,0,
f_289823_,symlinkTargetAllowList,0,
f_289824_,ALLOWED_SYMLINKS_CONFIG_NAME,0,
f_289826_,link,0,
f_289828_,FILESYSTEM,0,
f_289829_,GUI_OPEN_IN_BROWSER,0,
f_28982_,DATA_TRUSTING,0,
f_289830_,type,0,
f_289831_,val$issues,0,
f_289832_,LOGGER,0,
f_289833_,NO_SYMLINKS_ALLOWED,0,
f_289834_,this$0,0,
f_289835_,entries,0,
f_289836_,SYMLINK_HELP,0,
f_289837_,GUI_COPY_LINK_TO_CLIPBOARD,0,
f_289838_,PREFIX,0,
f_289839_,pattern,0,
f_28983_,ocelotAvoidPlayersGoal,0,
f_289840_,target,0,
f_28984_,temptGoal,0,
f_289993_,state,0,
f_289994_,pos,0,
f_290019_,ABORT_CONNECTION,0,
f_290020_,channelFuture,0,
f_290021_,delayedDisconnect,0,
f_290306_,val$tasks,0,
f_290307_,spriteWidth,0,
f_290308_,CLOSE_SPRITE,0,
f_290309_,createdAt,0,
f_290310_,sendSync,0,
f_290311_,TITLE,0,
f_290312_,compiled,0,
f_290313_,AND,0,
f_290314_,directions,0,
f_290315_,SLOT_RENAMES,0,
f_290316_,desiredChunksPerTick,0,
f_290317_,telemetryManager,0,
f_290318_,val$server,0,
f_290319_,REJECT_SPRITE,0,
f_290320_,effectMap,0,
f_290321_,NO_MESSAGE,0,
f_290323_,report,0,
f_290325_,ON_DESERT_VILLAGE_MAPS,0,
f_290326_,scale,0,
f_290327_,inventory,0,
f_290328_,CHART_HEIGHT,0,
f_290330_,isDebug,0,
f_290331_,LOGGER,0,
f_290332_,aggregatedNanosPerChunk,0,
f_290333_,YELLOW,0,
f_290334_,HEART_VEHICLE_HALF_SPRITE,0,
f_290336_,SLOT_FRAME_SPRITE,0,
f_290338_,AS_CODEC,0,
f_290339_,texture,0,
f_290341_,CONTENT_WIDTH,0,
f_290342_,LOGGER,0,
f_290343_,waitingForSwitchToConfig,0,
f_290344_,SADDLE_SLOT_SPRITE,0,
f_290345_,features,0,
f_290346_,CODEC,0,
f_290347_,PERSISTED_COMMANDS_FILE_NAME,0,
f_290348_,codec,0,
f_290349_,textureUrl,0,
f_290350_,distAtCreation,0,
f_290351_,ERROR_RANGE_TOO_LARGE,0,
f_290352_,CONCRETE_POWDER,0,
f_290353_,SYMLINK_PACK_TITLE,0,
f_290354_,CRAFTING_OVERLAY_HIGHLIGHTED_SPRITE,0,
f_290355_,CODEC,0,
f_290356_,chatColors,0,
f_290358_,BREW_PROGRESS_SPRITE,0,
f_290359_,TITLE,0,
f_290360_,SPONGE_PLACE,0,
f_290361_,BUTTON_SPACING,0,
f_290362_,ID_MAP,0,
f_290363_,RECORD_CODEC,0,
f_290364_,CONTINUATION_BIT_MASK,0,
f_290365_,DIR_VALIDATOR,0,
f_290366_,FOOD_FULL_HUNGER_SPRITE,0,
f_290367_,suspendFlushingOnServerThread,0,
f_290368_,HOTBAR_SELECTION_SPRITE,0,
f_290369_,ERROR_CODE,0,
f_290370_,font,0,
f_290371_,bb,0,
f_290373_,EXPIRES_SOON_SPRITE,0,
f_290374_,OVERLAY_RECIPE_SPRITE,0,
f_290377_,chatReportable,0,
f_290378_,MOVE_UP_SPRITE,0,
f_290379_,lerpZ,0,
f_290380_,id,0,
f_290382_,RESET_WORLD_SUBTITLE,0,
f_290383_,SWAMP_MAP,0,
f_290384_,oldSamplesWeight,0,
f_290385_,HEART_CONTAINER_BLINKING_SPRITE,0,
f_290386_,SCROLLER_DISABLED_SPRITE,0,
f_290387_,val$dataFixer,0,
f_290388_,SAVED_DATA_SCOREBOARD,0,
f_290389_,pos,0,
f_290390_,OUT_OF_STOCK_SPRITE,0,
f_290391_,hasBlocks,0,
f_290392_,doLimitedCrafting,0,
f_290393_,ON_SWAMP_EXPLORER_MAPS,0,
f_290394_,GREEN,0,
f_290395_,BACKGROUND_SPRITE,0,
f_290397_,TAG_TRANSFORMATION_START_INTERPOLATION,0,
f_290398_,BG_TEXTURE_WIDTH,0,
f_290399_,openSet,0,
f_290401_,ARMOR_STAND_TRANSLATION,0,
f_290403_,BUTTON_WIDTH,0,
f_290404_,HOTBAR_SELECTION_SPRITE,0,
f_290405_,TYPED_CODEC,0,
f_290406_,val$codec,0,
f_290407_,sprites,0,
f_290409_,renderableBlockEntities,0,
f_290410_,UNCOMPILED,0,
f_290411_,profileFuture,0,
f_290413_,maxUnacknowledgedBatches,0,
f_290414_,CLOSED_SPRITE,0,
f_290415_,this$0,0,
f_290416_,PING_1_SPRITE,0,
f_290417_,CODEC,0,
f_290418_,CURSOR_BLINK_INTERVAL_MS,0,
f_290420_,id,0,
f_290421_,functions,0,
f_290422_,TYPED_CODEC,0,
f_290423_,CODEC,0,
f_290424_,CODEC,0,
f_290425_,REPORT_SENT_MESSAGE,0,
f_290426_,LOGGER,0,
f_290428_,SNOWY_MAP,0,
f_290429_,SERVICE_BUSY,0,
f_290430_,WET_SPONGE_FALL,0,
f_290431_,SCROLLER_SPRITE,0,
f_290432_,UNMUTE_BUTTON_SPRITES,0,
f_290433_,codec,0,
f_290434_,DEFAULT,0,
f_290435_,ROTATION_X_LIMIT,0,
f_290436_,ARMOR_FULL_SPRITE,0,
f_290437_,LIMITED_CRAFTING,0,
f_290439_,MAP_SPRITE,0,
f_290440_,CODEC,0,
f_290441_,RED,0,
f_290442_,id,0,
f_290445_,sprite,0,
f_290446_,sectionRenderDispatcher,0,
f_290447_,action,0,
f_290448_,center,0,
f_290449_,toBatchHighPriority,0,
f_290450_,message,0,
f_290451_,MARKED_JOIN_HIGHLIGHTED_SPRITE,0,
f_290452_,elytraTexture,0,
f_290453_,bottom,0,
f_290454_,defaultChildLayoutSettings,0,
f_290455_,PING_5_SPRITE,0,
f_290456_,CODEC,0,
f_290457_,ARMOR_TRIMS_DECAL_SHEET_TYPE,0,
f_290458_,color,0,
f_290459_,CODEC,0,
f_290460_,scaling,0,
f_290461_,payload,0,
f_290463_,SYMLINK_WORLD_TITLE,0,
f_290464_,xp,0,
f_290465_,serverData,0,
f_290466_,codec,0,
f_290467_,CONTENT_MARGIN_TOP,0,
f_290468_,GETTER_CODEC,0,
f_290469_,payload,0,
f_290470_,orientation,0,
f_290471_,PING_UNKNOWN_SPRITE,0,
f_290472_,gossips,0,
f_290473_,MAX_OLD_SAMPLES_WEIGHT,0,
f_290474_,ON_JUNGLE_EXPLORER_MAPS,0,
f_290475_,CODEC,0,
f_290476_,closedSet,0,
f_290477_,CODEC,0,
f_290479_,CODEC,0,
f_290480_,CODEC,0,
f_290482_,CREATE_WORLD_RESET_TASK_TITLE,0,
f_290483_,CODEC,0,
f_290484_,region,0,
f_290485_,model,0,
f_290486_,isFlat,0,
f_290487_,trades,0,
f_290488_,index,0,
f_290489_,BACKGROUND_SPRITE,0,
f_290490_,ERROR_SPRITE,0,
f_290491_,pos,0,
f_290492_,message,0,
f_290493_,TAG_POS_ROT_INTERPOLATION_DURATION,0,
f_290494_,SLOT_SPRITE,0,
f_290495_,commentBox,0,
f_290496_,GREEN,0,
f_290497_,CODEC,0,
f_290498_,CODEC,0,
f_290499_,CODEC,0,
f_29049_,ocelot,0,
f_290500_,LATENCY_CHECK_INTERVAL,0,
f_290501_,MAX_PAYLOAD_SIZE,0,
f_290502_,httpCode,0,
f_290504_,TYPED_CODEC,0,
f_290505_,HEART_HALF_BLINKING_SPRITE,0,
f_290506_,value,0,
f_290507_,codec,0,
f_290508_,MODEL_OFFSET,0,
f_290510_,map,0,
f_290511_,SORT_UP_SPRITE,0,
f_290512_,CODEC,0,
f_290513_,EFFECT_BACKGROUND_SPRITE,0,
f_290514_,SPONGE_HIT,0,
f_290516_,EXPERIMENTAL_TRADES,0,
f_290518_,SLOT_UNCRAFTABLE_SPRITE,0,
f_290520_,RED,0,
f_290521_,DISCARD,0,
f_290523_,SCROLL_BAR_WIDTH,0,
f_290524_,layout,0,
f_290525_,DUPLICATED_MAP_SPRITE,0,
f_290526_,val$rawAddress,0,
f_290527_,SCROLLER_DISABLED_SPRITE,0,
f_290528_,salt,0,
f_290529_,SKIN_BAN_DESCRIPTION,0,
f_290530_,DISCONNECT_PACKET_ID,0,
f_290531_,EXPERIENCES_TITLE,0,
f_290532_,TITLE,0,
f_290533_,CODEC,0,
f_290534_,CODEC,0,
f_290536_,entityId,0,
f_290537_,CODEC,0,
f_290539_,GET_INFO_PACKET_ID,0,
f_290540_,EFFECT_BACKGROUND_LARGE_SPRITE,0,
f_290541_,advancementNode,0,
f_290542_,CLOSE_TEXT,0,
f_290543_,CHECKBOX_HIGHLIGHTED_SPRITE,0,
f_290544_,hivePos,0,
f_290545_,ERROR_SPRITE,0,
f_290546_,GUI_DISCONNECT,0,
f_290547_,slimModel,0,
f_290548_,resetTaskTitle,0,
f_290549_,connection,0,
f_290550_,this$1,0,
f_290551_,renderFpsCharts,0,
f_290552_,layout,0,
f_290553_,reason,0,
f_290554_,onClose,0,
f_290555_,storage,0,
f_290557_,CREATE_REALM_TITLE,0,
f_290558_,layout,0,
f_290560_,potentialPois,0,
f_290561_,REPORT_SENDING_TITLE,0,
f_290562_,CODEC,0,
f_290563_,SCROLLER_DISABLED_SPRITE,0,
f_290564_,this$0,0,
f_290565_,clientInformation,0,
f_290566_,SLOTS_CODEC,0,
f_290567_,min,0,
f_290568_,SCROLLER_SPRITE,0,
f_290569_,CODEC,0,
f_290571_,TEXT_FIELD_DISABLED_SPRITE,0,
f_290572_,ROTATION_SENSITIVITY,0,
f_290573_,REJECT_INVITE,0,
f_290574_,challengeFrameSprite,0,
f_290575_,BAR_PROGRESS_SPRITES,0,
f_290576_,REJECT_HIGHLIGHTED_SPRITE,0,
f_290577_,supportedFormats,0,
f_290578_,position,0,
f_290579_,validator,0,
f_290580_,targetDeltaMovement,0,
f_290581_,CODEC,0,
f_290582_,INSTANCE,0,
f_290583_,sectionGridSizeZ,0,
f_290586_,PINGING_1_SPRITE,0,
f_290587_,CODEC,0,
f_290588_,BACKGROUND_SPRITES,0,
f_290589_,seed,0,
f_29058_,ocelot,0,
f_290590_,HEADER_SPRITE,0,
f_290591_,textureWidth,0,
f_290592_,spawnTerrainParticles,0,
f_290593_,CODEC,0,
f_290594_,honeyLevel,0,
f_290595_,CODEC,0,
f_290596_,layout,0,
f_290597_,TYPE,0,
f_290598_,CODEC,0,
f_290599_,MAX_PAYLOAD_SIZE,0,
f_290600_,PING_3_SPRITE,0,
f_290601_,lastDeathLocation,0,
f_290602_,camera,0,
f_290603_,toBatchCount,0,
f_290604_,boundingBox,0,
f_290608_,needsFullUpdate,0,
f_290609_,trialAvailable,0,
f_290611_,renderer,0,
f_290612_,CODEC,0,
f_290613_,itemStack,0,
f_290614_,IMAGE_WIDTH,0,
f_290616_,sectionsToPropagateFrom,0,
f_290617_,MAX_PAYLOAD_SIZE,0,
f_290618_,SPONGE_STEP,0,
f_290619_,path,0,
f_290620_,UNSEEN_NOTIFICATION_SPRITE,0,
f_290621_,nodes,0,
f_290623_,YELLOW,0,
f_290624_,val$rawAddress,0,
f_290625_,TIMEOUT_DISCONNECTION_MESSAGE,0,
f_290626_,CODEC,0,
f_290627_,CHECKBOX_SELECTED_SPRITE,0,
f_290628_,gameProfile,0,
f_290629_,this$0,0,
f_290630_,CRAFTING_OVERLAY_DISABLED_HIGHLIGHTED_SPRITE,0,
f_290632_,isHighPriority,0,
f_290633_,DRAFT,0,
f_290635_,ADVENTURES_TITLE,0,
f_290636_,CODEC,0,
f_290637_,pos,0,
f_290638_,builtInRegistryHolder,0,
f_290639_,CODEC,0,
f_290640_,OVERLAY_PROGRESS_SPRITES,0,
f_290642_,SCROLL_RIGHT_SPRITE,0,
f_290643_,viewArea,0,
f_290644_,HEART_ABSORBING_HALF_BLINKING_SPRITE,0,
f_290645_,MARGIN,0,
f_290646_,angerLevel,0,
f_290647_,SEQUENCE,0,
f_290648_,FORMULA_CODEC,0,
f_290649_,effects,0,
f_290650_,DATA_TRANSFORMATION_INTERPOLATION_DURATION_ID,0,
f_290651_,targetXRot,0,
f_290652_,metadata,0,
f_290653_,pingLogger,0,
f_290655_,SLOT_MANY_CRAFTABLE_SPRITE,0,
f_290656_,notificationCount,0,
f_290657_,OFFSET_CODEC,0,
f_290658_,MOB_EFFECT_INSTANCE_CARRIER_ITEMS,0,
f_290659_,EXPERIENCE_BAR_BACKGROUND_SPRITE,0,
f_29065_,sitAmountO,0,
f_290660_,TAG_ACTIVE_EFFECTS,0,
f_290661_,TITLE,0,
f_290662_,selectMessagesButton,0,
f_290663_,TITLE,0,
f_290664_,chunkSender,0,
f_290665_,allowsListing,0,
f_290666_,CODEC,0,
f_290667_,this$0,0,
f_290668_,viewDistance,0,
f_290669_,worldSeed,0,
f_29066_,onBackAmount,0,
f_290670_,CODEC,0,
f_290671_,pingDebugMonitor,0,
f_290672_,steps,0,
f_290673_,INVITE_SPRITE,0,
f_290674_,CODEC,0,
f_290675_,entityStruck,0,
f_290676_,commandHistory,0,
f_290677_,INLINE_CODEC,0,
f_290678_,OPEN_SPRITE,0,
f_290679_,serverViewDistance,0,
f_29067_,onBackAmountO,0,
f_290681_,disconnectListener,0,
f_290682_,JOIN_HIGHLIGHTED_SPRITE,0,
f_290684_,content,0,
f_290685_,triggerInstance,0,
f_290686_,font,0,
f_290687_,this$1,0,
f_290688_,children,0,
f_290689_,pendingChunks,0,
f_29068_,rollAmount,0,
f_290690_,PATTERN_SELECTED_SPRITE,0,
f_290691_,configurationTasks,0,
f_290692_,freeTicketCount,0,
f_290693_,BANNER_SLOT_SPRITE,0,
f_290694_,FOOD_EMPTY_SPRITE,0,
f_290695_,holder,0,
f_290696_,types,0,
f_290697_,localGameProfile,0,
f_290698_,val$sprites,0,
f_290699_,z,0,
f_29069_,rollAmountO,0,
f_290700_,CODEC,0,
f_290701_,compositeFunction,0,
f_290702_,pos,0,
f_290703_,val$map,0,
f_290704_,SPRITES,0,
f_290705_,CHEST_SLOTS_SPRITE,0,
f_290706_,height,0,
f_290707_,NO_REALMS_TEXT,0,
f_290708_,LIT_PROGRESS_SPRITE,0,
f_29070_,lookAtPlayerGoal,0,
f_290711_,CROSSHAIR_ATTACK_INDICATOR_PROGRESS_SPRITE,0,
f_290712_,UNSELECT_HIGHLIGHTED_SPRITE,0,
f_290713_,mailbox,0,
f_290714_,right,0,
f_290715_,IMAGE_HEIGHT,0,
f_290716_,targetY,0,
f_290717_,CODEC,0,
f_29071_,PANDA_ITEMS,0,
f_290720_,CODEC,0,
f_290722_,CURSOR_BLINK_INTERVAL_MS,0,
f_290724_,builtInRegistryHolder,0,
f_290726_,maxLevel,0,
f_290727_,CODEC,0,
f_290728_,MORE_COMMENTS_NARRATION,0,
f_290729_,limits,0,
f_29072_,rollCounter,0,
f_290730_,previousGameType,0,
f_290731_,dimension,0,
f_290732_,CODEC,0,
f_290733_,player,0,
f_290734_,BUTTON_SPACING,0,
f_290736_,CODEC,0,
f_290737_,validator,0,
f_290738_,lastSeen,0,
f_290739_,CODEC,0,
f_29073_,UNHAPPY_COUNTER,0,
f_290740_,CONTINUATION_BIT_MASK,0,
f_290741_,future,0,
f_290742_,websiteButton,0,
f_290743_,CODEC,0,
f_290744_,name,0,
f_290745_,width,0,
f_290746_,chunksWaitingForNeighbors,0,
f_290747_,SKIN_BAN_TITLE,0,
f_290748_,MAX_UNACKNOWLEDGED_BATCHES,0,
f_290749_,PING_5_SPRITE,0,
f_29074_,SNEEZE_COUNTER,0,
f_290753_,VALUE_CODEC,0,
f_290754_,BUTTON_COLUMNS,0,
f_290755_,language,0,
f_290756_,SAVED_DATA_STRUCTURE_FEATURE_INDICES,0,
f_290757_,targetNodes,0,
f_290758_,MOVE_DOWN_SPRITE,0,
f_290759_,NAME_BAN_TITLE,0,
f_29075_,EAT_COUNTER,0,
f_290760_,ENCHANTMENT_SLOT_SPRITE,0,
f_290761_,pos,0,
f_290762_,enabledFocused,0,
f_290763_,JOIN_SPRITE,0,
f_290764_,CAMEL_SAND_STEP_SOUND_BLOCKS,0,
f_290765_,sprite,0,
f_290766_,emeraldAmount,0,
f_290767_,CODEC,0,
f_290768_,JOIN_HIGHLIGHTED_SPRITE,0,
f_290769_,onPress,0,
f_29076_,MAIN_GENE_ID,0,
f_290772_,priority,0,
f_290773_,SKIN_WIDTH,0,
f_290774_,WIDTH,0,
f_290775_,bytesReceived,0,
f_290776_,visibleSections,0,
f_290778_,STATUS_ID,0,
f_290779_,WARNING_SPRITE,0,
f_29077_,HIDDEN_GENE_ID,0,
f_290780_,chunkTrackingView,0,
f_290781_,SAVANNA_MAP,0,
f_290783_,criteria,0,
f_290784_,connection,0,
f_290785_,gameLoadFinished,0,
f_290786_,val$mainThreadExecutor,0,
f_290787_,message,0,
f_29078_,DATA_ID_FLAGS,0,
f_290790_,fullBlinking,0,
f_290791_,LOGGER,0,
f_290792_,BUTTON_SPRITE,0,
f_290793_,model,0,
f_290794_,fixedBuffers,0,
f_290795_,codec,0,
f_290796_,blockEntities,0,
f_290798_,modelCustomisation,0,
f_290799_,DEFAULT_COLOR,0,
f_29079_,BREED_TARGETING,0,
f_290800_,green,0,
f_290801_,transactionId,0,
f_290802_,ACCEPT_HIGHLIGHTED_SPRITE,0,
f_290803_,TITLE,0,
f_290804_,CREATE_WORLD_SUBTITLE,0,
f_290805_,CUSTOM_PAYLOAD_PACKET_PING_CHANNEL,0,
f_290807_,MAX_VARLONG_SIZE,0,
f_290808_,CODEC,0,
f_290809_,DEFAULT_ROTATION_X,0,
f_29080_,gotBamboo,0,
f_290810_,suspiciousStewEffects,0,
f_290813_,DRAFT_REPORT_SPRITE,0,
f_290814_,CODEC,0,
f_290815_,SELECT_HIGHLIGHTED_SPRITE,0,
f_290816_,NO_REPORTED_MESSAGES,0,
f_290817_,INLINE_CODEC,0,
f_290818_,SORT_DOWN_SPRITE,0,
f_290819_,SPONGE_ABSORB,0,
f_29081_,didBite,0,
f_290820_,hiveType,0,
f_290821_,ON_TAIGA_VILLAGE_MAPS,0,
f_290822_,roots,0,
f_290823_,EMPTY,0,
f_290824_,villageChunks,0,
f_290825_,HEART_ABSORBING_FULL_BLINKING_SPRITE,0,
f_290826_,BABY_SCALE,0,
f_290827_,LOGGER,0,
f_290828_,lastCameraSectionZ,0,
f_290829_,content,0,
f_29082_,rollDelta,0,
f_290830_,CODEC,0,
f_290832_,COLOR_GREY,0,
f_290833_,HOTBAR_ATTACK_INDICATOR_BACKGROUND_SPRITE,0,
f_290835_,keepAliveTime,0,
f_290838_,lerpXRot,0,
f_29083_,sitAmount,0,
f_290840_,pos,0,
f_290841_,toUpload,0,
f_290842_,tree,0,
f_290843_,RETRY_MESSAGE,0,
f_290844_,wrapped,0,
f_290845_,uuid,0,
f_290846_,availability,0,
f_290847_,LOCKED_SPRITE,0,
f_290848_,COMMENT_TOO_LONG,0,
f_290849_,CODEC,0,
f_290850_,primaryPackResources,0,
f_290851_,clientInformation,0,
f_290852_,PING_4_SPRITE,0,
f_290853_,reportType,0,
f_290854_,NEW_REALM_SPRITE,0,
f_290855_,head,0,
f_290857_,SPONGE_BREAK,0,
f_290859_,enabledFeatures,0,
f_290860_,skin,0,
f_290861_,CODEC,0,
f_290862_,bandwidthLogger,0,
f_290863_,info,0,
f_290864_,MAX_ABSORPTION,0,
f_290866_,duration,0,
f_290867_,DEFAULT_ATTACK_REACH,0,
f_290868_,MOVE_UP_HIGHLIGHTED_SPRITE,0,
f_290869_,output,0,
f_290870_,random,0,
f_290871_,secure,0,
f_290873_,monitor,0,
f_290874_,key,0,
f_290875_,CODEC,0,
f_290876_,id,0,
f_290877_,delayTimer,0,
f_290878_,CODEC,0,
f_290879_,goals,0,
f_290880_,CONTENT_WIDTH,0,
f_290881_,pendingActions,0,
f_290883_,SAVED_DATA_MAP_INDEX,0,
f_290884_,BUTTON_SELECTED_SPRITE,0,
f_290885_,id,0,
f_290886_,reason,0,
f_290887_,listenerPos,0,
f_290888_,min,0,
f_290889_,spawnTerrainParticles,0,
f_290890_,httpCode,0,
f_290891_,ACCEPT_SPRITE,0,
f_290892_,layout,0,
f_290893_,TYPE,0,
f_290895_,SPRITES,0,
f_290896_,PLAINS_MAP,0,
f_290897_,maxHealth,0,
f_290898_,$SwitchMap$com$mojang$realmsclient$client$RealmsClient$Environment,0,
f_290899_,commonPlayerSpawnInfo,0,
f_290900_,Z_OFFSET,0,
f_290901_,CODEC,0,
f_290903_,lastScreen,0,
f_290904_,FUEL_LENGTH_SPRITE,0,
f_290906_,LIGHT_GRAY,0,
f_290907_,CODEC,0,
f_290908_,PAGE_BACKWARD_SPRITE,0,
f_290909_,WET_SPONGE_PLACE,0,
f_290910_,CUSTOM_PAYLOAD_PACKET_ID,0,
f_290911_,BUTTON_SPACING,0,
f_290913_,LLAMA_ARMOR_SLOT_SPRITE,0,
f_290914_,MUTE_BUTTON_SPRITES,0,
f_290915_,PAGE_FORWARD_HIGHLIGHTED_SPRITE,0,
f_290917_,POWERED,0,
f_290918_,selectReasonButton,0,
f_290919_,METADATA_SECTIONS,0,
f_290920_,visibilitySet,0,
f_290921_,BY_ID,0,
f_290922_,SPRITES,0,
f_290923_,LIT_PROGRESS_SPRITE,0,
f_290924_,EXPIRED_SPRITE,0,
f_290925_,lastClickTime,0,
f_290926_,DEBUG_UNLOCK_ALL_TRADES,0,
f_290927_,builders,0,
f_290929_,PENDING_INVITES,0,
f_290930_,BAR_BACKGROUND_SPRITES,0,
f_290931_,LIST_OF_STRINGS_TYPE,0,
f_290932_,language,0,
f_290933_,CHART_TOP_VALUE,0,
f_290935_,NO_EFFECT,0,
f_290936_,entityId,0,
f_290937_,type,0,
f_290938_,MOVE_UP_SPRITE,0,
f_290939_,HEART_VEHICLE_CONTAINER_SPRITE,0,
f_290940_,batchQuota,0,
f_290941_,CODEC,0,
f_290943_,effects,0,
f_290944_,GREEN,0,
f_290945_,durationMs,0,
f_290946_,elytraTextures,0,
f_290947_,CODEC,0,
f_290948_,LOGGER,0,
f_290949_,CODEC,0,
f_290950_,reportedMessages,0,
f_290951_,id,0,
f_290952_,value,0,
f_290953_,PINGING_3_SPRITE,0,
f_290954_,stewEffects,0,
f_290955_,BACKGROUND_SPRITE,0,
f_290957_,targetX,0,
f_290959_,RECORD_CODEC,0,
f_290960_,logIPs,0,
f_290961_,pos,0,
f_290962_,DEFAULT_MODEL_CUSTOMIZATION,0,
f_290963_,health,0,
f_290964_,CODEC,0,
f_290965_,CAROUSEL_SWITCH_INTERVAL,0,
f_290966_,SIZE,0,
f_290968_,HEART_HALF_SPRITE,0,
f_290969_,pendingInvites,0,
f_290970_,SCALED_MAP_SPRITE,0,
f_290971_,ENTITY_ACTION,0,
f_290973_,EXPERIENCE_BAR_CURRENT_SPRITE,0,
f_290974_,TITLE,0,
f_290976_,decal,0,
f_290977_,narratorHotkey,0,
f_290978_,commentBox,0,
f_290980_,ENABLED_LEVEL_SPRITES,0,
f_290981_,texture,0,
f_290983_,codec,0,
f_290986_,FOOTER_PADDING,0,
f_290987_,SPRITE_METADATA,0,
f_290988_,FORM_WIDTH,0,
f_290989_,SLOT_SPRITE,0,
f_290990_,PATTERN_SPRITE,0,
f_290991_,CODEC_NONEMPTY,0,
f_290992_,codec,0,
f_290993_,TITLE,0,
f_290995_,CODEC,0,
f_290996_,blocksSetOnFire,0,
f_290997_,sprites,0,
f_290998_,BUTTON_WIDTH,0,
f_290999_,TOLERANCE_LEVEL_POSITION,0,
f_291000_,sprite,0,
f_291001_,payload,0,
f_291002_,FOOD_HALF_SPRITE,0,
f_291003_,debugData,0,
f_291004_,OPEN_SPRITE,0,
f_291005_,renderNetworkCharts,0,
f_291006_,DESCRIBE_PLACEHOLDER,0,
f_291007_,SPONGE,0,
f_291008_,value,0,
f_291011_,type,0,
f_291012_,expirationTime,0,
f_291013_,CODEC,0,
f_291014_,INLINE_CODEC,0,
f_291016_,CODEC,0,
f_291017_,this$0,0,
f_291018_,MIN_COLOR,0,
f_291019_,telemetryManager,0,
f_291020_,TITLE,0,
f_291021_,FILTER_SPRITES,0,
f_291022_,top,0,
f_291023_,SAVED_DATA_RAIDS,0,
f_291024_,serverData,0,
f_291025_,ORE_DIAMOND_MEDIUM,0,
f_291026_,JUNGLE_MAP,0,
f_291027_,id,0,
f_291028_,postDisconnectScreen,0,
f_291029_,SPLITTER,0,
f_291031_,NO_REASON,0,
f_291033_,BG_BORDER_SIZE,0,
f_291034_,lerpYHeadRot,0,
f_291036_,CODEC,0,
f_291037_,CRAFTING_OVERLAY_DISABLED_SPRITE,0,
f_291039_,frameTimeLogger,0,
f_291040_,textureManager,0,
f_291041_,CLAMP_COEFFICIENT,0,
f_291042_,latency,0,
f_291043_,PING_4_SPRITE,0,
f_291044_,TYPE,0,
f_291045_,DATA_BITS_PER_BYTE,0,
f_291046_,CODEC,0,
f_291047_,LINE_WIDTH,0,
f_291048_,BUTTON_PRIVACY_STATEMENT,0,
f_291049_,MAX_VARINT_SIZE,0,
f_291050_,postDisconnectScreen,0,
f_291051_,SYMLINK_PACK_MESSAGE_TEXT,0,
f_291052_,unacknowledgedBatches,0,
f_291053_,TAIGA_MAP,0,
f_291054_,CODEC,0,
f_291055_,PAGE_BACKWARD_SPRITES,0,
f_291056_,LOGGER,0,
f_291057_,messageComponent,0,
f_291058_,id,0,
f_291060_,zipFile,0,
f_291061_,PUBLISHER_LINK_TOOLTIP,0,
f_291062_,START_CHUNKS_PER_TICK,0,
f_291063_,ERROR_ARGUMENT_NOT_COMPOUND,0,
f_291064_,REPORT_NAME,0,
f_291065_,connection,0,
f_291066_,payload,0,
f_291067_,listenerRange,0,
f_291068_,layout,0,
f_291069_,WET_SPONGE_HIT,0,
f_291070_,accumulatedScrollX,0,
f_291071_,SIZE,0,
f_291073_,PAGE_FORWARD_SPRITE,0,
f_291078_,commonPlayerSpawnInfo,0,
f_291079_,typeKey,0,
f_291080_,TITLE,0,
f_291081_,HEART_CONTAINER_SPRITE,0,
f_291082_,CODEC,0,
f_291083_,CODEC,0,
f_291084_,MIN_CHUNKS_PER_TICK,0,
f_291086_,memories,0,
f_291087_,message,0,
f_291089_,CODEC,0,
f_291091_,CODEC,0,
f_291093_,sprite,0,
f_291094_,DISABLED_LEVEL_SPRITES,0,
f_291095_,UNREACHABLE_SPRITE,0,
f_291096_,LOGGER,0,
f_291097_,layout,0,
f_291098_,gameType,0,
f_291099_,INVITE_SPRITE,0,
f_291101_,renderDebug,0,
f_291102_,mainBB,0,
f_291103_,WET_SPONGE_STEP,0,
f_291104_,JUMP_BAR_COOLDOWN_SPRITE,0,
f_291105_,overlay,0,
f_291106_,addRealmButton,0,
f_291107_,context,0,
f_291110_,selectedSprites,0,
f_291111_,NO_REALMS_LOCATION,0,
f_291112_,authenticatedProfile,0,
f_291115_,NEWS_SPRITE,0,
f_291116_,FORCED_POS_UPDATE_PERIOD,0,
f_291117_,TRAILER_LINK_TOOLTIP,0,
f_291118_,NO_KNOCKBACK,0,
f_291120_,type,0,
f_291123_,sprite,0,
f_291124_,UNSELECT_SPRITE,0,
f_291125_,$SwitchMap$net$minecraft$ChatFormatting,0,
f_291126_,lastCameraSectionY,0,
f_291127_,DISCONNECT_TIME,0,
f_291128_,size,0,
f_291129_,HALF_SECTION_SIZE,0,
f_291130_,HOTBAR_SPRITE,0,
f_291131_,name,0,
f_291132_,guiSprites,0,
f_291133_,CODEC,0,
f_291134_,carouselIndex,0,
f_291135_,CODEC,0,
f_291136_,batchSize,0,
f_291137_,EXPIRES_SOON_SPRITE,0,
f_291139_,lerpSteps,0,
f_291141_,ON_SAVANNA_VILLAGE_MAPS,0,
f_291142_,carouselTick,0,
f_291144_,REPORT_BUTTON_SPRITES,0,
f_291145_,ERROR_SPRITE,0,
f_291146_,TEXT_FIELD_SPRITE,0,
f_291147_,CODEC,0,
f_291149_,HOTBAR_SPRITE,0,
f_291151_,children,0,
f_291152_,TITLE,0,
f_291153_,hardcoreHalf,0,
f_291154_,RECIPE_BUTTON_SPRITES,0,
f_291155_,keepAliveChallenge,0,
f_291156_,nextChildIndex,0,
f_291157_,SPRITES,0,
f_291158_,SELECTED_TOP_TABS,0,
f_291159_,MORE_COMMENTS_LABEL,0,
f_291160_,MAX_CHUNKS_PER_TICK,0,
f_291161_,EMPTY_SLOT_LAPIS_LAZULI,0,
f_291162_,taskFrameSprite,0,
f_291163_,recipeGroup,0,
f_291164_,packet,0,
f_291165_,requestedUsername,0,
f_291166_,payload,0,
f_291167_,enabledFeatures,0,
f_291170_,DATA_BITS_MASK,0,
f_291171_,TYPED_CODEC,0,
f_291172_,BUTTON_HIGHLIGHTED_SPRITE,0,
f_291173_,RETURN,0,
f_291174_,MOVE_UP_HIGHLIGHTED_SPRITE,0,
f_291175_,isCancelled,0,
f_291176_,TITLE,0,
f_291179_,tpsChart,0,
f_291180_,serverBrand,0,
f_291181_,overlays,0,
f_291182_,CREATE_REALM_SUBTITLE,0,
f_291183_,zipFileAccess,0,
f_291184_,ERROR_SPRITE,0,
f_291185_,CODEC,0,
f_291186_,SCROLLER_SPRITE,0,
f_291187_,NON_CONTROLLING_RIDER,0,
f_291188_,red,0,
f_291189_,DYE_SLOT_SPRITE,0,
f_291190_,CODEC,0,
f_291191_,val$defaultVersion,0,
f_291192_,CRITERIA_CODEC,0,
f_291193_,DRAFT_REPORT_SPRITE,0,
f_291194_,wantsGolem,0,
f_291195_,step,0,
f_291196_,MAX_LANGUAGE_LENGTH,0,
f_291197_,carouselImages,0,
f_291198_,sprite,0,
f_291199_,viewDistance,0,
f_291200_,codec,0,
f_291201_,CONFIRM_SPRITE,0,
f_291202_,rotationY,0,
f_291203_,TITLE,0,
f_291204_,range,0,
f_291205_,CHECKBOX_SELECTED_HIGHLIGHTED_SPRITE,0,
f_291206_,executor,0,
f_291207_,sectionGridSizeY,0,
f_291208_,CHECKBOX_SPRITE,0,
f_291209_,criteria,0,
f_291210_,SAVED_DATA_MAP_DATA,0,
f_291211_,BUBBLES_SPRITE,0,
f_291212_,first,0,
f_291214_,CODEC,0,
f_291215_,TELEPORT_TO_TEAM_SPRITE,0,
f_291216_,DATA_BITS_PER_BYTE,0,
f_291217_,maxNodeDistance,0,
f_291219_,SHAPE_BY_PROPERTIES,0,
f_291220_,PROPERTIES_CODEC,0,
f_291221_,SPONGE_FALL,0,
f_291223_,layout,0,
f_291224_,PRIVACY_STATEMENT,0,
f_291225_,url,0,
f_291226_,halfBlinking,0,
f_291227_,SLOT_FRAME_SPRITE,0,
f_291228_,SEARCH_SPRITE,0,
f_291229_,textures,0,
f_291230_,CODEC,0,
f_291231_,PATTERN_SLOT_SPRITE,0,
f_291232_,CODEC,0,
f_291233_,focusedTime,0,
f_291234_,UNSELECTED_TOP_TABS,0,
f_291235_,height,0,
f_291236_,MINIMUM_ADVANCED_CULLING_DISTANCE,0,
f_291239_,enabled,0,
f_291240_,targetZ,0,
f_291243_,index,0,
f_291244_,SELECT_REASON,0,
f_291245_,effect,0,
f_291246_,ON_SNOWY_VILLAGE_MAPS,0,
f_291247_,full,0,
f_291249_,CODEC,0,
f_291250_,CODEC,0,
f_291251_,DUPLICATE_LOGIN_DISCONNECT_MESSAGE,0,
f_291253_,chunkBatchSizeCalculator,0,
f_291254_,helperBuf,0,
f_291255_,renderedLayers,0,
f_291256_,HEART_VEHICLE_FULL_SPRITE,0,
f_291257_,sectionToNodeMap,0,
f_291258_,EXPIRED_SPRITE,0,
f_291259_,chunkBatchStartTime,0,
f_291260_,LABEL_SPACING,0,
f_291261_,alpha,0,
f_291262_,focusedTime,0,
f_291263_,BUTTON_WIDTH,0,
f_291264_,hardcoreHalfBlinking,0,
f_291265_,WORLD_EXPERIMENTAL,0,
f_291266_,CROSS_BUTTON_SPRITES,0,
f_291267_,KILOBYTE,0,
f_291268_,SLOT_MANY_UNCRAFTABLE_SPRITE,0,
f_291269_,CODEC,0,
f_291270_,mainHand,0,
f_291271_,CODEC,0,
f_291272_,val$allRecipes,0,
f_291273_,layout,0,
f_291274_,CODEC,0,
f_291275_,UNEQUIP,0,
f_291276_,REPORT_SEND_GENERIC_ERROR,0,
f_291277_,SPACING,0,
f_291278_,layout,0,
f_291279_,desiredChunksPerTick,0,
f_291280_,commandsPath,0,
f_291282_,CODEC,0,
f_291283_,TRAILER_BUTTON_NAME,0,
f_291285_,PING_3_SPRITE,0,
f_291286_,SEND_REPORT,0,
f_291288_,path,0,
f_291289_,CODEC,0,
f_291290_,type,0,
f_291291_,LIT_PROGRESS_SPRITE,0,
f_291292_,y,0,
f_291293_,brainDump,0,
f_291294_,name,0,
f_291295_,entityPos,0,
f_291296_,boxSprite,0,
f_291297_,GENERIC_DISCONNECT_MESSAGE,0,
f_291298_,LOGGER,0,
f_291299_,MOVE_DOWN_SPRITE,0,
f_291300_,RESOURCE_PATH_CODEC,0,
f_291301_,HOTBAR_ATTACK_INDICATOR_PROGRESS_SPRITE,0,
f_291302_,text,0,
f_291303_,UNSELECTED_BOTTOM_TABS,0,
f_291304_,EFFECTS_LIST,0,
f_291306_,codec,0,
f_291307_,SCREEN_WIDTH,0,
f_291308_,time,0,
f_291310_,validator,0,
f_291311_,CHART_TOP_VALUE,0,
f_291314_,blacklistedHives,0,
f_291315_,lastRebuildTask,0,
f_291316_,sectionPath,0,
f_291317_,sectionVisibility,0,
f_291318_,layout,0,
f_291319_,EFFECT_BACKGROUND_SMALL_SPRITE,0,
f_291320_,debugOverlay,0,
f_291321_,REPORT_SKIN,0,
f_291322_,HOTBAR_OFFHAND_LEFT_SPRITE,0,
f_291323_,RULE_ENDER_PEARLS_VANISH_ON_DEATH,0,
f_291324_,CODEC,0,
f_291325_,latency,0,
f_291326_,targetYRot,0,
f_291327_,SPRITE_SIZE,0,
f_291328_,payload,0,
f_291329_,events,0,
f_291330_,lastResortTransparencyTask,0,
f_291331_,CANCEL_SPRITE,0,
f_291332_,seenInsecureChatWarning,0,
f_291333_,DIRECTIONS,0,
f_291334_,TAG_PRIMARY,0,
f_291337_,PAGE_BACKWARD_HIGHLIGHTED_SPRITE,0,
f_291338_,connection,0,
f_291339_,chatVisibility,0,
f_291342_,parent,0,
f_291343_,MAX_PERSISTED_COMMAND_HISTORY,0,
f_291344_,blue,0,
f_291345_,lerpYRot,0,
f_291346_,map,0,
f_291347_,CODEC,0,
f_291348_,capeTexture,0,
f_291349_,pingChart,0,
f_291350_,CODEC,0,
f_291351_,textFilteringEnabled,0,
f_291352_,PING_2_SPRITE,0,
f_291353_,ACCEPT_INVITE,0,
f_291355_,layout,0,
f_291356_,ENVIRONMENT,0,
f_291357_,CHECKMARK_SPRITE,0,
f_291358_,LOGGER,0,
f_291359_,RESET_WORLD_TITLE,0,
f_291360_,CROSSHAIR_ATTACK_INDICATOR_BACKGROUND_SPRITE,0,
f_291361_,LOGGER,0,
f_291362_,CODEC,0,
f_291363_,CROSSHAIR_ATTACK_INDICATOR_FULL_SPRITE,0,
f_291364_,sprite,0,
f_291368_,LOGIN_ID,0,
f_291369_,FURNACE_OVERLAY_DISABLED_SPRITE,0,
f_291372_,WET_SPONGE,0,
f_291373_,criteria,0,
f_291374_,isRunning,0,
f_291375_,GET_INFO_PACKET_VERSION_1,0,
f_291376_,MILLIS_PER_TICK,0,
f_291378_,EMPTY,0,
f_291379_,pos,0,
f_291380_,delayTicker,0,
f_291381_,codec,0,
f_291382_,DATA_POS_ROT_INTERPOLATION_DURATION_ID,0,
f_291383_,reportedProfileId,0,
f_291384_,CODEC,0,
f_291385_,TEMPORARY_BAN_TITLE,0,
f_291388_,EXPERIMENTAL_WANDERING_TRADER_TRADES,0,
f_291389_,server,0,
f_291390_,CODEC,0,
f_291391_,metadataSections,0,
f_291392_,SCROLL_LEFT_SPRITE,0,
f_291393_,DEFAULT_ROTATION_Y,0,
f_291395_,effects,0,
f_291397_,SLOT_SPRITE,0,
f_291398_,goalFrameSprite,0,
f_291399_,INSPIRATION_TITLE,0,
f_291400_,level,0,
f_291401_,id,0,
f_291402_,information,0,
f_291403_,height,0,
f_291404_,isStart,0,
f_291405_,JOIN_SPRITE,0,
f_291406_,CODEC,0,
f_291407_,ATLAS_INFO_CONVERTER,0,
f_291408_,fullUpdateTask,0,
f_291409_,BACKGROUND_SPRITE,0,
f_291410_,middle,0,
f_291412_,CODEC,0,
f_291413_,hardcoreFullBlinking,0,
f_291414_,id,0,
f_291415_,OBTAINED_TIME_FORMAT,0,
f_291416_,ERROR_HIGHLIGHTED_SPRITE,0,
f_291417_,CODEC,0,
f_291418_,CODEC,0,
f_291419_,activities,0,
f_291420_,NO_VALUE_DISPLAY,0,
f_291421_,FILTERED_CORRECT,0,
f_291422_,reportedName,0,
f_291424_,PAGE_FORWARD_SPRITES,0,
f_291425_,comments,0,
f_291427_,prefix,0,
f_291428_,profession,0,
f_291429_,WATERLOGGED,0,
f_291432_,ERROR_SPRITE,0,
f_291433_,behaviors,0,
f_291434_,TITLE_BOX_SPRITE,0,
f_291435_,RESET_WORLD_RESET_TASK_TITLE,0,
f_291437_,lastCameraSectionX,0,
f_291438_,SLOT_SPRITE,0,
f_291439_,TRADE_ARROW_OUT_OF_STOCK_SPRITE,0,
f_291441_,failedToLoad,0,
f_291442_,aborted,0,
f_291443_,left,0,
f_291445_,OVERLAY_BACKGROUND_SPRITES,0,
f_291446_,includeSequenceId,0,
f_291447_,activeLayoutState,0,
f_291449_,TITLE,0,
f_291450_,sources,0,
f_291451_,bandwidthLogger,0,
f_291452_,CODEC,0,
f_291453_,backendName,0,
f_291454_,receivedRegistries,0,
f_291455_,dimension,0,
f_291456_,OR,0,
f_291459_,skinGetter,0,
f_291462_,needsFrustumUpdate,0,
f_291463_,$SwitchMap$net$minecraft$network$protocol$handshake$ClientIntent,0,
f_291464_,RED,0,
f_291465_,spriteHeight,0,
f_291467_,WARNING_HIGHLIGHTED_SPRITE,0,
f_291468_,CODEC,0,
f_291469_,POPUP_TEXT,0,
f_291470_,portalCooldown,0,
f_291471_,pos,0,
f_291472_,FURNACE_OVERLAY_DISABLED_HIGHLIGHTED_SPRITE,0,
f_291473_,EFFECT_BACKGROUND_AMBIENT_SPRITE,0,
f_291474_,raidCenters,0,
f_291476_,nextGraphEvents,0,
f_291477_,FAKE_PROTOCOL_VERSION,0,
f_291478_,doLimitedCrafting,0,
f_291480_,DEFAULT_CLOSE_ENOUGH_DIST,0,
f_291481_,PING_1_SPRITE,0,
f_291482_,code,0,
f_291483_,JUMP_BAR_BACKGROUND_SPRITE,0,
f_291484_,TYPE,0,
f_291485_,BURN_PROGRESS_SPRITE,0,
f_291486_,FOOD_EMPTY_HUNGER_SPRITE,0,
f_291488_,EXPERIENCE_BAR_RESULT_SPRITE,0,
f_291489_,codec,0,
f_291490_,GAME_PROFILE_WITHOUT_PROPERTIES,0,
f_291491_,EXPERIENCE_BAR_PROGRESS_SPRITE,0,
f_291492_,httpCode,0,
f_291493_,SCROLL_SPEED,0,
f_291494_,RECONFIGURE_SCREEN_MESSAGE,0,
f_291495_,renderSections,0,
f_291496_,report,0,
f_291498_,packResourcesStack,0,
f_291500_,viewDistance,0,
f_291501_,x,0,
f_291503_,initialCompilationCancelCount,0,
f_291504_,ENCHANTMENT_SLOT_DISABLED_SPRITE,0,
f_291505_,SELECT_BUTTON_NAME,0,
f_291506_,criteria,0,
f_291508_,bandwidthChart,0,
f_291509_,MAX_VARINT21_BYTES,0,
f_291510_,disabledFocused,0,
f_291511_,SPRITES,0,
f_291512_,BURN_PROGRESS_SPRITE,0,
f_291514_,root,0,
f_291515_,CODEC,0,
f_291516_,spriteWidth,0,
f_291517_,chunksWhichReceivedNeighbors,0,
f_291518_,packValidator,0,
f_291519_,LOGGER,0,
f_291520_,bandwidthDebugMonitor,0,
f_291521_,sourceDirections,0,
f_291522_,REPORT_SENT_TITLE,0,
f_291523_,CREATE_WORLD_TITLE,0,
f_291524_,tickTimeLogger,0,
f_291525_,CRAFTING_OVERLAY_SPRITE,0,
f_291526_,brand,0,
f_291530_,deferredPackets,0,
f_291531_,criteria,0,
f_291532_,CODEC,0,
f_291533_,closed,0,
f_291535_,CODEC,0,
f_291537_,MAX_HIGH_PRIORITY_QUOTA,0,
f_291538_,spriteHeight,0,
f_291539_,iconOnly,0,
f_291541_,ENCHANTMENT_SLOT_HIGHLIGHTED_SPRITE,0,
f_291542_,minValue,0,
f_291543_,ORE_DIAMOND_MEDIUM,0,
f_291544_,MAX_COLOR,0,
f_291545_,max,0,
f_291546_,border,0,
f_291547_,PATTERN_HIGHLIGHTED_SPRITE,0,
f_291548_,INLINE_CODEC,0,
f_291549_,receivedRegistries,0,
f_291550_,CODEC,0,
f_291551_,pos,0,
f_291553_,TAG_STEW_EFFECTS,0,
f_291554_,keepAlivePending,0,
f_291555_,SPECIAL_OBJECTIVE_CRITERIA,0,
f_291557_,SELECTED_BOTTOM_TABS,0,
f_291558_,CODEC,0,
f_291559_,IMAGE_SIZE,0,
f_291561_,NANOS_PER_MILLI,0,
f_291562_,WET_SPONGE_BREAK,0,
f_291563_,ARMOR_SLOT_SPRITE,0,
f_291564_,BLOCK_SUPPORT_SHAPE,0,
f_291565_,YELLOW,0,
f_291566_,SAVED_DATA_COMMAND_STORAGE,0,
f_291567_,tags,0,
f_291568_,reportBuilder,0,
f_291570_,CODEC,0,
f_291571_,this$0,0,
f_291572_,codec,0,
f_291573_,LOGGER,0,
f_291574_,CHECKED_MAIN_THREAD_EXECUTOR,0,
f_291575_,CODEC,0,
f_291576_,FORMULA_TYPE_CODEC,0,
f_291577_,FOOD_HALF_HUNGER_SPRITE,0,
f_291578_,expired,0,
f_291579_,TOO_MANY_MESSAGES,0,
f_291580_,TRADE_REBALANCE,0,
f_291581_,CODEC,0,
f_291582_,quickPlayData,0,
f_291583_,CHART_TOP_VALUE,0,
f_291585_,server,0,
f_291587_,format,0,
f_291588_,TRIAL_AVAILABLE_SPRITE,0,
f_291589_,visibilitySet,0,
f_291590_,val$instance,0,
f_291591_,tree,0,
f_291592_,CODEC,0,
f_291593_,skin,0,
f_291594_,CODEC,0,
f_291595_,effectMap,0,
f_291596_,gameProfile,0,
f_291597_,CODEC,0,
f_291598_,SLIDER_SPRITE,0,
f_291599_,deserializer,0,
f_291600_,pos,0,
f_291601_,CODEC,0,
f_291602_,ON_PLAINS_VILLAGE_MAPS,0,
f_291603_,CODEC,0,
f_291604_,serverBrand,0,
f_291606_,CONTENT_WIDTH,0,
f_291607_,pois,0,
f_291608_,REPORT_CHAT,0,
f_291609_,AIR_BURSTING_SPRITE,0,
f_291610_,ERROR_SPRITE,0,
f_291611_,CODEC,0,
f_291612_,sedated,0,
f_291613_,BUTTON_DISABLED_SPRITE,0,
f_291614_,CEILED_SECTION_DIAGONAL,0,
f_291615_,width,0,
f_291616_,SLIDER_HANDLE_SPRITE,0,
f_291617_,this$0,0,
f_291618_,CHAT_ERROR,0,
f_291619_,dirty,0,
f_291620_,goals,0,
f_291621_,INCOMPATIBLE_SPRITE,0,
f_291623_,max,0,
f_291624_,PADDING,0,
f_291625_,MID_COLOR,0,
f_291626_,DEFAULT_METADATA_SECTIONS,0,
f_291627_,contents,0,
f_291628_,HEART_FULL_BLINKING_SPRITE,0,
f_291629_,NOTIFICATION_ICONS,0,
f_291630_,MESSAGE,0,
f_291632_,NEWS_SPRITE,0,
f_291633_,task,0,
f_291634_,INLINE_CODEC,0,
f_291635_,selectReasonButton,0,
f_291636_,BG_TEXTURE_HEIGHT,0,
f_291637_,CODEC,0,
f_291638_,CODEC,0,
f_291639_,SECTION_SIZE,0,
f_291640_,HEART_FULL_SPRITE,0,
f_291641_,NO_PENDING_INVITES,0,
f_291642_,skinCache,0,
f_291643_,CODEC,0,
f_291644_,directoryValidator,0,
f_291645_,hardcoreFull,0,
f_291646_,MODEL_HEIGHT,0,
f_291647_,posRotInterpolationTarget,0,
f_291648_,lastScreen,0,
f_291650_,FOOD_FULL_SPRITE,0,
f_291651_,ERROR_RANGE_TOO_SMALL,0,
f_291652_,postPieces,0,
f_291653_,MEGABYTE,0,
f_291654_,loadingDotsWidget,0,
f_291655_,BACKGROUND_SPRITE,0,
f_291656_,createTrialButton,0,
f_291657_,DISCONNECT_REASON_INVALID_DATA,0,
f_291658_,TITLE,0,
f_291660_,rootNode,0,
f_291661_,tree,0,
f_291662_,BACKGROUND_SPRITE,0,
f_291663_,skinTextures,0,
f_291664_,reportId,0,
f_291665_,FIELDS_TO_DROP,0,
f_291666_,BUTTON_SPACING,0,
f_291667_,skinLookup,0,
f_291668_,draftReport,0,
f_291669_,id,0,
f_291670_,PINGING_4_SPRITE,0,
f_291672_,SLIDER_HANDLE_HIGHLIGHTED_SPRITE,0,
f_291673_,stat,0,
f_291674_,transparencyState,0,
f_291675_,CODEC,0,
f_291676_,id,0,
f_291677_,legacyName,0,
f_291679_,TRAILER_LINK_SPRITES,0,
f_291680_,CODEC,0,
f_291681_,BURN_PROGRESS_SPRITE,0,
f_291682_,burnProgressSprite,0,
f_291683_,ESCAPED_STRING,0,
f_291684_,INFO_SPRITE,0,
f_291685_,CODEC,0,
f_291686_,MOVE_DOWN_HIGHLIGHTED_SPRITE,0,
f_291687_,DATA_TRANSFORMATION_INTERPOLATION_START_DELTA_TICKS_ID,0,
f_291689_,pos,0,
f_291690_,TELEPORT_TO_PLAYER_SPRITE,0,
f_291691_,codec,0,
f_291692_,minLevel,0,
f_291693_,CODEC,0,
f_291694_,RECIPE_SPRITE,0,
f_291695_,DISCOUNT_STRIKETHRUOGH_SPRITE,0,
f_291696_,toBatchLowPriority,0,
f_291698_,address,0,
f_291699_,CODEC,0,
f_291700_,CODEC,0,
f_291702_,TRIAL_AVAILABLE_SPRITE,0,
f_291703_,CHECKMARK_SPRITE,0,
f_291704_,UNKNOWN_COUNT,0,
f_291705_,rotationX,0,
f_291706_,includeWorldSeed,0,
f_291707_,sections,0,
f_291708_,DESERT_MAP,0,
f_291709_,playerChanged,0,
f_291710_,alwaysShowBorder,0,
f_291711_,backgroundScreen,0,
f_291712_,RECIPE_HIGHLIGHTED_SPRITE,0,
f_291713_,pieces,0,
f_291714_,BACKED_UP_CLOSE_ENOUGH_DIST,0,
f_291715_,SAVED_DATA_RANDOM_SEQUENCES,0,
f_291717_,CODEC,0,
f_291718_,REPORT_ERROR_TITLE,0,
f_291719_,DRAFT_REPORT_SPRITE,0,
f_291720_,PINGING_5_SPRITE,0,
f_291721_,realmsClient,0,
f_291722_,CODEC,0,
f_291723_,PING_2_SPRITE,0,
f_291724_,iconSprites,0,
f_291725_,HIGHLIGHTED_SPRITE,0,
f_291726_,FURNACE_OVERLAY_HIGHLIGHTED_SPRITE,0,
f_291727_,sendCondition,0,
f_291729_,WEBSITE_LINK_SPRITES,0,
f_291730_,CODEC,0,
f_291732_,OBTAINED_TIME_CODEC,0,
f_291733_,FORCED_TELEPORT_PERIOD,0,
f_291734_,exception,0,
f_291735_,SLOT_FRAME_SPRITE,0,
f_291736_,SLOT_CRAFTABLE_SPRITE,0,
f_291738_,WORLD_TEMPLATES_TITLE,0,
f_291739_,LOADING_TEXT,0,
f_291740_,name,0,
f_291741_,EXPERIENCE_BAR_BACKGROUND_SPRITE,0,
f_291742_,CODEC,0,
f_291743_,localGameProfile,0,
f_291744_,elementCodec,0,
f_291746_,hiveInfo,0,
f_291747_,freeTicketCount,0,
f_291749_,constructor,0,
f_291750_,MARKED_JOIN_SPRITE,0,
f_291751_,CODEC,0,
f_291753_,SPACING,0,
f_291754_,buffers,0,
f_291755_,section,0,
f_291756_,trailerButton,0,
f_291757_,FILTER_BUTTON_SPRITES,0,
f_291758_,id,0,
f_291759_,FURNACE_OVERLAY_SPRITE,0,
f_291760_,TAG_SECONDARY,0,
f_291761_,keyCodec,0,
f_291762_,BACKGROUND_SPRITE,0,
f_291763_,SCROLLER_DISABLED_SPRITE,0,
f_291764_,TRADE_ARROW_SPRITE,0,
f_291765_,flowerPos,0,
f_291766_,SELECT_SPRITE,0,
f_291767_,nodes,0,
f_291769_,val$cache,0,
f_291770_,CODEC,0,
f_291771_,lerpY,0,
f_291772_,requestedViewDistance,0,
f_291774_,PERMANENT_BAN_TITLE,0,
f_291775_,TYPED_CODEC,0,
f_291776_,node,0,
f_291777_,unselectedSprites,0,
f_291778_,textureHeight,0,
f_291779_,memoryConnection,0,
f_291781_,reason,0,
f_291782_,TEXT_WIDTH,0,
f_291783_,SYMLINK_WORLD_MESSAGE_TEXT,0,
f_291784_,beeInfo,0,
f_291785_,ARMOR_HALF_SPRITE,0,
f_291786_,CHART_TOP_FPS,0,
f_291787_,globalBlockEntities,0,
f_291788_,TITLE,0,
f_291789_,CLOSED_SPRITE,0,
f_291791_,info,0,
f_291793_,MIN_GROWTH,0,
f_291794_,TAG_TRANSFORMATION_INTERPOLATION_DURATION,0,
f_291795_,name,0,
f_291796_,CODEC,0,
f_291797_,SCROLLER_SPRITE,0,
f_291798_,CODEC,0,
f_291799_,type,0,
f_291800_,PINGING_2_SPRITE,0,
f_291801_,RECIPE_SELECTED_SPRITE,0,
f_291802_,last,0,
f_291803_,half,0,
f_291804_,requirements,0,
f_291805_,sendButton,0,
f_291806_,maxValue,0,
f_291807_,travelTicks,0,
f_291808_,SAVED_DATA_FORCED_CHUNKS,0,
f_291809_,sectionGridSizeX,0,
f_291810_,isHarm,0,
f_291811_,CODEC,0,
f_291812_,minecraft,0,
f_291813_,CODEC,0,
f_291814_,lastCommands,0,
f_291815_,sprite,0,
f_291816_,SCROLLER_SPRITE,0,
f_291817_,MESSAGE,0,
f_291818_,message,0,
f_291820_,JUMP_BAR_PROGRESS_SPRITE,0,
f_291821_,file,0,
f_291822_,sectionOcclusionGraph,0,
f_291823_,disabled,0,
f_291824_,MOVE_DOWN_HIGHLIGHTED_SPRITE,0,
f_291826_,id,0,
f_291827_,relativeOrigins,0,
f_291828_,disconnectButton,0,
f_291829_,CROSSHAIR_SPRITE,0,
f_291830_,litProgressSprite,0,
f_291831_,type,0,
f_291832_,goals,0,
f_291833_,AIR_SPRITE,0,
f_291835_,CODEC,0,
f_291836_,LOGGER,0,
f_291838_,BUTTON_WIDTH,0,
f_291839_,listener,0,
f_291840_,highPriorityQuota,0,
f_291841_,DEFAULT_MAIN_HAND,0,
f_291842_,transparencyState,0,
f_291843_,lerpX,0,
f_291844_,SCROLLER_SPRITE,0,
f_291846_,layout,0,
f_291847_,criteria,0,
f_291848_,TITLE,0,
f_291850_,origin,0,
f_291851_,width,0,
f_291853_,PUBLISHER_BUTTON_NAME,0,
f_291854_,CODEC,0,
f_291855_,currentGraph,0,
f_291857_,fpsChart,0,
f_291859_,layout,0,
f_291860_,reportingContext,0,
f_291861_,notVillageChunks,0,
f_291862_,currentTask,0,
f_291864_,HOTBAR_OFFHAND_RIGHT_SPRITE,0,
f_291865_,dimensionType,0,
f_291867_,accumulatedScrollY,0,
f_291868_,translationKey,0,
f_291869_,SELECTION_SPRITE,0,
f_291870_,MAX_VARINT21_BYTES,0,
f_291871_,renderProfilerChart,0,
f_291873_,path,0,
f_291874_,tasks,0,
f_291875_,BY_ID,0,
f_291876_,sprites,0,
f_291877_,CODEC,0,
f_291878_,CHAT_VALIDATION_ERROR,0,
f_291879_,ARMOR_EMPTY_SPRITE,0,
f_291880_,CODEC,0,
f_291881_,tradeableEnchantments,0,
f_291882_,uuid,0,
f_291883_,BUTTON_SPACING,0,
f_291884_,CHAT_ERROR_TEXT,0,
f_291885_,capeTextures,0,
f_291886_,ENCHANTMENT_SET_CODEC,0,
f_291889_,HEIGHT,0,
f_291890_,DEFAULT,0,
f_291891_,value,0,
f_291892_,occupantCount,0,
f_291893_,LOGGER,0,
f_291894_,globalBlockEntities,0,
f_291895_,DATA_BITS_MASK,0,
f_291896_,wideModel,0,
f_291897_,OBSERVED_WHAT_LABEL,0,
f_291899_,compiledSection,0,
f_291900_,SCROLLBAR_WIDTH,0,
f_291901_,CODEC,0,
f_291902_,valueMatcher,0,
f_291903_,sendButton,0,
f_291904_,id,0,
f_29235_,BY_ID,0,
f_29236_,id,0,
f_29237_,name,0,
f_29238_,isRecessive,0,
f_29267_,panda,0,
f_29273_,panda,0,
f_29282_,panda,0,
f_29283_,unhappyCooldown,0,
f_29290_,panda,0,
f_29298_,panda,0,
f_29299_,cooldown,0,
f_29306_,panda,0,
f_29316_,panda,0,
f_29320_,panda,0,
f_29326_,panda,0,
f_29333_,this$0,0,
f_29334_,cooldown,0,
f_29342_,panda,0,
f_29348_,partyParrot,0,
f_29349_,jukebox,0,
f_29350_,flap,0,
f_29351_,flapSpeed,0,
f_29352_,oFlapSpeed,0,
f_29353_,oFlap,0,
f_29354_,DATA_VARIANT_ID,0,
f_29355_,NOT_PARROT_PREDICATE,0,
f_29358_,MOB_SOUND_MAP,0,
f_29359_,flapping,0,
f_29456_,DATA_SADDLE_ID,0,
f_29457_,DATA_BOOST_TIME,0,
f_29459_,steering,0,
f_29510_,DATA_STANDING_ID,0,
f_29511_,clientSideStandAnimationO,0,
f_29512_,clientSideStandAnimation,0,
f_29513_,warningSoundTicks,0,
f_29514_,PERSISTENT_ANGER_TIME,0,
f_29515_,remainingPersistentAngerTime,0,
f_29516_,persistentAngerTarget,0,
f_29571_,this$0,0,
f_29576_,this$0,0,
f_29583_,this$0,0,
f_29596_,PUFF_STATE,0,
f_29598_,inflateCounter,0,
f_29599_,deflateTimer,0,
f_29640_,fish,0,
f_29647_,DATA_TYPE_ID,0,
f_29648_,KILLER_BUNNY,0,
f_29649_,jumpTicks,0,
f_29650_,jumpDuration,0,
f_29651_,wasOnGround,0,
f_29652_,jumpDelayTicks,0,
f_29653_,moreCarrotTicks,0,
f_29741_,rabbit,0,
f_29753_,rabbit,0,
f_29754_,canJump,0,
f_29763_,rabbit,0,
f_29764_,nextJumpSpeed,0,
f_29773_,rabbit,0,
f_29778_,rabbit,0,
f_29779_,wantsToRaid,0,
f_29780_,canRaid,0,
f_29799_,DATA_WOOL_ID,0,
f_29800_,ITEM_BY_DYE,0,
f_29801_,COLORARRAY_BY_COLOR,0,
f_29802_,eatAnimationTick,0,
f_29803_,eatBlockGoal,0,
f_29889_,$SwitchMap$net$minecraft$world$item$DyeColor,0,
f_29891_,rideCooldownCounter,0,
f_29899_,DATA_PUMPKIN_ID,0,
f_29938_,xBodyRot,0,
f_29939_,zBodyRotO,0,
f_29940_,tentacleMovement,0,
f_29941_,oldTentacleMovement,0,
f_29942_,tentacleAngle,0,
f_29943_,oldTentacleAngle,0,
f_29944_,speed,0,
f_29945_,tentacleSpeed,0,
f_29946_,rotateSpeed,0,
f_29947_,tx,0,
f_29948_,ty,0,
f_29949_,tz,0,
f_29950_,xBodyRotO,0,
f_29951_,zBodyRot,0,
f_29990_,this$0,0,
f_29991_,fleeTicks,0,
f_30001_,squid,0,
f_30007_,COMMON_VARIANTS,0,
f_30010_,isSchool,0,
f_30011_,DATA_ID_TYPE_VARIANT,0,
f_30078_,base,0,
f_30122_,BABY_ON_LAND_SELECTOR,0,
f_30123_,HOME_POS,0,
f_30124_,HAS_EGG,0,
f_30125_,LAYING_EGG,0,
f_30126_,TRAVEL_POS,0,
f_30127_,GOING_HOME,0,
f_30128_,TRAVELLING,0,
f_30129_,layEggCounter,0,
f_301420_,fromStates,0,
f_301421_,allowHiding,0,
f_301424_,message,0,
f_301427_,state,0,
f_301428_,RECIPE_COLLECTIONS,0,
f_301618_,height,0,
f_301619_,MAX_STACK_DEPTH,0,
f_301620_,width,0,
f_301621_,maxDepth,0,
f_301622_,IHDR_SIZE,0,
f_301623_,depth,0,
f_301624_,MAX_ICON_SIZE,0,
f_301625_,missingSprite,0,
f_301627_,PNG_HEADER,0,
f_301628_,IHDR_TYPE,0,
f_301781_,LOGGER,0,
f_301782_,level,0,
f_301783_,state,0,
f_301784_,pos,0,
f_301785_,blockEntity,0,
f_301786_,LOGGER,0,
f_301787_,ALWAYS_KILLS_ARMOR_STANDS,0,
f_301848_,ENTRY_WIDTH,0,
f_301849_,ITEM_HEIGHT,0,
f_301850_,frameItemHeight,0,
f_302188_,TITLE,0,
f_302189_,source,0,
f_302190_,resultCallback,0,
f_302191_,CODEC,0,
f_302192_,CODEC,0,
f_302193_,GENERAL_HELP,0,
f_302194_,START_SNAPSHOT_REALM,0,
f_302195_,displayEntity,0,
f_302196_,CODEC,0,
f_302197_,TUFF_BRICKS_HIT,0,
f_302198_,message,0,
f_302199_,EMPTY,0,
f_302200_,scheduledCurrentSprintTicks,0,
f_302201_,ERROR_FORK_LIMIT_REACHED,0,
f_302202_,createWorldRunnable,0,
f_302203_,val$valueKey,0,
f_302204_,TYPE,0,
f_302205_,CODEC,0,
f_302206_,BREEZE_SENSOR_RADIUS,0,
f_302207_,player,0,
f_302208_,TRIAL_CHAMBERS_INTERSECTION_BARREL,0,
f_302209_,CODEC,0,
f_302210_,RULE_PROJECTILESCANBREAKBLOCKS,0,
f_302211_,EVENT_POT_WOBBLES,0,
f_302212_,slotVersion,0,
f_302213_,TUFF_WALL,0,
f_302214_,displayName,0,
f_302215_,failCount,0,
f_302216_,targetZOld,0,
f_302217_,anyResult,0,
f_302218_,NEWEST_FIRST,0,
f_302219_,BREEZE_SHOOT,0,
f_302220_,CODEC,0,
f_302221_,storageAccess,0,
f_302223_,CODEC,0,
f_302224_,CHISELED_COPPER,0,
f_302226_,TRIAL_CHAMBERS_CORRIDOR,0,
f_302227_,CODEC,0,
f_302228_,CODEC,0,
f_302229_,minecraft,0,
f_302231_,idle,0,
f_302232_,CODEC,0,
f_302233_,explosionSound,0,
f_302234_,arguments,0,
f_302235_,weatherState,0,
f_302236_,CODEC,0,
f_302237_,totalBytes,0,
f_302238_,SEGMENT_SIZE_RADIANS,0,
f_302240_,CODEC,0,
f_302241_,check,0,
f_302242_,$SwitchMap$net$minecraft$client$resources$server$PackLoadFeedback$Update,0,
f_302243_,CODEC,0,
f_302244_,CONTAINER_WIDTH,0,
f_302245_,targets,0,
f_302246_,CODEC,0,
f_302247_,OXIDIZED_COPPER_TRAPDOOR,0,
f_302248_,id,0,
f_302249_,DATA_ID_HURT,0,
f_302250_,COPPER_BULB_STEP,0,
f_302251_,CODEC,0,
f_302252_,CODEC,0,
f_302253_,player,0,
f_302255_,BREEZE_HURT,0,
f_302256_,DATA_TRIGGERED,0,
f_302258_,COPPER_BULB_PLACE,0,
f_302259_,SUB_CODEC,0,
f_302260_,ticksUntilAutosave,0,
f_302261_,CODEC,0,
f_302262_,INFO,0,
f_302263_,newTopCommands,0,
f_302264_,patches,0,
f_302265_,listener,0,
f_302266_,potted,0,
f_302267_,CODEC,0,
f_302268_,id,0,
f_302269_,CODEC,0,
f_302270_,CODEC,0,
f_302271_,val$unsortedFiles,0,
f_302272_,WAXED_EXPOSED_COPPER_TRAPDOOR,0,
f_302273_,CODEC,0,
f_302274_,entityName,0,
f_302275_,FLAP_LENGTH_SECONDS,0,
f_302276_,CODEC,0,
f_302277_,DEFAULT,0,
f_302278_,windTop,0,
f_302279_,id,0,
f_302281_,tooltip,0,
f_302282_,OLD_SETTINGS_KEYS,0,
f_302283_,clientLevelTeardownInProgress,0,
f_302284_,CODEC,0,
f_302285_,CODEC,0,
f_302286_,variables,0,
f_302287_,issuesWidget,0,
f_302288_,availableSnapshotServers,0,
f_302289_,SELECTION_PRIORITY_TOOLTIP,0,
f_302290_,tree,0,
f_302291_,PLACEMENT_PRIORITY_TOOLTIP,0,
f_302292_,function,0,
f_302293_,MELON_SEEDS,0,
f_302294_,$SwitchMap$net$minecraft$client$multiplayer$ServerData$ServerPackStatus,0,
f_302295_,downloader,0,
f_302296_,JAVA,0,
f_302297_,sprites,0,
f_302298_,CODEC_SET,0,
f_302299_,BUGTRACKER_BUTTON,0,
f_302300_,CODEC,0,
f_302301_,NUM_DATA,0,
f_302302_,CODEC,0,
f_302303_,DEFAULT_COMPATIBILITY,0,
f_302304_,codec,0,
f_302305_,LOOT_TABLE_TAG,0,
f_302306_,occupied,0,
f_302307_,DECORATED_POT_INSERT,0,
f_302308_,BACKGROUND_SPRITE,0,
f_302309_,CODEC,0,
f_302311_,CODEC,0,
f_302312_,title,0,
f_302313_,nextTickTimeNanos,0,
f_302314_,flyAnimationState,0,
f_302315_,message,0,
f_302316_,HIGHEST_SHIELD_BLOCKING_ANGLE,0,
f_302317_,CODEC,0,
f_302318_,shoot,0,
f_302319_,name,0,
f_302320_,COOKIE_KEY,0,
f_302321_,CODEC,0,
f_302322_,onValueChange,0,
f_302324_,sprintTickStartTime,0,
f_302325_,JUMP,0,
f_302326_,status,0,
f_302327_,entries,0,
f_302328_,TYPE,0,
f_302329_,MAX_PACK_SIZE_BYTES,0,
f_302330_,numberFormat,0,
f_302331_,PATTERN_CODEC,0,
f_302332_,CODEC,0,
f_302333_,player,0,
f_302334_,GUST,0,
f_302336_,path,0,
f_302337_,POOL_ALIAS_BINDING,0,
f_302338_,currentFrameDepth,0,
f_302339_,INCOMPATIBLE_VERSION_TOOLTIP,0,
f_302340_,largeExplosionParticles,0,
f_302341_,PARTICLES_TRIAL_SPAWNER_DETECT_PLAYER,0,
f_302342_,CRAFTING,0,
f_302343_,experiments,0,
f_302344_,userPropertiesFuture,0,
f_302345_,WHITE_SMOKE,0,
f_302346_,hideSplashTexts,0,
f_302347_,WAXED_OXIDIZED_COPPER_BULB,0,
f_302348_,RECOVER,0,
f_302349_,modifiers,0,
f_302350_,WAXED_WEATHERED_COPPER_BULB,0,
f_302351_,screenRectangle,0,
f_302352_,USE_ROW_SLOT_START,0,
f_302353_,ticksToWaitForChunkLoading,0,
f_302354_,PLAYER_LIST_DEFAULT,0,
f_302355_,hash,0,
f_302356_,player,0,
f_302358_,COPPER_BULB,0,
f_302359_,CODEC,0,
f_302360_,CODEC,0,
f_302363_,val$entries,0,
f_302364_,delayedTasksMaxNextTickTimeNanos,0,
f_302365_,CODEC,0,
f_302366_,CODEC,0,
f_302367_,CODEC,0,
f_302368_,PLAYER_TELEPORT,0,
f_302369_,parentScreen,0,
f_302370_,runGameElements,0,
f_302371_,DATA_ID_DAMAGE,0,
f_302372_,CODEC,0,
f_302373_,CODEC,0,
f_302374_,bufferPool,0,
f_302375_,height,0,
f_302376_,ERROR_CRITERION_NOT_FOUND,0,
f_302377_,SOFT_RED,0,
f_302378_,START,0,
f_302379_,IMAGE_SIZE_X,0,
f_302380_,TAG_BLOCK_STATE,0,
f_302382_,CHISELED_TUFF_BRICKS,0,
f_302383_,message,0,
f_302384_,TYPE,0,
f_302385_,INHALING_DURATION_TICKS,0,
f_302386_,this$0,0,
f_302387_,CODEC,0,
f_302388_,CODEC,0,
f_302389_,HALLWAY_FALLBACK,0,
f_302391_,STATUS_LIGHT_WIDTH,0,
f_302392_,LOOKAT_Y,0,
f_302393_,id,0,
f_302394_,megaTree,0,
f_302395_,WAXED_COPPER_TRAPDOOR,0,
f_302397_,TEXT_PADDING,0,
f_302398_,title,0,
f_302399_,HORIZONTAL_SHIELD_MOVEMENT_LIMIT,0,
f_302400_,DARK_OAK,0,
f_302401_,CODEC,0,
f_302402_,SAVE_BUTTON,0,
f_302405_,CODEC,0,
f_302406_,tooltip,0,
f_302408_,CODEC,0,
f_302410_,CODEC,0,
f_302411_,CODEC,0,
f_302412_,player,0,
f_302413_,freeBuffers,0,
f_302414_,text,0,
f_302415_,COPPER_TRAPDOOR_CLOSE,0,
f_302416_,FAST,0,
f_302417_,RESET_ICON_BUTTON,0,
f_302418_,CODEC,0,
f_302419_,CODEC,0,
f_302420_,type,0,
f_302421_,WAXED_OXIDIZED_COPPER_TRAPDOOR,0,
f_302422_,maxTickTimeNanos,0,
f_302423_,CAN_TURN_IN_BOATS,0,
f_302424_,CODEC,0,
f_302426_,parentId,0,
f_302428_,JSON_READER_LINESTART,0,
f_302429_,CODEC,0,
f_30242_,turtle,0,
f_302430_,scheduledInMainExecutor,0,
f_302431_,val$name,0,
f_302432_,message,0,
f_302434_,profileId,0,
f_302435_,FLAG_FORKED,0,
f_302437_,CODEC,0,
f_302438_,CODEC,0,
f_302439_,WAXED_COPPER_BULB,0,
f_302440_,currentMobs,0,
f_302441_,NO_ISSUES,0,
f_302442_,ERROR_INVALID_JSON,0,
f_302443_,TAG_ITEM,0,
f_302444_,CODEC,0,
f_302445_,TYPE,0,
f_302446_,val$objective,0,
f_302447_,macroEntries,0,
f_302448_,CODEC,0,
f_302449_,POLISHED_TUFF_STAIRS,0,
f_302450_,sessionService,0,
f_302451_,packs,0,
f_302452_,CODEC,0,
f_302453_,SHEEP,0,
f_302454_,cachedThrower,0,
f_302455_,downloadStatus,0,
f_302456_,this$0,0,
f_302457_,blockInteraction,0,
f_302458_,nextMobSpawnsAt,0,
f_302459_,craftingTicksRemaining,0,
f_302460_,CODEC,0,
f_302462_,DECIMAL_FORMAT,0,
f_302463_,numberFormat,0,
f_302464_,SNAPSHOT,0,
f_302465_,TRIAL_SPAWNER,0,
f_302466_,PATH_LIST_ALL_REALMS,0,
f_302467_,UPDATE_1_21,0,
f_302468_,ERROR_NO_ACTION_PERFORMED,0,
f_302469_,clientStartTimeMs,0,
f_302470_,MIN_TICKRATE,0,
f_302471_,CODEC,0,
f_302472_,message,0,
f_302473_,CODEC,0,
f_302475_,CODEC,0,
f_302476_,SHOOT_RECOVER_DELAY_TICKS,0,
f_302477_,id,0,
f_302478_,CODEC,0,
f_302480_,val$original,0,
f_302481_,RULE_PLAYERS_NETHER_PORTAL_DEFAULT_DELAY,0,
f_302482_,CODEC,0,
f_302483_,TRIAL_SPAWNER,0,
f_302484_,hashFunction,0,
f_302485_,CODEC,0,
f_302486_,EMPTY,0,
f_302487_,TUFF_BRICKS,0,
f_302488_,SMALL_FLAMES,0,
f_302489_,CODEC,0,
f_30248_,turtle,0,
f_302490_,alias,0,
f_302491_,taskProducer,0,
f_302492_,val$score,0,
f_302493_,breezeDebugRenderer,0,
f_302494_,item,0,
f_302495_,key,0,
f_302497_,LENIENT_CODEC,0,
f_302498_,CODEC,0,
f_302499_,OPTIMIIZE_DESCRIPTION,0,
f_30249_,speedModifier,0,
f_302500_,CODEC,0,
f_302502_,targetYOld,0,
f_302503_,EMPTY_CONTENTS,0,
f_302504_,CHAMBER_CAP_FALLBACK,0,
f_302505_,CHECKBOX_OPT_IN,0,
f_302506_,CRITERIA_CODEC,0,
f_302507_,WEATHERED_CHISELED_COPPER,0,
f_302508_,CODEC,0,
f_302509_,levelLoadStatusManager,0,
f_30250_,stuck,0,
f_302510_,CODEC,0,
f_302511_,contentTop,0,
f_302512_,FLAG_IS_RETURN,0,
f_302513_,TYPE,0,
f_302514_,CODEC,0,
f_302515_,val$encodeLifecycle,0,
f_302516_,pattern,0,
f_302517_,scores,0,
f_302518_,macroArguments,0,
f_30251_,closeToHomeTryTicks,0,
f_302520_,REQUIRED_AIR_BLOCKS_ABOVE,0,
f_302521_,DOWNLOAD_POOL,0,
f_302522_,targetX,0,
f_302523_,OXIDIZED_COPPER_TRAPDOOR,0,
f_302524_,OVERLOADED_THRESHOLD_NANOS,0,
f_302525_,errorOrFileInfo,0,
f_302526_,pendingReload,0,
f_302527_,TAG_FUSE,0,
f_302528_,player,0,
f_302529_,FEET,0,
f_302530_,TRIAL_SPAWNER_HIT,0,
f_302531_,MAX_BYTES,0,
f_302532_,LOGGER,0,
f_302533_,$SwitchMap$net$minecraft$world$entity$Pose,0,
f_302534_,CODEC,0,
f_302535_,SLOT_COUNT,0,
f_302537_,pathCache,0,
f_302538_,BOX_PADDING,0,
f_302539_,CODEC,0,
f_302540_,FLAMES_AND_SMOKE,0,
f_302541_,ERROR_FUNCTION_CONDITION_INSTANTATION_FAILURE,0,
f_302542_,player,0,
f_302543_,SPACING,0,
f_302544_,factory,0,
f_302545_,TAG_SPAWN_DATA,0,
f_302546_,cachedRecipeManager,0,
f_302547_,val$provider,0,
f_302548_,CODEC,0,
f_302549_,TIME_BETWEEN_EACH_EJECTION,0,
f_302550_,serverList,0,
f_302551_,id,0,
f_302552_,$SwitchMap$net$minecraft$advancements$AdvancementType,0,
f_302553_,name,0,
f_302554_,WAXED_EXPOSED_CHISELED_COPPER,0,
f_302555_,IS_SNAPSHOT_KEY,0,
f_302556_,WAXED_WEATHERED_COPPER_BULB,0,
f_302557_,tickSteps,0,
f_302558_,CODEC,0,
f_302560_,MAX_HASH_LENGTH,0,
f_302561_,weatherState,0,
f_302562_,WEATHERED_COPPER_DOOR,0,
f_302563_,SPRUCE,0,
f_302565_,COPPER_DOOR,0,
f_302566_,BUILDER,0,
f_302567_,x,0,
f_302568_,CUBE_BOTTOM_TOP_INNER_FACES,0,
f_302569_,CODEC,0,
f_302570_,CODEC,0,
f_302571_,DATA_ID_HURTDIR,0,
f_302572_,parentWorldName,0,
f_302573_,precipitationType,0,
f_302574_,tooltip,0,
f_302575_,urlButton,0,
f_302576_,commandInput,0,
f_302577_,EMPTY,0,
f_302578_,CODEC,0,
f_302579_,rods,0,
f_302580_,message,0,
f_302581_,CODEC,0,
f_302582_,player,0,
f_302583_,EMPTY_SOURCE,0,
f_302584_,CODEC,0,
f_302585_,CODEC,0,
f_302586_,windMid,0,
f_302587_,textWidget,0,
f_302588_,CODEC,0,
f_302589_,NO_RETURN_RUN,0,
f_302590_,COPPER_GRATE_PLACE,0,
f_302591_,windBottom,0,
f_302592_,CODEC,0,
f_302593_,INV_SLOT_END,0,
f_302594_,UNSECURE_SERVER_WARNING,0,
f_302595_,promptAccepted,0,
f_302596_,CODEC,0,
f_302597_,CODEC,0,
f_302598_,ALIAS_BINDINGS,0,
f_302599_,MAX_SIZE,0,
f_302600_,MAP_CODEC,0,
f_302601_,reporter,0,
f_302603_,size,0,
f_302604_,DEBUG_FORCE_ONBOARDING_SCREEN,0,
f_302605_,isFrozen,0,
f_302606_,COPPER_BULB,0,
f_302607_,val$mainThreadExecutor,0,
f_302608_,WEATHERED_COPPER_BULB,0,
f_302609_,attachedStem,0,
f_30260_,turtle,0,
f_302610_,BREEZE_ATTACK_ENTITY_SENSOR,0,
f_302611_,CODEC,0,
f_302612_,WAXED_WEATHERED_CHISELED_COPPER,0,
f_302613_,SYNC_OUTPUT_OPTIONS,0,
f_302614_,DATA_BLOCK_STATE_ID,0,
f_302615_,CODEC,0,
f_302616_,command,0,
f_302617_,SPAWNING_AMBIENT_SOUND_CHANCE,0,
f_302618_,this$0,0,
f_302619_,worldTemplateList,0,
f_302620_,ERROR_SINGLEPLAYER,0,
f_302621_,DEBUG_TRIAL_SPAWNER_DETECTS_SHEEP_AS_PLAYERS,0,
f_302622_,SUB_CODEC,0,
f_302623_,type,0,
f_302626_,ACCESSIBILITY_TOOLTIP_HIDE_SPLASH_TEXTS,0,
f_302627_,WEATHERED_COPPER_TRAPDOOR,0,
f_302629_,remainingSprintTicks,0,
f_302630_,model,0,
f_302631_,weatherState,0,
f_302632_,spin,0,
f_302633_,player,0,
f_302634_,WAXED_COPPER_DOOR,0,
f_302635_,TRIAL_SPAWNER_DETECT_PLAYER,0,
f_302636_,spawnRange,0,
f_302637_,DETECT_PLAYER_SPAWN_BUFFER,0,
f_302638_,player,0,
f_302639_,WAXED_COPPER_DOOR,0,
f_302640_,hash,0,
f_302641_,tasks,0,
f_302642_,val$downloadQueue,0,
f_302643_,player,0,
f_302644_,player,0,
f_302645_,message,0,
f_302646_,BREEZE_IDLE_AIR,0,
f_302647_,CODEC,0,
f_302648_,TRIAL_CHAMBERS_CORRIDOR_POT,0,
f_302649_,CODEC,0,
f_302650_,val$scoreHolder,0,
f_302651_,empty,0,
f_302652_,removalReason,0,
f_302653_,targetMsptProvider,0,
f_302654_,plainEntries,0,
f_302655_,SOFT_YELLOW,0,
f_302656_,BREEZE_SHOOT_COOLDOWN,0,
f_302657_,CODEC,0,
f_302658_,val$typeKey,0,
f_302659_,player,0,
f_302660_,ERROR_KICKING_OWNER,0,
f_302661_,CODEC,0,
f_302662_,modifiers,0,
f_302663_,CODEC,0,
f_302664_,PLACEMENT_PRIORITY_LABEL,0,
f_302665_,CODEC,0,
f_302666_,val$result,0,
f_302667_,CODEC,0,
f_302668_,OXIDIZED_COPPER_BULB,0,
f_302669_,NO_STYLE,0,
f_302671_,CODEC,0,
f_302672_,server,0,
f_302673_,BUTTON_TEXT_FALLBACK,0,
f_302675_,SHOOT_COOLDOWN_TICKS,0,
f_302676_,CODEC,0,
f_302677_,UNPOWERED_REDSTONE_LOCATION_SPRITE,0,
f_302678_,head,0,
f_302679_,forward,0,
f_302680_,CODEC,0,
f_302681_,lastOverloadWarningNanos,0,
f_302682_,PERIODIC_NOTIFICATION,0,
f_302683_,WAXED_EXPOSED_CHISELED_COPPER,0,
f_302684_,parent,0,
f_302685_,TRIAL_SPAWNER_EJECT_ITEM,0,
f_302686_,proxy,0,
f_302687_,NONE,0,
f_302688_,COPPER_BULB_FALL,0,
f_302689_,CHISELED_COPPER,0,
f_302690_,CODEC,0,
f_302691_,returnValueConsumer,0,
f_302692_,val$executor,0,
f_302693_,onValueChange,0,
f_302694_,updateRequest,0,
f_302695_,creationTask,0,
f_302696_,val$feedbackName,0,
f_302697_,BREEZE_INHALE,0,
f_302698_,CRAFTER,0,
f_302699_,CODEC,0,
f_302700_,JUMP_TARGET_LINE_COLOR,0,
f_302701_,action,0,
f_302702_,$SwitchMap$net$minecraft$client$resources$server$ServerPackManager$PackPromptStatus,0,
f_302703_,DEFAULT_VERSION,0,
f_302704_,ERROR_FUNCTION_INSTANTATION_FAILURE,0,
f_302705_,urlText,0,
f_302706_,template,0,
f_302707_,COPPER_DOOR,0,
f_302708_,TRIAL_SPAWNER_STATE,0,
f_302709_,lastWobbleStyle,0,
f_302710_,CODEC,0,
f_302711_,TRIAL_SPAWNER_AMBIENT,0,
f_302712_,url,0,
f_302713_,containerData,0,
f_302714_,CODEC,0,
f_302715_,target,0,
f_302716_,LOGGER,0,
f_302717_,POPUP_DEFAULT_WIDTH,0,
f_302718_,TUFF_BRICKS_PLACE,0,
f_302719_,SELECTION_PRIORITY,0,
f_302721_,MAP_CODEC,0,
f_302722_,overridePeacefulAndMobSpawnRule,0,
f_302723_,player,0,
f_302724_,PADDING,0,
f_302726_,val$packsToUnload,0,
f_302727_,BLOCK_TYPE,0,
f_302728_,sprintTimeSpend,0,
f_302730_,lootData,0,
f_302731_,safeModeCallback,0,
f_302732_,level,0,
f_302733_,jumpTarget,0,
f_302734_,screenRectangle,0,
f_302735_,TRIAL_SPAWNER_CLOSE_SHUTTER,0,
f_302736_,DEBUG_BREEZE_MOB,0,
f_302737_,NOP,0,
f_302738_,CODEC,0,
f_302739_,displayAutoUpdate,0,
f_302740_,tickrate,0,
f_302741_,HALF_LIT,0,
f_302742_,player,0,
f_302743_,CHISELED_TUFF,0,
f_302744_,LEVEL_CHUNKS_LOAD_START,0,
f_302745_,CODEC,0,
f_302746_,HIGHEST_PRIORITY_FIRST,0,
f_302747_,CODEC,0,
f_302748_,val$function,0,
f_302749_,CODEC,0,
f_30274_,turtle,0,
f_302750_,backgroundScreen,0,
f_302751_,JUMP_TRAIL_DURATION_TICKS,0,
f_302752_,queuedTasks,0,
f_302753_,CODEC,0,
f_302754_,resultCallback,0,
f_302755_,lastTimeStamp,0,
f_302756_,CODEC,0,
f_302757_,resultContainer,0,
f_302758_,targetY,0,
f_302759_,CODEC,0,
f_302761_,PARTICLES_TRIAL_SPAWNER_SPAWN,0,
f_302762_,url,0,
f_302763_,ATTACHED_MELON_STEM,0,
f_302764_,RULE_MAX_COMMAND_FORK_COUNT,0,
f_302765_,height,0,
f_302766_,ERROR_NO_FUNCTIONS,0,
f_302767_,CODEC,0,
f_302768_,TITLE,0,
f_302769_,GROWERS,0,
f_302770_,BREEZE_SHOOT_RECOVERING,0,
f_302771_,CODEC,0,
f_302772_,CODEC,0,
f_302773_,BAT_FLYING,0,
f_302774_,CODEC,0,
f_302775_,directCodec,0,
f_302776_,CODEC,0,
f_302777_,CODEC,0,
f_302778_,ingredients,0,
f_302779_,largeExplosionParticles,0,
f_302780_,WAXED_WEATHERED_COPPER_TRAPDOOR,0,
f_302781_,TUFF_BRICKS_STEP,0,
f_302782_,BREEZE,0,
f_302783_,LOGGER,0,
f_302784_,CODEC,0,
f_302785_,stateAccessor,0,
f_302786_,CODEC,0,
f_302787_,INSTANCE,0,
f_302788_,entries,0,
f_302789_,player,0,
f_302790_,WIND_TOP,0,
f_302791_,data,0,
f_302792_,WORLD_ACCESS_FAILURE,0,
f_302793_,scoreWidth,0,
f_302794_,RECIPE_CACHE,0,
f_302795_,POOL_ALIAS_BINDING_TYPE,0,
f_302796_,CODEC,0,
f_302797_,instance,0,
f_302798_,tooltip,0,
f_302799_,id,0,
f_302800_,name,0,
f_302801_,CODEC,0,
f_302802_,LOGGER,0,
f_302803_,lastPlayed,0,
f_302804_,WAXED_COPPER_TRAPDOOR,0,
f_302805_,SLOT_DISABLED,0,
f_302806_,ARG_CODEC,0,
f_302807_,downloaded,0,
f_302808_,CODEC,0,
f_302809_,COPPER_GRATE,0,
f_302810_,lightLevel,0,
f_302811_,CODEC,0,
f_302812_,MILLISECONDS_PER_SECOND,0,
f_302813_,SCORE_DISPLAY_ORDER,0,
f_302814_,player,0,
f_302815_,objectiveName,0,
f_302816_,lootTablesToEject,0,
f_302817_,player,0,
f_302818_,POLISHED_TUFF_WALL,0,
f_302819_,TYPES,0,
f_302820_,SYMBOL_CODEC,0,
f_302821_,val$cacheDir,0,
f_302822_,COPPER_BULB_TURN_OFF,0,
f_302823_,BREEZE_JUMP_INHALING,0,
f_302824_,canary,0,
f_302826_,compatibility,0,
f_302827_,SLIDE_PARTICLES_AMOUNT,0,
f_302828_,TRIGGER_TYPE,0,
f_302829_,poolAliases,0,
f_302830_,JUMP_COOLDOWN_TICKS,0,
f_302831_,MISSING_FILE,0,
f_302832_,CODEC,0,
f_302833_,COPPER_DOOR_CLOSE,0,
f_302834_,BREEZE_SHOOT,0,
f_302837_,TRIAL_SPAWNER_OPEN_SHUTTER,0,
f_302838_,CODEC,0,
f_302839_,CODEC,0,
f_302840_,EMPTY_POTION,0,
f_302841_,POLISHED_TUFF_WALL,0,
f_302842_,OVERLOADED_WARNING_INTERVAL_NANOS,0,
f_302844_,Z_AXIS,0,
f_302845_,EXPOSED_COPPER_DOOR,0,
f_302846_,BUTTON_MARGIN,0,
f_302847_,owner,0,
f_302848_,manager,0,
f_302849_,CODEC,0,
f_30284_,turtle,0,
f_302850_,TRIAL_CHAMBERS_CORRIDOR_DISPENSER,0,
f_302851_,CODEC,0,
f_302853_,WAXED_WEATHERED_COPPER_DOOR,0,
f_302854_,title,0,
f_302855_,CODEC,0,
f_302857_,scoreWidth,0,
f_302858_,CODEC,0,
f_302859_,CODEC,0,
f_302860_,CUBE_INNER_FACES,0,
f_302861_,narrationMessage,0,
f_302863_,seed,0,
f_302864_,EXPOSED_COPPER_GRATE,0,
f_302865_,isDragging,0,
f_302866_,URL_BUTTON,0,
f_302867_,UNCOMPRESSED_NBT_QUOTA,0,
f_302869_,NUMBER_FORMAT_TYPE,0,
f_302870_,PACK_COPY_FAILURE,0,
f_302872_,WAXED_WEATHERED_COPPER_GRATE,0,
f_302873_,CODEC,0,
f_302874_,activationStatus,0,
f_302876_,selected,0,
f_302877_,onClose,0,
f_302878_,DECORATED_POT_INSERT_FAIL,0,
f_302879_,val$typeGetter,0,
f_302880_,CODEC,0,
f_302882_,TRIGGER_TYPES,0,
f_302883_,aggregatedTickTimesNanos,0,
f_302884_,TRIAL_CHAMBERS_INTERSECTION,0,
f_302885_,LEGACY_CODEC,0,
f_302886_,compatibility,0,
f_302887_,PACK_LOAD_FAILURE,0,
f_302888_,parent,0,
f_302889_,CONTAINER_LOCATION,0,
f_302890_,CODEC,0,
f_302891_,MAX_MOB_TRACKING_DISTANCE,0,
f_302892_,SHOOT,0,
f_302893_,packSource,0,
f_302894_,CODEC,0,
f_302895_,buttons,0,
f_302896_,CODEC,0,
f_302897_,pattern,0,
f_302898_,OVERLOADED_TICKS_WARNING_INTERVAL,0,
f_302899_,MESSAGE,0,
f_302901_,val$cls,0,
f_302902_,CODEC,0,
f_302903_,codec,0,
f_302904_,WAXED_COPPER_BULB,0,
f_302905_,numberFormat,0,
f_302906_,problems,0,
f_302908_,MAP_CODEC,0,
f_302909_,SOUND_CRAFTER_FAIL,0,
f_302910_,data,0,
f_302911_,CODEC,0,
f_302912_,lootTable,0,
f_302913_,CODEC,0,
f_302914_,POLISHED_TUFF_SLAB,0,
f_302915_,FULL_CONTEXT_CALLBACKS,0,
f_302916_,CODEC,0,
f_302917_,CODEC,0,
f_302918_,CODEC,0,
f_302920_,codec,0,
f_302921_,CODEC,0,
f_302922_,CODEC,0,
f_302923_,MANGROVE,0,
f_302924_,val$key,0,
f_302925_,required,0,
f_302926_,val$canModify,0,
f_302927_,smallExplosionParticles,0,
f_302928_,TRIAL_KEY,0,
f_302929_,message,0,
f_302930_,totalMobsSpawned,0,
f_302931_,CODEC,0,
f_302932_,COPPER_BULB,0,
f_302933_,entityRenderer,0,
f_302934_,SLOT_ENABLED,0,
f_302935_,COPPER_GRATE_HIT,0,
f_302936_,CODEC,0,
f_302937_,WORLD_BACKUP,0,
f_302939_,X_AXIS,0,
f_302940_,CODEC,0,
f_302941_,TRIAL_CHAMBERS,0,
f_302943_,messageWidget,0,
f_302944_,playerDetector,0,
f_302945_,CODEC,0,
f_302946_,CODEC,0,
f_302947_,BASE_LIFETIME,0,
f_302948_,CODEC,0,
f_302949_,WAXED_WEATHERED_CHISELED_COPPER,0,
f_302950_,CODEC,0,
f_302951_,value,0,
f_302952_,WAXED_EXPOSED_COPPER_DOOR,0,
f_302953_,messageLines,0,
f_302954_,name,0,
f_302955_,TYPE,0,
f_302956_,CODEC,0,
f_302959_,parameters,0,
f_302960_,selectionPriority,0,
f_302961_,BREEZE_IMMUNE_TO,0,
f_302962_,val$context,0,
f_302963_,UNCERTAINTY_MULTIPLIER,0,
f_302964_,TRIAL_SPAWNER,0,
f_302965_,LIT,0,
f_302966_,display,0,
f_302967_,player,0,
f_302968_,TEXTURE_LOCATION,0,
f_302969_,particleEmission,0,
f_302970_,CODEC,0,
f_302971_,CODEC,0,
f_302972_,CHERRY,0,
f_302973_,OXIDIZED_COPPER_GRATE,0,
f_302974_,CODEC,0,
f_302975_,TRIAL_SPAWNER_FALL,0,
f_302976_,player,0,
f_302977_,closed,0,
f_302978_,CODEC,0,
f_302980_,PARROT_IMITATE_BREEZE,0,
f_302981_,BAT_RESTING,0,
f_302982_,style,0,
f_302984_,IMAGE,0,
f_302985_,menu,0,
f_302986_,groups,0,
f_302989_,SUB_CODEC,0,
f_302991_,CODEC,0,
f_302992_,SINGLE_ITEM_CODEC,0,
f_302993_,reloadConfig,0,
f_302994_,image,0,
f_302995_,EXPOSED_COPPER_GRATE,0,
f_302996_,CODEC,0,
f_302998_,COPPER_GRATE_STEP,0,
f_302999_,CODEC,0,
f_303000_,CODEC,0,
f_303001_,image,0,
f_303002_,CODEC,0,
f_303003_,CODEC,0,
f_303004_,NO_VALUE,0,
f_303006_,CRAFTING_TICK_DELAY,0,
f_303008_,JUMP_CIRCLE_OUTER_RADIUS,0,
f_303010_,WEATHERED_COPPER_DOOR,0,
f_303011_,IMAGE_SIZE_Y,0,
f_303012_,ejectingLootTable,0,
f_303013_,WAXED_COPPER_GRATE,0,
f_303014_,packIdSerialNumber,0,
f_303015_,typeFieldName,0,
f_303016_,OXIDIZED_COPPER_DOOR,0,
f_303017_,COPPER_GRATE,0,
f_303018_,POLISHED_TUFF,0,
f_303019_,TYPES,0,
f_30301_,turtle,0,
f_303020_,downloadQueue,0,
f_303021_,INNER_CODEC,0,
f_303022_,CACHE_HASHING_FUNCTION,0,
f_303023_,CODEC,0,
f_303024_,buttonOptions,0,
f_303025_,triggered,0,
f_303026_,TITLE,0,
f_303027_,frameControl,0,
f_303028_,FLY_STAT_RECORDING_SPEED,0,
f_303029_,CODEC,0,
f_303030_,CODEC,0,
f_303032_,CUBE_ALL_INNER_FACES,0,
f_303033_,CODEC,0,
f_303034_,CODEC,0,
f_303035_,IDLE_PARTICLES_AMOUNT,0,
f_303036_,url,0,
f_303037_,CODEC,0,
f_303038_,longJump,0,
f_303039_,val$normal,0,
f_303040_,JUNGLE,0,
f_303041_,targetXOld,0,
f_303042_,player,0,
f_303043_,player,0,
f_303044_,CRAFTER,0,
f_303045_,BLOCK_TYPE,0,
f_303046_,CODEC,0,
f_303047_,id,0,
f_303048_,layout,0,
f_303049_,PARTICLES_SHOOT_SMOKE,0,
f_303050_,hash,0,
f_303051_,CODEC,0,
f_303052_,CODEC,0,
f_303053_,entries,0,
f_303054_,DONE_FAILED,0,
f_303055_,onProceed,0,
f_303056_,CODEC,0,
f_303057_,TRIAL_CHAMBERS,0,
f_303058_,attackTarget,0,
f_303059_,CODEC,0,
f_303060_,secondaryMegaTree,0,
f_303061_,executor,0,
f_303062_,player,0,
f_303063_,profiler,0,
f_303064_,layout,0,
f_303065_,MAX_DEPTH,0,
f_303066_,dustColor,0,
f_303067_,CONTAINER_SIZE,0,
f_303068_,DUST_PLUME,0,
f_303069_,SECONDS_PER_HOUR,0,
f_303070_,CRAFTING,0,
f_303071_,CONTAINER_HEIGHT,0,
f_303072_,CODEC,0,
f_303073_,RULE_PLAYERS_NETHER_PORTAL_CREATIVE_DELAY,0,
f_303074_,CODEC,0,
f_303075_,WORLD_GEN_SETTINGS,0,
f_303076_,CODEC,0,
f_303078_,chatColor,0,
f_303079_,FALL_DISTANCE_SOUND_TRIGGER_THRESHOLD,0,
f_303080_,CODEC,0,
f_303081_,DEFAULT_ENTITY_HIT_RESULT_MARGIN,0,
f_303082_,sprites,0,
f_303083_,POWERED,0,
f_303084_,smoothedTickTimeMillis,0,
f_303085_,CODEC,0,
f_303086_,COPPER,0,
f_303087_,CODEC,0,
f_303088_,SIDEBAR_DEFAULT,0,
f_303090_,CODEC,0,
f_303091_,URL_TEXT,0,
f_303092_,MAX_MOB_TRACKING_DISTANCE_SQR,0,
f_303093_,CODEC,0,
f_303095_,CODEC,0,
f_303096_,HALF_WIDTH,0,
f_303097_,LIT,0,
f_303098_,SPACING,0,
f_303099_,sprites,0,
f_303100_,BREEZE,0,
f_303101_,WAXED_OXIDIZED_COPPER_TRAPDOOR,0,
f_303102_,CODEC,0,
f_303103_,INITIAL,0,
f_303104_,CODEC,0,
f_303105_,canButtonBeActivatedByArrows,0,
f_303106_,JUMP_COOLDOWN_WHEN_HURT_TICKS,0,
f_303108_,JUMP_TRAIL_PARTICLES_AMOUNT,0,
f_303109_,AABB,0,
f_303110_,root,0,
f_303111_,val$valueCodec,0,
f_303112_,WILDCARD_NAME,0,
f_303113_,ITEM_NON_AIR_CODEC,0,
f_303114_,partialTickTime,0,
f_303115_,CODEC,0,
f_303116_,removalPriority,0,
f_303117_,commandQueue,0,
f_303118_,WAXED_OXIDIZED_CHISELED_COPPER,0,
f_303119_,COPPER_BULB_TURN_ON,0,
f_303120_,player,0,
f_303121_,COPPER_BULB_BREAK,0,
f_303122_,hash,0,
f_303123_,TUFF_BRICKS,0,
f_303124_,lootTableSeed,0,
f_303125_,tickRate,0,
f_303126_,legacyCodec,0,
f_303127_,CODEC,0,
f_303128_,slotStates,0,
f_303129_,player,0,
f_303130_,CODEC,0,
f_303131_,NONE,0,
f_303132_,name,0,
f_303133_,INFO_POPUP,0,
f_303134_,commandLimit,0,
f_303135_,INSTANCE,0,
f_303136_,MAP_CODEC,0,
f_303137_,owner,0,
f_303138_,CODEC,0,
f_303140_,template,0,
f_303141_,beesInside,0,
f_303142_,feet,0,
f_303143_,TAG_SCORE,0,
f_303144_,description,0,
f_303145_,id,0,
f_303146_,SPACING,0,
f_303147_,CODEC,0,
f_303148_,MAX_GROWTH_SIZE,0,
f_303149_,font,0,
f_303150_,selfEntry,0,
f_303151_,CODEC,0,
f_303152_,CODEC,0,
f_303153_,NOT_CLOSED_SHULKER,0,
f_303154_,WOBBLE_AMPLITUDE,0,
f_303155_,CAN_BREAK_ARMOR_STAND,0,
f_303156_,sources,0,
f_303157_,display,0,
f_303158_,CODEC,0,
f_303159_,JUMP_DUST_PARTICLES_AMOUNT,0,
f_303160_,LOGGER,0,
f_303161_,val$decodeLifecycle,0,
f_303163_,TAG_DISPLAY,0,
f_303164_,prompt,0,
f_303165_,sprites,0,
f_303166_,backgroundScreen,0,
f_303167_,TAG_LOCKED,0,
f_303169_,CODEC,0,
f_303170_,CODEC,0,
f_303171_,flags,0,
f_303172_,eventLog,0,
f_303173_,TRIAL_CHAMBERS_WATER_DISPENSER,0,
f_303174_,CODEC,0,
f_303175_,CODEC,0,
f_303176_,CHISELED_TUFF_BRICKS,0,
f_303177_,BACKUP_FOLDER_BUTTON,0,
f_303179_,CODEC,0,
f_303180_,RENDERTYPE_BREEZE_WIND_SHADER,0,
f_303181_,canOpenByWindCharge,0,
f_303183_,TRIAL_SPAWNER_SPAWN_MOB,0,
f_303184_,WAXED_HANGING_SIGN_INTERACT_FAIL,0,
f_303185_,packType,0,
f_303186_,CODEC,0,
f_303187_,url,0,
f_303188_,LOGGER,0,
f_303189_,packLoadFeedback,0,
f_303191_,nextSpawnData,0,
f_303192_,inhale,0,
f_303193_,secondaryChance,0,
f_303194_,LOOKAT_XYZ,0,
f_303196_,LOGGER,0,
f_303197_,BUTTON_SPACING,0,
f_303198_,NUMBER_FORMAT_TYPE,0,
f_303199_,minecraft,0,
f_303200_,toastId,0,
f_303201_,EXPOSED_COPPER_DOOR,0,
f_303202_,url,0,
f_303203_,DISABLED_SLOT_LOCATION_SPRITE,0,
f_303204_,JUMP_CIRCLE_DISTANCE_Y,0,
f_303205_,maxSize,0,
f_303206_,TRIAL_SPAWNER,0,
f_303207_,CODEC,0,
f_303208_,INTERACTIONS,0,
f_303209_,BIRCH,0,
f_303210_,ADVANCEMENT_CODEC,0,
f_303212_,POLISHED_TUFF_PLACE,0,
f_303213_,CODEC,0,
f_303214_,POLISHED_TUFF,0,
f_303215_,COPPER_GRATE,0,
f_303216_,val$output,0,
f_303217_,player,0,
f_303218_,OPTIMIZE_TITLE,0,
f_303219_,CODEC,0,
f_303220_,directionToOther,0,
f_303221_,function,0,
f_303222_,WAXED_EXPOSED_COPPER_DOOR,0,
f_303223_,CODEC,0,
f_303224_,CODEC,0,
f_303225_,minecraft,0,
f_303226_,CODEC,0,
f_303227_,PATH_CREATE_SNAPSHOT_REALM,0,
f_303228_,CODEC,0,
f_303229_,buttons,0,
f_303230_,headers,0,
f_303231_,CREATE_REALM_TEXT,0,
f_303232_,executionContext,0,
f_303233_,CODEC,0,
f_303234_,value,0,
f_303235_,NO_FALLBACK_TOOLTIP,0,
f_303236_,WEATHERED_COPPER_GRATE,0,
f_303237_,TUFF_BRICK_WALL,0,
f_303238_,PRIMITIVE_ARG_CODEC,0,
f_303239_,CODEC,0,
f_303240_,CODEC,0,
f_303241_,CODEC,0,
f_303243_,DONE_TITLE,0,
f_303245_,EXPOSED_COPPER_TRAPDOOR,0,
f_303246_,smallExplosionParticles,0,
f_303247_,$SwitchMap$net$minecraft$world$inventory$ClickType,0,
f_303248_,TUFF_BRICK_WALL,0,
f_303250_,player,0,
f_303251_,WAXED_OXIDIZED_COPPER_BULB,0,
f_303252_,SHA1,0,
f_303253_,wobbleStartedAtTick,0,
f_303254_,this$0,0,
f_303255_,this$0,0,
f_303256_,UNLIT,0,
f_303257_,serverResponse,0,
f_303258_,flowers,0,
f_303259_,WIND_CHARGE,0,
f_303260_,TRIAL_SPAWNER_STEP,0,
f_303261_,name,0,
f_303262_,DELAY_BEFORE_EJECT_AFTER_KILLING_LAST_MOB,0,
f_303263_,items,0,
f_303264_,parameters,0,
f_303265_,ingredients,0,
f_303266_,availableSnapshotServers,0,
f_303267_,totalMobsAddedPerPlayer,0,
f_303268_,levelRenderer,0,
f_303269_,encoderGetter,0,
f_303270_,CODEC,0,
f_303271_,EXPOSED_COPPER_BULB,0,
f_303272_,onClose,0,
f_303273_,placedStructure,0,
f_303274_,CURRENT_EXECUTION_CONTEXT,0,
f_303276_,CODEC,0,
f_303277_,BREEZE_SPAWN_EGG,0,
f_303278_,MAX_CRAFTING_TICKS,0,
f_303279_,packPromptStatus,0,
f_303280_,CODEC,0,
f_303281_,WEATHERED_CHISELED_COPPER,0,
f_303282_,CODEC,0,
f_303283_,INNER_CIRCLE_COLOR,0,
f_303284_,DEFAULT,0,
f_303285_,val$user,0,
f_303286_,codecs,0,
f_303287_,TUFF_STAIRS,0,
f_303288_,CODEC,0,
f_303289_,TYPES,0,
f_303290_,TYPE,0,
f_303291_,val$packsToLoad,0,
f_303292_,placementPriority,0,
f_303293_,oSpin,0,
f_303294_,NEW_REALM_SPRITE_WIDTH,0,
f_303295_,display,0,
f_303296_,WEATHERED_COPPER_GRATE,0,
f_303297_,WIND_BOTTOM,0,
f_303299_,CODEC,0,
f_30329_,turtle,0,
f_303300_,POLISHED_TUFF_BREAK,0,
f_303301_,CODEC,0,
f_303302_,CODEC,0,
f_303303_,tracer,0,
f_303304_,CODEC,0,
f_303305_,NEW_REALM_SPRITE_HEIGHT,0,
f_303306_,COLOR_RGB24,0,
f_303307_,MIDDLE_CIRCLE_COLOR,0,
f_303309_,MAX_JUMP_VELOCITY,0,
f_30330_,speedModifier,0,
f_303310_,SHOOT_INITIAL_DELAY_TICKS,0,
f_303311_,TEST_POSITION_RANGE,0,
f_303312_,CODEC,0,
f_303313_,CODEC,0,
f_303314_,CODEC,0,
f_303315_,depth,0,
f_303316_,CODEC,0,
f_303317_,skipGeneratingModelsFor,0,
f_303318_,typed,0,
f_30331_,stuck,0,
f_303320_,CODEC,0,
f_303321_,CODEC,0,
f_303322_,MAP_CODEC,0,
f_303323_,id,0,
f_303324_,key,0,
f_303325_,SPAWNER_TRIAL_CHAMBER_CONSUMABLES,0,
f_303326_,modifiedTime,0,
f_303327_,CODEC,0,
f_303328_,LOGGER,0,
f_303329_,index,0,
f_303330_,player,0,
f_303331_,item,0,
f_303333_,WAXED_EXPOSED_COPPER_BULB,0,
f_303334_,CODEC,0,
f_303335_,cancelCallback,0,
f_303336_,NARRATOR_TOGGLE,0,
f_303337_,LOWEST_SHIELD_BLOCKING_ANGLE,0,
f_303338_,forkLimit,0,
f_303339_,codecs,0,
f_303340_,PLAY_WORLD,0,
f_303341_,TRIAL_CHAMBERS_SUPPLY,0,
f_303342_,val$requiresSync,0,
f_303343_,CODEC,0,
f_303344_,items,0,
f_303345_,CODEC,0,
f_303346_,map,0,
f_303347_,PUMPKIN,0,
f_303348_,CODEC,0,
f_303349_,WAXED_EXPOSED_COPPER_TRAPDOOR,0,
f_303350_,name,0,
f_303351_,PARTICLES_SHOOT_WHITE_SMOKE,0,
f_303352_,LOG_ONLY_FEEDBACK,0,
f_303353_,TEXTURE_LOCATION,0,
f_303354_,fuzzy,0,
f_303355_,output,0,
f_303356_,CODEC,0,
f_303357_,CODEC,0,
f_303358_,STATUS_EXPIRE_TIME_NANOS,0,
f_303359_,path,0,
f_303360_,TRIAL_CHAMBERS_COPPER_BULB_DEGRADATION,0,
f_303361_,CODEC,0,
f_303362_,DEFAULT_SAFE_FILE_OPERATION_RETRIES,0,
f_303363_,WAXED_CHISELED_COPPER,0,
f_303364_,layout,0,
f_303365_,val$totalCount,0,
f_303366_,NS_RESIZABLE_WINDOW_MASK,0,
f_303367_,CODEC,0,
f_303368_,CODEC,0,
f_303369_,TYPE,0,
f_303370_,BREEZE_JUMP_TARGET,0,
f_303371_,TUFF_BRICK_STAIRS,0,
f_303372_,TYPE,0,
f_303373_,WAXED_OXIDIZED_COPPER_GRATE,0,
f_303374_,OVERLOADED_TICKS_THRESHOLD,0,
f_303375_,PUMPKIN_STEM,0,
f_303376_,TRIAL_CHAMBERS_ENTRANCE,0,
f_303378_,$SwitchMap$net$minecraft$world$level$block$entity$trialspawner$TrialSpawnerState,0,
f_303379_,USE_ROW_SLOT_END,0,
f_303380_,CODEC,0,
f_303381_,CODEC,0,
f_303382_,TELEMETRY_OPTIONAL_DISABLED_TRANSLATION_KEY,0,
f_303383_,CODEC,0,
f_303384_,realmsMainScreen,0,
f_303385_,CODEC,0,
f_303387_,bone,0,
f_303388_,PARTICLE_OPTIONS_FIELD,0,
f_303389_,val$connection,0,
f_303391_,MAP_CODEC,0,
f_303392_,CODEC,0,
f_303393_,LEVEL_NAME,0,
f_303394_,duration,0,
f_303395_,player,0,
f_303396_,CODEC,0,
f_303397_,buttonWidth,0,
f_303398_,CODEC,0,
f_303399_,MEMORY_TYPES,0,
f_303400_,path,0,
f_303402_,CODEC,0,
f_303403_,POWERED_REDSTONE_LOCATION_SPRITE,0,
f_303404_,supplier,0,
f_303405_,CODEC,0,
f_303406_,focused,0,
f_303407_,DISABLED_SLOT_TOOLTIP,0,
f_303408_,player,0,
f_303409_,dimensions,0,
f_303410_,WAXED_EXPOSED_COPPER_GRATE,0,
f_303411_,TYPE,0,
f_303412_,UNDEAD,0,
f_303413_,CODEC,0,
f_303414_,TRIGGERED,0,
f_303415_,activeVersion,0,
f_303416_,CODEC,0,
f_303417_,CRAFTER_FAIL,0,
f_303418_,WIND_MIDDLE_SPEED,0,
f_303419_,BREEZE_DEATH,0,
f_303420_,generationInfo,0,
f_303421_,WIND_CHARGE,0,
f_303422_,CODEC,0,
f_303424_,CODEC,0,
f_303425_,OAK,0,
f_303426_,TUFF_STAIRS,0,
f_303427_,TOTAL_BUFFERS_SIZE,0,
f_303428_,player,0,
f_303430_,CODEC,0,
f_303431_,id,0,
f_303432_,JUMP_CIRCLE_MIDDLE_RADIUS,0,
f_303433_,player,0,
f_303434_,generateWorldTask,0,
f_303435_,CODEC,0,
f_303436_,CODEC,0,
f_303437_,full,0,
f_303438_,ACACIA,0,
f_303439_,COPPER_GRATE_FALL,0,
f_303440_,WIND_MID,0,
f_303441_,DEAD_CORAL_FIELD,0,
f_303442_,closed,0,
f_303443_,hasUpdates,0,
f_303444_,requests,0,
f_303445_,BREEZE_IDLE_GROUND,0,
f_303446_,width,0,
f_303447_,FLOWING_FLUID,0,
f_303448_,EXPOSED_CHISELED_COPPER,0,
f_303449_,WAXED_OXIDIZED_COPPER_GRATE,0,
f_303450_,LINEAR_LOOKUP_THRESHOLD,0,
f_303451_,simultaneousMobsAddedPerPlayer,0,
f_303452_,ticksBetweenSpawn,0,
f_303453_,player,0,
f_303454_,OXIDIZED_COPPER_BULB,0,
f_303455_,PARTICLES_TRIAL_SPAWNER_SPAWN_MOB_AT,0,
f_303456_,container,0,
f_303457_,CRAFTER,0,
f_303458_,val$mainThreadExecutor,0,
f_303459_,CODEC,0,
f_303460_,SLOW,0,
f_303461_,y,0,
f_303462_,detectedPlayers,0,
f_303463_,tickRateManager,0,
f_303464_,CODEC,0,
f_303465_,CODEC,0,
f_303466_,COPPER_BULB_HIT,0,
f_303467_,BREEZE_SHOOT_CHARGING,0,
f_303468_,id,0,
f_303469_,CODEC,0,
f_303470_,CODEC,0,
f_303471_,CODEC,0,
f_303472_,CODEC,0,
f_303474_,sectionBufferPool,0,
f_303475_,$SwitchMap$net$minecraft$world$level$block$state$properties$BlockSetType$PressurePlateSensitivity,0,
f_303476_,CODEC,0,
f_303477_,CODEC,0,
f_303478_,val$services,0,
f_303479_,name,0,
f_303480_,CODEC,0,
f_303481_,CODEC,0,
f_303482_,frozenTicksToRun,0,
f_303483_,CODEC,0,
f_303484_,CODEC,0,
f_303485_,this$0,0,
f_303486_,CRAFTER_CRAFT,0,
f_303487_,CODEC,0,
f_303488_,containerData,0,
f_303489_,codec,0,
f_303490_,POLISHED_TUFF_FALL,0,
f_303491_,CODEC,0,
f_303492_,CODEC,0,
f_303493_,audibleSubtitles,0,
f_303494_,CODEC,0,
f_303495_,TAG_NEXT_MOB_SPAWNS_AT,0,
f_303496_,PUMPKIN_SEEDS,0,
f_303497_,WORLD_PACK_ID,0,
f_303498_,segments,0,
f_303499_,TYPE,0,
f_303500_,CODEC,0,
f_303502_,POLISHED_TUFF_HIT,0,
f_303503_,experiments,0,
f_303504_,JSON_READER_POS,0,
f_303505_,WAXED_CHISELED_COPPER,0,
f_303506_,CODEC,0,
f_303507_,sprites,0,
f_303508_,COLOR_RGB24,0,
f_303509_,CRAFTER_3x3,0,
f_303510_,CODEC,0,
f_303511_,DEFAULT_TICKRATE,0,
f_303512_,DEFAULT_WIDTH,0,
f_303513_,sum,0,
f_303514_,val$name,0,
f_303515_,MIMINUM_AUTOSAVE_TICKS,0,
f_303516_,ANIMATION_TRIAL_SPAWNER_EJECT_ITEM,0,
f_303517_,TRIAL_CHAMBERS_REWARD,0,
f_303518_,SCREEN_SIDE_MARGIN,0,
f_303519_,returnParentFrame,0,
f_303520_,levelReceived,0,
f_303523_,secondaryTree,0,
f_303524_,CODEC,0,
f_303525_,containerId,0,
f_303526_,WAXED_OXIDIZED_COPPER_DOOR,0,
f_303527_,totalMobs,0,
f_303528_,APPLYING_PACK_TEXT,0,
f_303529_,$SwitchMap$com$mojang$realmsclient$dto$RealmsServer$Compatibility,0,
f_303530_,onClose,0,
f_303531_,CODEC,0,
f_303532_,HIDDEN_SCORE_PREFIX,0,
f_303534_,CAN_BREATHE_UNDER_WATER,0,
f_303535_,CODEC,0,
f_303536_,TAG_FORMAT,0,
f_303537_,CODEC,0,
f_303538_,POLISHED_TUFF,0,
f_303539_,CODEC,0,
f_303540_,path,0,
f_303541_,STATE,0,
f_303542_,SPEED_MULTIPLIER_WHEN_SLIDING,0,
f_303543_,COPPER_DOOR_OPEN,0,
f_303544_,TUFF_SLAB,0,
f_303545_,TUFF_BRICK_SLAB,0,
f_303546_,secondaryFlowers,0,
f_303547_,TUFF_BRICKS,0,
f_303548_,path,0,
f_303549_,OXIDIZED_COPPER_GRATE,0,
f_303550_,previousIsFrozen,0,
f_303551_,experiments,0,
f_303552_,TUFF_BRICK_SLAB,0,
f_303553_,player,0,
f_303554_,MAX_QUEUE_DEPTH,0,
f_303555_,CODEC,0,
f_303556_,RODS,0,
f_303557_,CODEC,0,
f_303558_,CODEC,0,
f_303559_,DONE_SUCCESS,0,
f_30355_,PERSISTENT_ANGER_TIME,0,
f_303560_,URL,0,
f_303561_,DEFAULT_SPACING,0,
f_303562_,POLISHED_TUFF_STEP,0,
f_303563_,TRIAL_SPAWNER_BREAK,0,
f_303564_,SENSOR_TYPES,0,
f_303565_,WIND_TOP_SPEED,0,
f_303566_,EFFECTS_FIELD,0,
f_303567_,INV_SLOT_START,0,
f_303568_,UNSAFE_CODEC,0,
f_303569_,ALLOWED_ANGLES,0,
f_30356_,persistentAngerTarget,0,
f_303570_,numberFormat,0,
f_303571_,TUFF_SLAB,0,
f_303573_,restAnimationState,0,
f_303574_,CODEC,0,
f_303575_,name,0,
f_303576_,CODEC,0,
f_303577_,LOGGER,0,
f_303578_,cacheDir,0,
f_303579_,taskFactory,0,
f_30357_,PREY_SELECTOR,0,
f_303580_,transform,0,
f_303581_,clientTickCount,0,
f_303582_,player,0,
f_303583_,CODEC,0,
f_303584_,TRIAL_CHAMBERS_CHAMBER_DISPENSER,0,
f_303585_,CODEC,0,
f_303586_,val$codec,0,
f_303587_,CHISELED_TUFF,0,
f_303588_,MAX_CACHE_ENTRIES,0,
f_303589_,player,0,
f_30358_,DATA_INTERESTED_ID,0,
f_303590_,TARGET_LINE_COLOR,0,
f_303591_,CODEC,0,
f_303592_,CODEC,0,
f_303593_,CODEC,0,
f_303594_,CODEC,0,
f_303595_,FOLDER_BUTTON,0,
f_303596_,PREPARE_LEVELS_DEFAULT_DELAY_NANOS,0,
f_303597_,seed,0,
f_303598_,EMPTY,0,
f_303599_,player,0,
f_30359_,DATA_COLLAR_COLOR,0,
f_303600_,ORIENTATION,0,
f_303601_,chunksLoaded,0,
f_303602_,CODEC,0,
f_303603_,TUFF,0,
f_303604_,pressurePlateSensitivity,0,
f_303605_,CODEC,0,
f_303606_,WIND_BODY,0,
f_303607_,placementPriorityEdit,0,
f_303608_,CODEC,0,
f_303609_,EXPOSED_COPPER_TRAPDOOR,0,
f_30360_,DATA_REMAINING_ANGER_TIME,0,
f_303610_,name,0,
f_303611_,this$0,0,
f_303612_,value,0,
f_303613_,confusionAnimationTick,0,
f_303614_,val$compressed,0,
f_303616_,alias,0,
f_303617_,TUFF_BRICKS_FALL,0,
f_303618_,CODEC,0,
f_303619_,SLIDE,0,
f_30361_,interestedAngle,0,
f_303620_,spinningMobSpeed,0,
f_303621_,ANY,0,
f_303622_,CODEC,0,
f_303623_,slide,0,
f_303624_,range,0,
f_303626_,full,0,
f_303627_,val$provider,0,
f_303628_,WEATHERED_COPPER_TRAPDOOR,0,
f_303629_,event,0,
f_30362_,interestedAngleO,0,
f_303630_,this$0,0,
f_303631_,resolved,0,
f_303632_,PROJECTILE_MOVEMENT_SCALE,0,
f_303633_,action,0,
f_303634_,uuid,0,
f_303635_,COPPER_TRAPDOOR,0,
f_303636_,CODEC,0,
f_303637_,CODEC,0,
f_303638_,name,0,
f_303639_,CODEC,0,
f_30363_,isWet,0,
f_303640_,CODEC,0,
f_303641_,RESTORE_BUTTON,0,
f_303642_,SHORT_GRASS,0,
f_303643_,CODEC,0,
f_303644_,trialSpawner,0,
f_303645_,tickRateManager,0,
f_303646_,CODEC,0,
f_303647_,aabbOffset,0,
f_303648_,Y_AXIS,0,
f_303649_,CODEC,0,
f_30364_,isShaking,0,
f_303650_,OXIDIZED_CHISELED_COPPER,0,
f_303651_,STATUS_LIGHT_HEIGHT,0,
f_303652_,POLISHED_TUFF,0,
f_303653_,frame,0,
f_303654_,originalSource,0,
f_303655_,CODEC,0,
f_303656_,lastScreen,0,
f_303657_,TYPE,0,
f_303658_,YELLOW,0,
f_303659_,onPress,0,
f_30365_,shakeAnim,0,
f_303661_,FULL_CODEC,0,
f_303662_,OXIDIZED_COPPER_DOOR,0,
f_303663_,WAXED_WEATHERED_COPPER_TRAPDOOR,0,
f_303664_,WAXED_WEATHERED_COPPER_DOOR,0,
f_303665_,rotation,0,
f_303666_,val$packId,0,
f_303667_,BREEZE_SLIDE,0,
f_303669_,this$0,0,
f_30366_,shakeAnimO,0,
f_303670_,targetZ,0,
f_303671_,worldData,0,
f_303672_,CODEC,0,
f_303673_,id,0,
f_303674_,WEATHERED_COPPER_BULB,0,
f_303675_,FLAT_CODEC,0,
f_303676_,TUFF_BRICKS_BREAK,0,
f_303677_,isCapableOfSpawning,0,
f_303678_,TUFF_BRICKS,0,
f_303679_,BREEZE_JUMP_COOLDOWN,0,
f_303680_,id,0,
f_303681_,forceHide,0,
f_303682_,CODEC,0,
f_303683_,jumpTrailStartedTick,0,
f_303684_,name,0,
f_303685_,image,0,
f_303686_,player,0,
f_303687_,val$proxy,0,
f_303688_,EXAMPLES,0,
f_303689_,MORE_INFO_BUTTON,0,
f_303690_,VERTICAL_SPACING,0,
f_303691_,BUTTON_HEIGHT,0,
f_303692_,WAXED_OXIDIZED_COPPER_DOOR,0,
f_303694_,onCancel,0,
f_303695_,CODEC,0,
f_303697_,score,0,
f_303698_,CODEC,0,
f_303699_,position,0,
f_303700_,CODEC,0,
f_303701_,tasks,0,
f_303702_,WATERLOGGED,0,
f_303703_,explosionSound,0,
f_303704_,CODEC,0,
f_303705_,ATTACHED_PUMPKIN_STEM,0,
f_303706_,numberFormatOverride,0,
f_303707_,TRIAL_SPAWNER_PLACE,0,
f_303708_,distance,0,
f_303709_,SHORT_GRASS,0,
f_303710_,option,0,
f_303711_,newState,0,
f_303712_,cooldownEndsAt,0,
f_303713_,CODEC,0,
f_303714_,CODEC,0,
f_303715_,CODEC,0,
f_303716_,name,0,
f_303717_,freeBufferCount,0,
f_303718_,ATTACK_RANGE_MAX_SQRT,0,
f_303719_,slotId,0,
f_303721_,val$frame,0,
f_303722_,TUFF_BRICK_STAIRS,0,
f_303724_,rgba,0,
f_303725_,HAS_TRIAL_CHAMBERS,0,
f_303726_,weatherState,0,
f_303727_,tickTimesNanos,0,
f_303728_,WIND_BOTTOM_SPEED,0,
f_303729_,packedTextures,0,
f_303730_,up,0,
f_303733_,spawnPotentialsDefinition,0,
f_303734_,WAXED_WEATHERED_COPPER_GRATE,0,
f_303735_,NO_RECURSIVE_TRACES,0,
f_303736_,perEntity,0,
f_303738_,msptSupplier,0,
f_303739_,action,0,
f_303740_,EXPOSED_COPPER_BULB,0,
f_303741_,COPPER_TRAPDOOR,0,
f_303742_,WILDCARD,0,
f_303744_,CODEC,0,
f_303745_,breezeInfo,0,
f_303746_,ATTACK_RANGE_MIN_SQRT,0,
f_303747_,selectionPriorityEdit,0,
f_303748_,player,0,
f_303749_,pickupItemStack,0,
f_303750_,BG_BORDER_WITH_SPACING,0,
f_303751_,SERVER_NAME,0,
f_303752_,POLISHED_TUFF_SLAB,0,
f_303753_,val$lifecycle,0,
f_303754_,LOGGER,0,
f_303755_,url,0,
f_303756_,cache,0,
f_303757_,MELON_STEM,0,
f_303758_,SOUND_CRAFTER_CRAFT,0,
f_303759_,placementPriority,0,
f_303760_,UNSAFE_CODEC,0,
f_303761_,reporter,0,
f_303762_,MAX_TICKRATE,0,
f_303763_,player,0,
f_303764_,CODEC,0,
f_303765_,rendertypeBreezeWindShader,0,
f_303766_,CODEC,0,
f_303767_,CODEC,0,
f_303768_,CODEC,0,
f_303769_,width,0,
f_303770_,val$typeCodec,0,
f_303771_,BREEZE_JUMP,0,
f_303772_,commandQuota,0,
f_303774_,compatibility,0,
f_303775_,SELECTION_PRIORITY_LABEL,0,
f_303776_,UNCERTAINTY_BASE,0,
f_303777_,value,0,
f_303778_,LOOT_TABLE_SEED_TAG,0,
f_303779_,CODEC,0,
f_303780_,MELON,0,
f_303781_,SMOKE_INSIDE_AND_TOP_FACE,0,
f_303782_,sprites,0,
f_303783_,CODEC,0,
f_303784_,BACKUP_BUTTON,0,
f_303785_,callback,0,
f_303786_,count,0,
f_303787_,this$0,0,
f_303789_,AABB_STANDING_OFFSET,0,
f_303790_,queueOverflow,0,
f_303792_,EXPOSED_CHISELED_COPPER,0,
f_303793_,ZOMBIES,0,
f_303794_,formattedScore,0,
f_303795_,WAXED_EXPOSED_COPPER_GRATE,0,
f_303796_,factory,0,
f_303797_,WAXED_EXPOSED_COPPER_BULB,0,
f_303798_,version,0,
f_303799_,server,0,
f_303800_,CODEC,0,
f_303801_,CODEC,0,
f_303802_,MAX_KEPT_PACKS,0,
f_303804_,candleBlock,0,
f_303805_,$SwitchMap$net$minecraft$data$recipes$RecipeCategory,0,
f_303807_,value,0,
f_303809_,failed,0,
f_303810_,score,0,
f_303811_,OXIDIZED_CHISELED_COPPER,0,
f_303812_,isFrozen,0,
f_303813_,player,0,
f_303814_,INFO,0,
f_303815_,SPAWNER_TRIAL_CHAMBER_KEY,0,
f_303816_,CODEC,0,
f_303817_,WAXED_COPPER_GRATE,0,
f_303818_,commandInput,0,
f_303819_,stem,0,
f_303820_,COPPER_TRAPDOOR_OPEN,0,
f_303822_,simultaneousMobs,0,
f_303823_,CODEC,0,
f_303824_,CODEC,0,
f_303825_,TUFF_WALL,0,
f_303826_,layout,0,
f_303827_,CODEC,0,
f_303828_,contentWidth,0,
f_303830_,snapshotToggle,0,
f_303831_,BREEZE_LAND,0,
f_303832_,CODEC,0,
f_303833_,id,0,
f_303834_,JUMP_CIRCLE_INNER_RADIUS,0,
f_303835_,factory,0,
f_303836_,CODEC,0,
f_303837_,$SwitchMap$net$minecraft$client$resources$server$PackLoadFeedback$FinalResult,0,
f_303838_,player,0,
f_303840_,$SwitchMap$net$minecraft$core$Direction,0,
f_303841_,compiledAction,0,
f_303843_,packFeedback,0,
f_303844_,CODEC,0,
f_303845_,CODEC,0,
f_303846_,time,0,
f_303847_,PLACEMENT_PRIORITY,0,
f_303849_,CODEC,0,
f_303850_,hash,0,
f_303851_,CODEC,0,
f_303852_,OPTIMIZE_BUTTON,0,
f_303853_,PATH_SNAPSHOT_ELIGIBLE_REALMS,0,
f_303854_,BUTTON_PADDING,0,
f_303855_,POLISHED_TUFF_STAIRS,0,
f_303856_,nanosecondsPerTick,0,
f_303857_,CODEC,0,
f_303858_,CODEC,0,
f_303859_,CODEC,0,
f_303860_,CODEC,0,
f_303861_,CODEC,0,
f_303862_,AZALEA,0,
f_303863_,OUTER_CIRCLE_COLOR,0,
f_303865_,CIRCLE_VERTICES,0,
f_303866_,message,0,
f_303867_,selectionPriority,0,
f_303868_,slots,0,
f_303869_,WAXED_OXIDIZED_CHISELED_COPPER,0,
f_303870_,CODEC,0,
f_303871_,COPPER_GRATE_BREAK,0,
f_303872_,this$0,0,
f_303873_,CODEC,0,
f_303874_,CUSTOM_COLOR_PREFIX,0,
f_303875_,ROOT_REGISTRY_NAME,0,
f_30450_,this$0,0,
f_30451_,wolf,0,
f_30466_,enchantment,0,
f_30467_,level,0,
f_30482_,DATA_ID_CHEST,0,
f_30507_,eatingCounter,0,
f_30508_,mouthCounter,0,
f_30509_,standCounter,0,
f_30510_,allowStandSliding,0,
f_30511_,eatAnim,0,
f_30512_,eatAnimO,0,
f_30513_,standAnim,0,
f_30514_,standAnimO,0,
f_30515_,mouthAnim,0,
f_30516_,mouthAnimO,0,
f_30517_,tailCounter,0,
f_30518_,sprintCounter,0,
f_30519_,isJumping,0,
f_30520_,inventory,0,
f_30521_,temper,0,
f_30522_,playerJumpPendingScale,0,
f_30523_,canGallop,0,
f_30524_,gallopSoundCounter,0,
f_30525_,PARENT_HORSE_SELECTOR,0,
f_30526_,MOMMY_TARGETING,0,
f_30528_,DATA_ID_FLAGS,0,
f_30686_,DATA_ID_TYPE_VARIANT,0,
f_30738_,variant,0,
f_30741_,didSpit,0,
f_30742_,caravanHead,0,
f_30743_,caravanTail,0,
f_30745_,DATA_STRENGTH_ID,0,
f_30747_,DATA_VARIANT_ID,0,
f_30847_,variant,0,
f_30861_,BY_ID,0,
f_30862_,id,0,
f_30890_,skeletonTrapGoal,0,
f_30891_,isTrap,0,
f_30892_,trapTime,0,
f_30925_,horse,0,
f_30937_,despawnDelay,0,
f_30962_,llama,0,
f_30963_,ownerLastHurtBy,0,
f_30964_,timestamp,0,
f_30977_,BY_ID,0,
f_30978_,id,0,
f_31010_,parentMob,0,
f_31011_,name,0,
f_31012_,size,0,
f_31032_,time,0,
f_31033_,DATA_BEAM_TARGET,0,
f_31034_,DATA_SHOW_BOTTOM,0,
f_31067_,DATA_PHASE,0,
f_31068_,tail1,0,
f_31069_,tail2,0,
f_31070_,tail3,0,
f_31071_,wing1,0,
f_31072_,wing2,0,
f_31073_,dragonFight,0,
f_31074_,phaseManager,0,
f_31075_,growlTime,0,
f_31076_,sittingDamageReceived,0,
f_31077_,nodes,0,
f_31078_,nodeAdjacency,0,
f_31079_,openSet,0,
f_31080_,head,0,
f_31081_,oFlapTime,0,
f_31082_,flapTime,0,
f_31083_,inWall,0,
f_31084_,dragonDeathTime,0,
f_31085_,yRotA,0,
f_31086_,nearestCrystal,0,
f_31087_,LOGGER,0,
f_31088_,CRYSTAL_DESTROY_TARGETING,0,
f_31089_,subEntities,0,
f_31090_,neck,0,
f_31091_,body,0,
f_31092_,positions,0,
f_31093_,posPointer,0,
f_31176_,dragon,0,
f_31201_,LOGGER,0,
f_31202_,targetLocation,0,
f_31203_,timeSinceCharge,0,
f_31214_,targetLocation,0,
f_31215_,time,0,
f_31224_,NEW_TARGET_TARGETING,0,
f_31225_,currentPath,0,
f_31226_,targetLocation,0,
f_31227_,clockwise,0,
f_31244_,targetLocation,0,
f_31253_,NEAR_EGG_TARGETING,0,
f_31254_,currentPath,0,
f_31255_,targetLocation,0,
f_31291_,block,0,
f_31292_,state,0,
f_31303_,targetLocation,0,
f_31319_,attackingTicks,0,
f_31326_,flameTicks,0,
f_31327_,flameCount,0,
f_31328_,flame,0,
f_31337_,CHARGE_TARGETING,0,
f_31338_,scanTargeting,0,
f_31339_,scanningTime,0,
f_31349_,LOGGER,0,
f_31350_,fireballCharge,0,
f_31351_,currentPath,0,
f_31352_,targetLocation,0,
f_31353_,attackTarget,0,
f_31354_,holdingPatternClockwise,0,
f_31366_,firstTick,0,
f_31367_,currentPath,0,
f_31368_,targetLocation,0,
f_31377_,HOLDING_PATTERN,0,
f_31378_,STRAFE_PLAYER,0,
f_31379_,LANDING_APPROACH,0,
f_31380_,LANDING,0,
f_31381_,TAKEOFF,0,
f_31382_,SITTING_FLAMING,0,
f_31383_,SITTING_SCANNING,0,
f_31384_,SITTING_ATTACKING,0,
f_31385_,CHARGING_PLAYER,0,
f_31386_,DYING,0,
f_31387_,HOVERING,0,
f_31388_,phases,0,
f_313895_,test,0,
f_313896_,STREAM_CODEC,0,
f_313897_,EQUIPMENT,0,
f_313898_,INWORLD_MENU_LIST_BACKGROUND,0,
f_313899_,potionBrewing,0,
f_31389_,instanceClass,0,
f_313900_,CLIENTBOUND,0,
f_313901_,NO_ID_VALUE,0,
f_313902_,ENTITY_SUB_PREDICATE_TYPE,0,
f_313903_,SCALE,0,
f_313904_,isTransferring,0,
f_313905_,STREAM_CODEC,0,
f_313906_,sampleLogger,0,
f_313907_,item,0,
f_313908_,CLIENTBOUND_STORE_COOKIE,0,
f_313909_,ops,0,
f_31390_,id,0,
f_313910_,bundlerInfo,0,
f_313911_,STREAM_CODEC,0,
f_313912_,CLIENTBOUND_AWARD_STATS,0,
f_313913_,STREAM_CODEC,0,
f_313914_,MAX_BLUR_RADIUS,0,
f_313915_,page,0,
f_313916_,TYPE,0,
f_313917_,STREAM_CODEC,0,
f_313918_,queuesByPriority,0,
f_313919_,setter,0,
f_31391_,name,0,
f_313920_,val$limit,0,
f_313921_,VANILLA_NAMESPACE,0,
f_313922_,COBWEB_FALL,0,
f_313923_,layout,0,
f_313924_,level,0,
f_313925_,STREAM_CODEC,0,
f_313926_,enchantmentValue,0,
f_313927_,rot,0,
f_313929_,CODEC,0,
f_313930_,SPEED_MULTIPLIER_WHEN_MAKING_LOVE,0,
f_313931_,entityId,0,
f_313932_,rollUpAnimationState,0,
f_313933_,CLIENTBOUND_SET_ENTITY_MOTION,0,
f_313934_,DEFAULT_PADDING,0,
f_313935_,STREAM_CODEC,0,
f_313936_,PACKETOUT_OK,0,
f_313937_,textureLocation,0,
f_313938_,val$id,0,
f_313941_,BUTTON_VIEW_DATA,0,
f_313942_,DRINK_DURATION,0,
f_313943_,QUATERNIONF,0,
f_313944_,STREAM_CODEC,0,
f_313945_,history,0,
f_313946_,STREAM_CODEC,0,
f_313947_,CODEC,0,
f_313948_,LIST_STREAM_CODEC,0,
f_313949_,keyItem,0,
f_313950_,dspState,0,
f_313951_,lifecycle,0,
f_313952_,list,0,
f_313953_,this$0,0,
f_313954_,BYTE,0,
f_313955_,overrideDispenseEvent,0,
f_313957_,TITLE,0,
f_313958_,itemsById,0,
f_313959_,STREAM_CODEC,0,
f_313960_,STREAM_CODEC,0,
f_313961_,VAULT_DEACTIVATE,0,
f_313962_,STREAM_CODEC,0,
f_313963_,elements,0,
f_313964_,CLIENTBOUND_RESPAWN,0,
f_313965_,val$currentBatchTracker,0,
f_313966_,CODEC,0,
f_313967_,closedListenerTime,0,
f_313968_,CLIENTBOUND_TICKING_STATE,0,
f_313969_,MAP_DECORATION_TYPE,0,
f_313970_,currentBatch,0,
f_313971_,dimension,0,
f_313972_,DAMAGE,0,
f_313973_,CRAFTING_SLOT_OFFSET,0,
f_313974_,CLIENTBOUND_MERCHANT_OFFERS,0,
f_313975_,CODEC,0,
f_313976_,BABY_CLOSE_ENOUGH_DIST,0,
f_313977_,CLIENTBOUND_TAB_LIST,0,
f_313978_,CODEC,0,
f_313979_,WIND_CHARGED,0,
f_313980_,ERROR_CANNOT_DISABLE_FEATURE,0,
f_313981_,PAGES_CODEC,0,
f_313982_,val$invalidated,0,
f_313983_,BLUE_MARKER,0,
f_313984_,EMPTY,0,
f_313986_,reusableNeighbors,0,
f_313987_,val$operation,0,
f_313988_,val$constructor,0,
f_313989_,ruleList,0,
f_313990_,val$codec4,0,
f_313991_,sample,0,
f_313992_,statusIcon,0,
f_313994_,STREAM_CODEC,0,
f_313995_,FISHING_ENCHANTABLE,0,
f_313996_,equipSound,0,
f_313997_,STREAM_CODEC,0,
f_313998_,FLOW_NAME,0,
f_313999_,SIMPLE_CODEC,0,
f_314000_,BABY_DIMENSIONS,0,
f_314001_,scuteTime,0,
f_314003_,ARMADILLO_UNROLL_START,0,
f_314004_,ARMADILLO_WALK,0,
f_314005_,val$originZ,0,
f_314006_,X_OFFSET,0,
f_314007_,DOWNLOADED_PACK_SELECTION,0,
f_314008_,STRIPED,0,
f_314009_,val$codec2,0,
f_314010_,level,0,
f_314011_,LOGGER,0,
f_314012_,CODEC,0,
f_314013_,compatibility,0,
f_314014_,PANORAMA_OVERLAY,0,
f_314015_,STREAM_CODEC,0,
f_314016_,WOLF_ARMOR_CRACK,0,
f_314017_,knownPackInfo,0,
f_314018_,BOGGED_DEATH,0,
f_314019_,LOGGER,0,
f_314020_,DYEABLE,0,
f_314021_,BROWN_BANNER,0,
f_314022_,showInTooltip,0,
f_314023_,SERVERBOUND_KEY,0,
f_314024_,variants,0,
f_314025_,angryTextureFull,0,
f_314026_,IMMUNE_TO_INFESTED,0,
f_314027_,TAG_SPAWN_ITEM_AFTER_TICKS,0,
f_314028_,MAX_DOWN_HEAD_ROTATION_EXTENT,0,
f_314029_,tameTexture,0,
f_314030_,EMPTY,0,
f_314031_,STREAM_CODEC,0,
f_314032_,WEAVING,0,
f_314033_,CLIENTBOUND_FORGET_LEVEL_CHUNK,0,
f_314034_,values,0,
f_314035_,CAT_FOOD,0,
f_314036_,STREAM_CODEC,0,
f_314037_,PATTERN_ID_MAP,0,
f_314038_,id,0,
f_314039_,TRUSTED_CONTEXT_FREE_STREAM_CODEC,0,
f_314040_,PLAYER_OFF_MAP,0,
f_314041_,name,0,
f_314042_,elements,0,
f_314043_,AIM_DEFLECT,0,
f_314044_,RADIUS,0,
f_314045_,LEG_ARMOR_ENCHANTABLE,0,
f_314046_,bundlerInfo,0,
f_314047_,ILLAGER,0,
f_314048_,DATA_EFFECT_PARTICLES,0,
f_314049_,HIDE_TOOLTIP,0,
f_314050_,WOLF_ARMOR_REPAIR,0,
f_314051_,expectedComponents,0,
f_314052_,fractionMedium,0,
f_314053_,VAULT_STEP,0,
f_314054_,id,0,
f_314055_,STREAM_CODEC,0,
f_314056_,TYPE,0,
f_314057_,LOOT_TABLE,0,
f_314058_,packet,0,
f_314059_,DEFAULT_ATTACK_SPEED,0,
f_314060_,FEATURES,0,
f_314061_,STREAM_CODEC,0,
f_314062_,maxY,0,
f_314063_,STREAM_CODEC,0,
f_314064_,pageOperation,0,
f_314065_,CLIENTBOUND_UPDATE_MOB_EFFECT,0,
f_314066_,BEES,0,
f_314067_,containers,0,
f_314069_,type,0,
f_314070_,DIMENSION_TYPE_ID_STREAM_CODEC,0,
f_314071_,testsPerRow,0,
f_314072_,val$connection,0,
f_314073_,worldGenContext,0,
f_314074_,$SwitchMap$net$minecraft$world$item$Rarity,0,
f_314075_,layout,0,
f_314076_,BOUNCE_DEFLECTION_SCALE,0,
f_314077_,VAULT_ACTIVATE,0,
f_314078_,BADLANDS_TERRACOTTA,0,
f_314079_,ARMADILLO_BRUSH,0,
f_314080_,EMPTY,0,
f_314081_,soundTick,0,
f_314082_,CLIENTBOUND_KEEP_ALIVE,0,
f_314083_,CLIENTBOUND_CLEAR_TITLES,0,
f_314084_,value,0,
f_314085_,STREAM_CODEC,0,
f_314086_,SPACING,0,
f_314087_,title,0,
f_314088_,id,0,
f_314089_,STREAM_CODEC,0,
f_31408_,LOGGER,0,
f_314090_,zMirror,0,
f_314091_,yPower,0,
f_314092_,PACKETOUT_ERROR,0,
f_314093_,val$found,0,
f_314094_,ARMADILLO_PEEK,0,
f_314095_,NOT_SET,0,
f_314096_,count,0,
f_314097_,showInTooltip,0,
f_314098_,CLIENTBOUND_PLACE_GHOST_RECIPE,0,
f_314099_,CLIENTBOUND_OPEN_BOOK,0,
f_31409_,dragon,0,
f_314100_,ADULT_FOLLOW_RANGE,0,
f_314101_,highestPrioQueue,0,
f_314102_,EMPTY,0,
f_314103_,MAKE_OP_SPRITE,0,
f_314104_,CLIENTBOUND_BLOCK_UPDATE,0,
f_314105_,CRAFTER_ADVANCEMENT_DIAMETER,0,
f_314106_,CLIENTBOUND_SET_BORDER_CENTER,0,
f_314107_,realmId,0,
f_314108_,INSTANCE,0,
f_314109_,name,0,
f_31410_,phases,0,
f_314110_,ROTATION_SPEED,0,
f_314111_,simpleRegionStorage,0,
f_314112_,ITEMS_BUTTON,0,
f_314113_,MAX_GENERATION,0,
f_314114_,list,0,
f_314115_,STREAM_CODEC,0,
f_314116_,narration,0,
f_314117_,STATUS_ICON_HEIGHT,0,
f_314118_,face,0,
f_31411_,currentPhase,0,
f_314120_,ALWAYS_OPAQUE,0,
f_314121_,STREAM_CODEC,0,
f_314122_,CLIENTBOUND_HORSE_SCREEN_OPEN,0,
f_314123_,LEVEL_CODEC,0,
f_314124_,EMPTY,0,
f_314125_,fractionHigh,0,
f_314126_,STORAGE,0,
f_314127_,mark,0,
f_314128_,CODEC,0,
f_314129_,required,0,
f_314130_,previousWriteFuture,0,
f_314131_,CREATIVE_ENTITY_INTERACTION_RANGE_MODIFIER,0,
f_314132_,replace,0,
f_314133_,CODEC,0,
f_314134_,description,0,
f_314135_,level,0,
f_314136_,CODEC,0,
f_314137_,lifetimeAlpha,0,
f_314138_,spawnItemAfterTicks,0,
f_314139_,MAP_CODEC,0,
f_314140_,CAT,0,
f_314141_,biomes,0,
f_314142_,tooltip,0,
f_314143_,HORSE_TEMPT_ITEMS,0,
f_314144_,PIG_FOOD,0,
f_314145_,FIREWORKS,0,
f_314146_,SHEEP_FOOD,0,
f_314147_,TITLE_LENGTH,0,
f_314148_,ROTATION_SPEED,0,
f_314150_,location,0,
f_314151_,STREAM_CODEC,0,
f_314152_,CLIENTBOUND_DISCONNECT,0,
f_314154_,val$maxSize,0,
f_314155_,enchantments,0,
f_314156_,backupList,0,
f_314157_,occupant,0,
f_314159_,GAMEPLAY_STREAM_CODEC,0,
f_314160_,TITLE,0,
f_314161_,lastTickNanos,0,
f_314162_,STREAM_CODEC,0,
f_314163_,parent,0,
f_314164_,val$registryKey,0,
f_314165_,UNSUPPORTED_SNAPSHOT_VERSION,0,
f_314166_,entitySelector,0,
f_314167_,SENSITIVE_TO_BANE_OF_ARTHROPODS,0,
f_314168_,GAME_PROFILE,0,
f_314169_,TAG_PROFILE,0,
f_314170_,payload,0,
f_314171_,CARVERS,0,
f_314172_,allowCommandsForAllPlayers,0,
f_314173_,added,0,
f_314174_,val$getter4,0,
f_314175_,DATA_LAYER_STREAM_CODEC,0,
f_314176_,ATTACK_DEFLECTION_SCALE,0,
f_314177_,ARMADILLO_UNROLL_FINISH,0,
f_314178_,CODEC,0,
f_314179_,CODEC,0,
f_314180_,ID_MAP,0,
f_314181_,val$leftCodec,0,
f_314182_,STREAM_CODEC,0,
f_314183_,components,0,
f_314184_,STREAM_CODEC,0,
f_314185_,SCRAPE_NAME,0,
f_314186_,DUST_PILLAR,0,
f_314187_,MAX_LEVEL,0,
f_314188_,POTION_CONTENTS,0,
f_314189_,ATTRIBUTE_MODIFIERS,0,
f_314190_,SLOT_BODY_ARMOR,0,
f_314191_,LEFT_EAR_CUBE,0,
f_314192_,legIndex,0,
f_314193_,UNKNOWN_USE,0,
f_314194_,STREAM_CODEC,0,
f_314195_,LOGGER,0,
f_314196_,CODEC,0,
f_314197_,tooltip,0,
f_314198_,items,0,
f_314199_,CODEC,0,
f_314200_,MASK,0,
f_314201_,effect,0,
f_314203_,STREAM_CODEC,0,
f_314204_,this$0,0,
f_314205_,OMINOUS_BOTTLE,0,
f_314206_,wind,0,
f_314207_,block,0,
f_314208_,ITEM_TO_ENTITY,0,
f_314209_,val$codec1,0,
f_31420_,DATA_TARGET_A,0,
f_314211_,STREAM_CODEC,0,
f_314212_,STREAM_CODEC,0,
f_314213_,ROOT_CODEC,0,
f_314214_,components,0,
f_314216_,CODEC,0,
f_314217_,slot,0,
f_314218_,OMINOUS_BOTTLE_DISPOSE,0,
f_314219_,compilationContext,0,
f_31421_,DATA_TARGETS,0,
f_314220_,SMALL_GUST,0,
f_314221_,player,0,
f_314222_,mapCodec,0,
f_314223_,STREAM_CODEC,0,
f_314224_,level,0,
f_314225_,SLIME_SIZE,0,
f_314226_,BABY_SCALE,0,
f_314227_,layout,0,
f_314228_,val$batchIndex,0,
f_314229_,front,0,
f_31422_,DATA_ID_INV,0,
f_314230_,defaultPosition,0,
f_314231_,IGNORES_POISON_AND_REGEN,0,
f_314232_,val$minY,0,
f_314233_,STREAM_CODEC,0,
f_314234_,totalFiles,0,
f_314235_,LIGHTER_GRAY,0,
f_314236_,error,0,
f_314237_,STREAM_CODEC,0,
f_314238_,SERVERBOUND_FINISH_CONFIGURATION,0,
f_314239_,codec,0,
f_31423_,xRotHeads,0,
f_314240_,weight,0,
f_314241_,FLOW,0,
f_314242_,CODEC,0,
f_314243_,MAX_LINES,0,
f_314244_,ARMADILLO_SCUTE,0,
f_314245_,simpleRegionStorage,0,
f_314246_,testTicker,0,
f_314247_,TOO_DEEP,0,
f_314248_,NO_CREATIVE_PLAYERS,0,
f_314249_,layout,0,
f_31424_,yRotHeads,0,
f_314250_,STREAM_CODEC,0,
f_314251_,lastScreen,0,
f_314252_,STREAM_CODEC,0,
f_314253_,STREAM_CODEC,0,
f_314254_,layout,0,
f_314255_,val$implicitComponents,0,
f_314256_,STREAM_CODEC,0,
f_314257_,BOGGED_SHEAR,0,
f_314258_,contents,0,
f_314259_,val$slot,0,
f_31425_,xRotOHeads,0,
f_314260_,CLIENTBOUND_MAP_ITEM_DATA,0,
f_314261_,TYPE,0,
f_314262_,streamCodec,0,
f_314263_,STREAM_CODEC,0,
f_314264_,CODEC,0,
f_314265_,output,0,
f_314266_,name,0,
f_314267_,STORAGE_CATEGORY,0,
f_314268_,serverCookies,0,
f_314269_,pages,0,
f_31426_,yRotOHeads,0,
f_314271_,TRIAL_CHAMBERS_REWARD_UNIQUE,0,
f_314272_,STREAM_CODEC,0,
f_314274_,SENSOR_TYPES,0,
f_314275_,map,0,
f_314276_,CODEC,0,
f_314277_,SERVERBOUND_LOGIN_ACKNOWLEDGED,0,
f_314278_,BABY_DIMENSIONS,0,
f_314279_,defaultDispenseItemBehavior,0,
f_31427_,nextHeadUpdate,0,
f_314280_,CLIENTBOUND_COMMAND_SUGGESTIONS,0,
f_314281_,BLOCK_USE,0,
f_314282_,counter,0,
f_314283_,SCARE_CHECK_INTERVAL,0,
f_314284_,val$getter2,0,
f_314285_,OOZING,0,
f_314286_,potionContents,0,
f_314287_,RED_BANNER,0,
f_314288_,TAIGA_VILLAGE,0,
f_314289_,ICON_WIDTH,0,
f_31428_,idleHeadUpdates,0,
f_314290_,customName,0,
f_314291_,EMPTY,0,
f_314292_,realmId,0,
f_314293_,NAMED_SET,0,
f_314294_,DENSITY,0,
f_314295_,STREAM_CODEC,0,
f_314296_,seed,0,
f_314297_,EMPTY,0,
f_314298_,realmCreationTask,0,
f_314299_,WOLF_VARIANT,0,
f_31429_,destroyBlocksTick,0,
f_314300_,CODEC,0,
f_314301_,name,0,
f_314302_,STREAM_CODEC,0,
f_314303_,samples,0,
f_314304_,CONTAINER_LOOT,0,
f_314305_,nextPeekTimer,0,
f_314306_,FALL_AFTER_EXPLOSION,0,
f_314307_,INFESTED,0,
f_314308_,val$codec,0,
f_314309_,LOOT_TABLE,0,
f_31430_,bossEvent,0,
f_314310_,HEAVY_CORE_BREAK,0,
f_314311_,properties,0,
f_314312_,CLIENTBOUND_SET_ENTITY_LINK,0,
f_314313_,INSTANCE,0,
f_314314_,RED_MARKER,0,
f_314315_,CLIENTBOUND_LIGHT_UPDATE,0,
f_314316_,DEFAULT_OPS,0,
f_314318_,PROPERTIES_STREAM_CODEC,0,
f_314319_,FLOW,0,
f_31431_,LIVING_ENTITY_SELECTOR,0,
f_314320_,DEFAULT,0,
f_314321_,STREAM_CODEC,0,
f_314322_,SERVERBOUND_PING_REQUEST,0,
f_314323_,ERROR_NO_PLAYERS,0,
f_314324_,EXPLOSION_DAMAGE_CALCULATOR,0,
f_314325_,type,0,
f_314326_,targets,0,
f_314327_,MAGENTA_BANNER,0,
f_314328_,UNLOCKING_DELAY_TICKS,0,
f_314329_,EXPIRED_PROFILE_KEY,0,
f_31432_,TARGETING_CONDITIONS,0,
f_314331_,FLAT_BLOCK_STATE,0,
f_314332_,containerMixes,0,
f_314333_,PROPERTY_SPLITTER,0,
f_314334_,PLAYER_OFF_LIMITS,0,
f_314335_,val$delimiterPacket,0,
f_314336_,UNKNOWN_TYPE,0,
f_314337_,STREAM_CODEC,0,
f_314338_,TAG_CUSTOM_NAME,0,
f_314339_,dangerWasAround,0,
f_31433_,DATA_TARGET_B,0,
f_314340_,CREEPER_PARTICLE_COORDS,0,
f_314341_,DAMAGE_TYPE_ID_STREAM_CODEC,0,
f_314342_,rendertypeCloudsShader,0,
f_314343_,slideBack,0,
f_314344_,location,0,
f_314345_,STAR_PARTICLE_COORDS,0,
f_314346_,STREAM_CODEC,0,
f_314347_,ominousConfig,0,
f_314348_,protocolInfo,0,
f_314349_,bodyType,0,
f_31434_,DATA_TARGET_C,0,
f_314351_,level,0,
f_314352_,DEBUG_STICK_STATE,0,
f_314353_,val$codec6,0,
f_314354_,STREAM_CODEC,0,
f_314355_,acceptsTransfers,0,
f_314356_,config,0,
f_314357_,CODEC,0,
f_314358_,MAX_FUNCTION_COMMAND_LENGTH,0,
f_314359_,REQUEST_INTERVAL_MS,0,
f_314360_,body,0,
f_314361_,RANDOMIZE_SEED,0,
f_314362_,WOLF_ARMOR,0,
f_314363_,colors,0,
f_314364_,realmId,0,
f_314365_,showParticles,0,
f_314366_,STREAM_CODEC,0,
f_314367_,CREATIVE_SLOT_LOCK,0,
f_314368_,CLIENTBOUND_LEVEL_CHUNK_WITH_LIGHT,0,
f_314369_,val$codec1,0,
f_314370_,rgb,0,
f_314372_,components,0,
f_314373_,removed,0,
f_314374_,durability,0,
f_314376_,RADIUS_TO_CHECK_SLIMES,0,
f_314377_,CLIENTBOUND_UPDATE_TAGS,0,
f_314378_,SENSITIVE_TO_SMITE,0,
f_314380_,VAULT_CONNECTION,0,
f_314381_,INTANGIBLE_PROJECTILE,0,
f_314382_,val$getter1,0,
f_314383_,deactivationRange,0,
f_314384_,AT_CENTER,0,
f_314385_,PAINTING,0,
f_314386_,SERVERBOUND_ACCEPT_TELEPORTATION,0,
f_314387_,val$firstDirection,0,
f_314388_,normalConfig,0,
f_314389_,STREAM_CODEC,0,
f_314390_,GOLEM,0,
f_314391_,HIDE_CAN_PLACE,0,
f_314392_,title,0,
f_314393_,CLIENTBOUND_RECIPE,0,
f_314394_,DIMENSION,0,
f_314395_,OMINOUS_SPAWNING,0,
f_314396_,animationDuration,0,
f_314397_,STREAM_CODEC,0,
f_314398_,source,0,
f_314399_,layout,0,
f_314400_,SERVERBOUND_ENTITY_TAG_QUERY,0,
f_314401_,WHIRL_SOUND_FREQUENCY_MIN,0,
f_314402_,SERVERBOUND_PLAYER_ABILITIES,0,
f_314403_,this$0,0,
f_314404_,generation,0,
f_314405_,val$codec5,0,
f_314406_,itemRenderer,0,
f_314407_,OMINOUS,0,
f_314408_,TAB_HEADER_BACKGROUND,0,
f_314409_,val$decoder,0,
f_314410_,STRIDER_FOOD,0,
f_314411_,invitedList,0,
f_314412_,y,0,
f_314413_,SPIT,0,
f_314414_,STREAM_CODEC,0,
f_314416_,SERVERBOUND_CLIENT_COMMAND,0,
f_314417_,MEMORY_TYPES,0,
f_314419_,COBWEB,0,
f_314420_,info,0,
f_314421_,SMASH_ATTACK_FALL_THRESHOLD,0,
f_314422_,STREAM_CODEC,0,
f_314423_,dispatchBuilder,0,
f_314424_,id,0,
f_314425_,selectionConfig,0,
f_314426_,SHEARED_TAG_NAME,0,
f_314428_,STREAM_CODEC,0,
f_314429_,TAG_NAME,0,
f_314430_,this$0,0,
f_314431_,writeWorker,0,
f_314432_,val$instance,0,
f_314433_,ON_GROUND,0,
f_314434_,type,0,
f_314435_,STREAM_CODEC,0,
f_314436_,val$minX,0,
f_314437_,TITLE_MAX_LENGTH,0,
f_314438_,val$codec3,0,
f_314439_,STREAM_CODEC,0,
f_314440_,started,0,
f_314441_,STREAM_CODEC,0,
f_314442_,SPAWN_ITEM_DELAY_MIN,0,
f_314443_,ABSOLUTE_MAX_STACK_SIZE,0,
f_314444_,map,0,
f_314445_,ARMADILLO_LOCATION,0,
f_314446_,id,0,
f_314447_,getter,0,
f_314448_,TYPE,0,
f_314449_,CLIENTBOUND_SET_ENTITY_DATA,0,
f_314450_,customName,0,
f_314451_,sharedData,0,
f_314452_,val$getter4,0,
f_314453_,CLIENTBOUND_INITIALIZE_BORDER,0,
f_314454_,size,0,
f_314455_,leftHindLeg,0,
f_314456_,armorContainer,0,
f_314457_,samplesWritten,0,
f_314458_,INWORLD_HEADER_SEPARATOR,0,
f_314459_,STREAM_CODEC,0,
f_314460_,DEFAULT_VALUE,0,
f_314461_,FIRE_ASPECT_ENCHANTABLE,0,
f_314462_,this$0,0,
f_314463_,trackCount,0,
f_314464_,body,0,
f_314465_,STREAM_CODEC,0,
f_314466_,pathTypes,0,
f_314467_,codec,0,
f_314468_,SPACING,0,
f_314469_,val$accounter,0,
f_314470_,SYNTAX_END_COMPONENTS,0,
f_314471_,MACE_ENCHANTABLE,0,
f_314472_,WRITABLE_BOOK_CONTENT,0,
f_314473_,EMPTY,0,
f_314474_,STREAM_CODEC,0,
f_314475_,DISCOVERED_PACK_SELECTION_CONFIG,0,
f_314476_,ARMADILLO_ROLLING_OUT,0,
f_314477_,LIME_BANNER,0,
f_314478_,SPAWN_POSITION_SEARCH_RADIUS,0,
f_314479_,streamCodec,0,
f_314480_,name,0,
f_314481_,val$componentsBuilder,0,
f_314482_,existingStructureSpawner,0,
f_314483_,VECTOR3F,0,
f_314484_,STREAM_CODEC,0,
f_314485_,CLIENTBOUND_SET_TITLES_ANIMATION,0,
f_314487_,CLIENTBOUND_SET_EQUIPMENT,0,
f_314488_,STREAM_CODEC,0,
f_314489_,generation,0,
f_314490_,PROJECTILE_DEFLECTION,0,
f_314491_,STREAM_CODEC,0,
f_314492_,val$constructor,0,
f_314493_,data,0,
f_314494_,COMPRESS,0,
f_314495_,PADDING,0,
f_314496_,MAX_PROPERTY_NAME_LENGTH,0,
f_314497_,OMINOUS_ITEM_SPAWNER,0,
f_314498_,position,0,
f_314499_,NAME_LOOKUP,0,
f_314500_,LOGGER,0,
f_314501_,scale,0,
f_314502_,SHARP_WEAPON_ENCHANTABLE,0,
f_314503_,CLIENTBOUND_MOVE_ENTITY_POS,0,
f_314505_,TARGET_POINT,0,
f_314506_,UNBUNDLER,0,
f_314507_,DATA_SHEARED,0,
f_314508_,COLOR_LIST_CODEC,0,
f_314509_,batcher,0,
f_314511_,this$0,0,
f_314512_,id,0,
f_314513_,cube,0,
f_314514_,gameEventType,0,
f_314515_,STORED_ENCHANTMENTS,0,
f_314516_,BANNER_BASE,0,
f_314517_,mark,0,
f_314518_,explorationMapElement,0,
f_314519_,LIGHTNING,0,
f_314520_,BY_ID,0,
f_314521_,CODEC,0,
f_314522_,BANNER_PATTERNS,0,
f_314523_,FLAG_BLEND,0,
f_314524_,CLIENTBOUND_BUNDLE_DELIMITER,0,
f_314525_,DEFAULT_EAT_SECONDS,0,
f_314526_,STREAM_CODEC,0,
f_314527_,totalCount,0,
f_314528_,id,0,
f_314529_,COUNT_ID,0,
f_314531_,defaultMiningSpeed,0,
f_314532_,RABBIT_FOOD,0,
f_314533_,OPEN_PACK_FOLDER_TITLE,0,
f_314534_,version,0,
f_314535_,VALUE_MAP_CODEC,0,
f_314536_,FISHING_HOOK,0,
f_314537_,STREAM_CODEC,0,
f_314538_,root,0,
f_314539_,ENCODER,0,
f_314540_,HEAVY_CORE,0,
f_314541_,itemRenderer,0,
f_314542_,CLIENTBOUND_CONTAINER_SET_DATA,0,
f_314543_,readyTest,0,
f_314544_,DEFAULT,0,
f_314545_,ANY_BLOCK_USE,0,
f_314546_,STREAM_CODEC,0,
f_314547_,VECTOR4F,0,
f_314548_,ITEM_NAME,0,
f_314549_,val$getter,0,
f_314550_,speed,0,
f_314551_,currentExplosionCause,0,
f_314552_,registrationInfos,0,
f_314553_,mobPosition,0,
f_314554_,val$idToType,0,
f_314555_,anchor,0,
f_314556_,connectedParticlesRange,0,
f_314557_,VAULT_EJECT_ITEM,0,
f_314558_,bodyArmorAccess,0,
f_314559_,ENTITY_TYPE_FIELD_CODEC,0,
f_314560_,STREAM_CODEC,0,
f_314561_,pages,0,
f_314562_,requestedPacks,0,
f_314563_,knockBackPower,0,
f_314564_,name,0,
f_314565_,LOCAL_POS_Z,0,
f_314567_,layout,0,
f_314568_,AMBIENT_ALPHA,0,
f_314569_,lastZ,0,
f_314570_,MINING_LOOT_ENCHANTABLE,0,
f_314571_,DEFAULT_VARIANT,0,
f_314572_,STREAM_CODEC,0,
f_314573_,retryOptions,0,
f_314574_,SERVERBOUND_CONTAINER_SLOT_STATE_CHANGED,0,
f_314575_,DIRECT_STREAM_CODEC,0,
f_314576_,WIND_CHARGE,0,
f_314577_,STREAM_CODEC,0,
f_314578_,CODEC,0,
f_314579_,contextProvider,0,
f_314580_,STREAM_CODEC,0,
f_314581_,map,0,
f_314582_,SWAMP_HUT,0,
f_314583_,STREAM_CODEC,0,
f_314584_,ARMOR_EQUIP_WOLF,0,
f_314585_,recordingDuration,0,
f_314586_,layout,0,
f_314587_,LOGGER,0,
f_314588_,biomes,0,
f_314589_,TRIAL_OMEN_PER_BAD_OMEN_LEVEL,0,
f_314590_,STREAM_CODEC,0,
f_314591_,CLIENTBOUND_PLAYER_LOOK_AT,0,
f_314592_,CODEC,0,
f_314593_,dispensing,0,
f_314594_,lastScreen,0,
f_314595_,SET_ITEM,0,
f_314596_,predicates,0,
f_314597_,LIGHT_BLUE_BANNER,0,
f_314598_,CODEC,0,
f_314599_,IS_PLAYER_ATTACK,0,
f_314600_,name,0,
f_314601_,SERVERBOUND_COMMAND_SUGGESTION,0,
f_314602_,SERVERBOUND_TELEPORT_TO_ENTITY,0,
f_314603_,key,0,
f_314604_,transferred,0,
f_314605_,source,0,
f_314606_,MULE_JUMP,0,
f_314607_,attachments,0,
f_314608_,val$getter1,0,
f_314609_,path,0,
f_314610_,GUSTER_NAME,0,
f_314611_,STREAM_CODEC,0,
f_314612_,ILLAGER_FRIENDS,0,
f_314613_,STREAM_CODEC,0,
f_314614_,flow,0,
f_314615_,lootTable,0,
f_314616_,sampleType,0,
f_314617_,DIRECT_CODEC,0,
f_314618_,STREAM_CODEC,0,
f_314619_,CLIENTBOUND_SET_BORDER_LERP_SIZE,0,
f_314620_,currentContext,0,
f_314621_,layout,0,
f_314622_,potionMixes,0,
f_314623_,val$originY,0,
f_314624_,buffers,0,
f_314625_,CHARGED_PROJECTILES,0,
f_314626_,ALLOW_COMMANDS_INFO,0,
f_314627_,sprite,0,
f_314628_,Z_SEPARATION,0,
f_314629_,val$registryKey,0,
f_314630_,FADE_IN_TIME,0,
f_314631_,FROG_FOOD,0,
f_314632_,CODEC,0,
f_314633_,STREAM_CODEC,0,
f_314634_,MAX_JUMP_VELOCITY_MULTIPLIER,0,
f_314635_,model,0,
f_314636_,POWER,0,
f_314637_,TAG_ITEMS,0,
f_314638_,BIG_BUTTON_WIDTH,0,
f_314639_,selected,0,
f_314640_,REVERSE,0,
f_314641_,id,0,
f_314642_,japaneseGlyphVariants,0,
f_314643_,MACE_SMASH_AIR,0,
f_314644_,ticksInHive,0,
f_314646_,CLIENTBOUND_HELLO,0,
f_314647_,MIN_SCALE,0,
f_314648_,counts,0,
f_314649_,skyAccess,0,
f_314650_,minTicksInHive,0,
f_314651_,cookies,0,
f_314652_,BLOCKS_WIND_CHARGE_EXPLOSIONS,0,
f_314653_,PAGEOUT_OK,0,
f_314654_,sprites,0,
f_314655_,STREAM_CODEC,0,
f_314656_,isThreatened,0,
f_314657_,SORT_NONE,0,
f_314658_,ENCHANTMENTS,0,
f_314659_,LUCK_OF_THE_SEA,0,
f_314660_,ARMADILLO_HURT_REDUCED,0,
f_314661_,host,0,
f_314662_,LOGGER,0,
f_314663_,enchantments,0,
f_314664_,TIMEOUT,0,
f_314666_,registryAccess,0,
f_314667_,ARMOR_REPAIR_UNIT,0,
f_314668_,val$getter3,0,
f_314669_,streamCodec,0,
f_314670_,LIST_CODEC,0,
f_314671_,clearArmorItems,0,
f_314672_,TRIAL_CHAMBERS,0,
f_314673_,REGION_POS_Z,0,
f_314674_,INSIDE,0,
f_314675_,SHADOW_RADIUS,0,
f_314676_,gameTestInfos,0,
f_314677_,registries,0,
f_314678_,serializer,0,
f_314679_,YELLOW_BANNER,0,
f_314680_,registry,0,
f_314681_,OMINOUS_CONFIG_TAG_NAME,0,
f_314682_,name,0,
f_314683_,LATENCY,0,
f_314685_,MAX_JUMP_VELOCITY_MULTIPLIER,0,
f_314686_,INSTANCE,0,
f_314687_,STREAM_CODEC,0,
f_314688_,STREAM_CODEC,0,
f_314689_,AMBIENT_SOUND_CHANCE,0,
f_314690_,DEFAULT_ITEM_HEIGHT,0,
f_314691_,STREAM_CODEC,0,
f_314692_,TRIAL_SPAWNER_DETECTED_PLAYER_OMINOUS,0,
f_314693_,generationTask,0,
f_314694_,scale,0,
f_314695_,VAULT_BREAK,0,
f_314696_,val$from,0,
f_314697_,totalCountAndSize,0,
f_314698_,STREAM_CODEC,0,
f_314699_,layers,0,
f_314700_,NO_STACK_INDEX,0,
f_314701_,MAX_STACK_SIZE,0,
f_314702_,CODEC,0,
f_314703_,PADDING,0,
f_314704_,BUILT_IN_SELECTION_CONFIG,0,
f_314705_,STREAM_CODEC,0,
f_314706_,CLIENTBOUND_COOKIE_REQUEST,0,
f_314707_,NOT_SCARY_FOR_PUFFERFISH,0,
f_314708_,MIN_DEPTH,0,
f_314709_,INVALID_SIGNATURE,0,
f_314710_,PROTECTION,0,
f_314711_,file,0,
f_314713_,MACE_SMASH_GROUND_HEAVY,0,
f_314714_,LLAMA_FOOD,0,
f_314715_,parentRealmId,0,
f_314716_,STREAM_CODEC,0,
f_314717_,val$codec2,0,
f_314718_,showIcon,0,
f_314719_,val$slots,0,
f_314720_,MAP_CODEC,0,
f_314721_,entity,0,
f_314722_,STREAM_CODEC,0,
f_314723_,STREAM_CODEC,0,
f_314724_,writtenChunks,0,
f_314725_,WOODLAND_MANSION,0,
f_314726_,STREAM_CODEC,0,
f_314727_,ambient,0,
f_314728_,CLIENTBOUND_CUSTOM_PAYLOAD,0,
f_314729_,val$maxDepth,0,
f_314730_,STREAM_CODEC,0,
f_314731_,SERVERBOUND_CLIENT_INFORMATION,0,
f_314732_,CODEC,0,
f_314733_,CODEC,0,
f_314734_,FLOAT,0,
f_314735_,shape,0,
f_314736_,LIBRARY_LOCK,0,
f_314737_,LEGACY_QUERY,0,
f_314738_,registries,0,
f_314740_,maxCobwebs,0,
f_314741_,MEAT,0,
f_314742_,HEAVY_CORE,0,
f_314743_,fadeColors,0,
f_314744_,TYPE,0,
f_314745_,MODIFY_CONTENTS,0,
f_314746_,DIRECT_HOLDER_ID,0,
f_314747_,finder,0,
f_314748_,PREPENDER,0,
f_314749_,distance,0,
f_314750_,DELAY_BETWEEN_EJECTIONS_TICKS,0,
f_314751_,BLACK,0,
f_314752_,CLIENTBOUND_SET_SIMULATION_DISTANCE,0,
f_314753_,SERVERBOUND_PLAYER_ACTION,0,
f_314754_,exclude,0,
f_314755_,pattern,0,
f_314756_,codec,0,
f_314757_,checksBlockEntity,0,
f_314760_,FULL_CODEC,0,
f_314761_,STREAM_CODEC,0,
f_314762_,ARMADILLO_EAT,0,
f_314763_,REMOVE_TEXT,0,
f_314764_,CHEST_ARMOR,0,
f_314765_,TOGGLE_CODEC,0,
f_314766_,CLIENTBOUND_SERVER_DATA,0,
f_314767_,lifetime,0,
f_314768_,layout,0,
f_314769_,writeFolder,0,
f_314770_,ERROR_MALFORMED_COMPONENT,0,
f_314771_,CLIENTBOUND_SET_CHUNK_CACHE_CENTER,0,
f_314772_,WIND_CHARGE_BURST,0,
f_314773_,HIDE_ADDITIONAL,0,
f_314774_,remoteSupportingLoggers,0,
f_314775_,registryOps,0,
f_314776_,CLIENTBOUND_BLOCK_EVENT,0,
f_314777_,TYPE,0,
f_314778_,lootTable,0,
f_314779_,STREAM_CODEC,0,
f_314780_,ARMADILLO_SPAWNABLE_ON,0,
f_314781_,IDLE_PARTICLE_CHANCE,0,
f_314782_,damage,0,
f_314783_,val$players,0,
f_314784_,LODESTONE_TRACKER,0,
f_314785_,STREAM_CODEC,0,
f_314786_,STREAM_CODEC,0,
f_314787_,registryLookup,0,
f_314788_,id,0,
f_314789_,EMPTY,0,
f_314790_,CODEC,0,
f_314791_,overrideDispenseEvent,0,
f_314792_,registryDataCollector,0,
f_314793_,STREAM_CODEC,0,
f_314794_,VAULT,0,
f_314795_,value,0,
f_314796_,requiredFeatures,0,
f_314797_,CAN_PLACE_HEADER,0,
f_314798_,SERVERBOUND_MOVE_PLAYER_POS_ROT,0,
f_314799_,STREAM_CODEC,0,
f_314800_,val$encoder,0,
f_314801_,VARIANT_MAP_CODEC,0,
f_314802_,WITHER_FRIENDS,0,
f_314803_,DIRECT_CODEC,0,
f_314804_,value,0,
f_314805_,SERVERBOUND_CUSTOM_PAYLOAD,0,
f_314806_,BOLT_ARMOR_TRIM_SMITHING_TEMPLATE,0,
f_314807_,SPACE_BETWEEN_ROWS,0,
f_314808_,lastCheckedBlock,0,
f_314809_,DURABILITY_ENCHANTABLE,0,
f_314810_,CODEC,0,
f_314811_,INSTANCE,0,
f_314812_,TYPE,0,
f_314813_,contents,0,
f_314814_,CODEC,0,
f_314815_,ERROR_INVALID,0,
f_314816_,STREAM_CODEC,0,
f_314818_,CLIENTBOUND_MOVE_ENTITY_ROT,0,
f_314819_,flow,0,
f_314820_,rollOutAnimationState,0,
f_314821_,STREAM_CODEC,0,
f_314822_,CODEC,0,
f_314823_,STREAM_CODEC,0,
f_314824_,FLOW_POTTERY_SHERD,0,
f_314825_,overlayTextureLocation,0,
f_314826_,modifiers,0,
f_314827_,STREAM_CODEC,0,
f_314828_,rightHindLeg,0,
f_314829_,name,0,
f_314830_,STREAM_CODEC,0,
f_314831_,TURTLE_FOOD,0,
f_314832_,ROTATION_SPEED,0,
f_314833_,TOOL,0,
f_314834_,MODEL,0,
f_314835_,transactionId,0,
f_314836_,lightLevel,0,
f_314837_,contextProvider,0,
f_314838_,overrideLootTableToDisplay,0,
f_314839_,components,0,
f_314840_,ARMADILLO_HURT,0,
f_314841_,maxInteractionRange,0,
f_314842_,type,0,
f_314843_,ITEM_HEIGHT,0,
f_314844_,STATUS_UPGRADING_CHUNKS,0,
f_314845_,id,0,
f_314846_,CLIENTBOUND_LEVEL_EVENT,0,
f_314848_,TRUSTED_TAG,0,
f_314849_,TRUSTED_STREAM_CODEC,0,
f_314850_,STREAM_CODEC,0,
f_314851_,id,0,
f_314852_,STREAM_CODEC,0,
f_314853_,potions,0,
f_314854_,registries,0,
f_314855_,STREAM_CODEC,0,
f_314856_,STREAM_CODEC,0,
f_314857_,argumentSignatures,0,
f_314858_,STREAM_CODEC,0,
f_314859_,IN_PLACE,0,
f_314861_,CODEC,0,
f_314862_,MACE,0,
f_314863_,TITLE,0,
f_314864_,CODEC,0,
f_314866_,CLOUDS,0,
f_314867_,byteCount,0,
f_314868_,testFunctionFinderWrapper,0,
f_314869_,SET_FIREWORK_EXPLOSION,0,
f_314870_,particleFactory,0,
f_314871_,lookup,0,
f_314872_,shouldAuthenticate,0,
f_314873_,DELAY_AFTER_LAST_EJECTION_TICKS,0,
f_314874_,LURE,0,
f_314875_,value,0,
f_314876_,primaryItems,0,
f_314877_,BLUR_LOCATION,0,
f_314878_,val$to,0,
f_314879_,STREAM_CODEC,0,
f_314880_,ERROR_UNKNOWN_SLOT,0,
f_314881_,OMINOUS,0,
f_314882_,EMPTY,0,
f_314883_,STREAM_CODEC,0,
f_314884_,BABY_DIMENSIONS,0,
f_314885_,storage,0,
f_314886_,tickTimeLogger,0,
f_314887_,CLIENTBOUND_SET_CHUNK_CACHE_RADIUS,0,
f_314889_,CODEC,0,
f_314890_,packetId,0,
f_314891_,EMPTY,0,
f_314892_,CODEC,0,
f_314893_,components,0,
f_314894_,HEAVY_CORE,0,
f_314895_,BREEZE_CHARGE,0,
f_314896_,REDIRECTABLE_PROJECTILE,0,
f_314897_,remainder,0,
f_314898_,OP_TEXT,0,
f_314899_,CLIENTBOUND_SET_BORDER_WARNING_DISTANCE,0,
f_314900_,ops,0,
f_314901_,ANIMATION_VAULT_EJECT_ITEM,0,
f_314902_,eatSeconds,0,
f_314903_,CODEC,0,
f_314904_,codecs,0,
f_314905_,OMINOUS_TRIAL_KEY,0,
f_314906_,itemsToEject,0,
f_314907_,PATTERN_ITEM_GUSTER,0,
f_314908_,CLIENTBOUND_SET_PASSENGERS,0,
f_314909_,BABY_SCALE,0,
f_314910_,STREAM_CODEC,0,
f_314912_,name,0,
f_314914_,INCLUDING_CREATIVE_PLAYERS,0,
f_314915_,ITEM_HEIGHT,0,
f_314916_,CLIENTBOUND_LOGIN_DISCONNECT,0,
f_314917_,probability,0,
f_314918_,onlinePlayersTooltip,0,
f_314919_,OPTIONAL_COMPOUND_TAG,0,
f_314920_,RULE_SPAWN_CHUNK_RADIUS,0,
f_314921_,val$getter3,0,
f_314922_,val$rightCodec,0,
f_314923_,tooltip,0,
f_314924_,codec,0,
f_314925_,val$elementCodec,0,
f_314926_,explosions,0,
f_314927_,customColor,0,
f_314928_,TRIAL_SPAWNER_DETECTED_PLAYER,0,
f_314929_,SERVERBOUND_CHANGE_DIFFICULTY,0,
f_314930_,pages,0,
f_314931_,tameTextureFull,0,
f_314932_,STATUS_UPGRADING_POI,0,
f_314933_,COMPOUND_TAG,0,
f_314934_,this$0,0,
f_314935_,chanceToSpawn,0,
f_314936_,innerTexture,0,
f_314937_,delayedLeashInfo,0,
f_314938_,CHARGED_PROJECTILES,0,
f_314939_,VAULT_CLOSE_SHUTTER,0,
f_314940_,layerModel,0,
f_314941_,val$codec1,0,
f_314942_,BLOCK_BREAK_SPEED,0,
f_314943_,inBlockState,0,
f_314944_,CODEC,0,
f_314945_,RAID_OMEN,0,
f_314946_,ITEM_CODEC,0,
f_314947_,STATE,0,
f_314948_,tag,0,
f_314949_,CUBE_MAP,0,
f_314950_,LOGGER,0,
f_314951_,SYNCHRONIZED_REGISTRIES,0,
f_314952_,op,0,
f_314953_,OMINOUS_BOTTLE_AMPLIFIER,0,
f_314955_,SLIDE_BACK,0,
f_314956_,HEAVY_CORE_STEP,0,
f_314957_,FRAME,0,
f_314958_,map,0,
f_314959_,wildTextureFull,0,
f_314960_,LIST_STREAM_CODEC,0,
f_314961_,key,0,
f_314962_,val$codec1,0,
f_314963_,val$constructor,0,
f_314964_,BUCKETED_MOB_TAGS,0,
f_314965_,INSTANCE,0,
f_314966_,RAID_OMEN,0,
f_314967_,oOpen,0,
f_314968_,context,0,
f_314969_,base,0,
f_314970_,BOOKSHELF_OFFSETS,0,
f_314971_,val$originalTagAddingLookup,0,
f_314972_,cacheEncoding,0,
f_314973_,bodyArmorItem,0,
f_314974_,BUNDLE_IN_BUNDLE_WEIGHT,0,
f_314975_,STREAM_CODEC,0,
f_314976_,FIREWORK_EXPLOSION,0,
f_314978_,delayedMessageDeletions,0,
f_314979_,OPTIONAL_STREAM_CODEC,0,
f_314980_,PRE_FEATURES,0,
f_314981_,SERVERBOUND_MOVE_PLAYER_STATUS_ONLY,0,
f_314982_,DIRECT_CODEC,0,
f_314983_,CODEC,0,
f_314984_,MINING_ENCHANTABLE,0,
f_314986_,VANISHING_ENCHANTABLE,0,
f_314987_,CLIENTBOUND_GAME_PROFILE,0,
f_314988_,contents,0,
f_314989_,PAGE_EDIT_LENGTH,0,
f_314990_,registries,0,
f_314991_,FOOT_ARMOR_ENCHANTABLE,0,
f_314992_,z,0,
f_314993_,STREAM_CODEC,0,
f_314994_,value,0,
f_314995_,APPLY_EFFECT_TRIAL_OMEN,0,
f_314996_,val$fallback,0,
f_314997_,CLIENTBOUND_REGISTRY_DATA,0,
f_314998_,AT_HEIGHT,0,
f_314999_,BABY_DIMENSIONS,0,
f_315000_,val$getter2,0,
f_315001_,STREAM_CODEC,0,
f_315002_,sprite,0,
f_315003_,SERVERBOUND_CHAT_COMMAND,0,
f_315004_,val$validator,0,
f_315005_,MENU_BACKGROUND_BLURRINESS_TOOLTIP,0,
f_315006_,RABBIT,0,
f_315007_,SPACING,0,
f_315008_,ALLOW_COMMANDS,0,
f_315009_,LOW_DISK_SPACE,0,
f_315010_,STREAM_CODEC,0,
f_315011_,DYED_COLOR,0,
f_315012_,CLIENTBOUND_RESET_CHAT,0,
f_315014_,SHORT,0,
f_315015_,ARMADILLO_SCUTE_DROP,0,
f_315016_,operation,0,
f_315017_,STREAM_CODEC,0,
f_315018_,val$width,0,
f_315019_,VAULT,0,
f_315020_,CLIENTBOUND_STATUS_RESPONSE,0,
f_315022_,min,0,
f_315023_,mapColor,0,
f_315024_,CLIENTBOUND,0,
f_315025_,BY_ID,0,
f_315026_,ERROR_MALFORMED_COMPONENT,0,
f_315027_,SET_BOOK_COVER,0,
f_315028_,target,0,
f_315029_,RARITY,0,
f_315030_,ENCHANTMENTS,0,
f_315031_,entries,0,
f_315032_,CLIENTBOUND_PLAYER_COMBAT_ENTER,0,
f_315033_,MAX_PLAYER_NAME_LENGTH,0,
f_315034_,ITEM_STREAM_CODEC,0,
f_315035_,STREAM_CODEC,0,
f_315037_,CODEC,0,
f_315038_,HORSE,0,
f_315041_,CODEC,0,
f_315042_,PARTICLE,0,
f_315043_,TROPICAL_FISH,0,
f_315044_,val$codec3,0,
f_315045_,tag,0,
f_315046_,WHITE_BANNER,0,
f_315047_,panoramaFade,0,
f_315048_,STREAM_CODEC,0,
f_315049_,breakingSound,0,
f_315050_,key,0,
f_315051_,CODEC,0,
f_315052_,holderCodec,0,
f_315053_,CHEST_ARMOR_ENCHANTABLE,0,
f_315054_,GRAY_BANNER,0,
f_315055_,STREAM_CODEC,0,
f_315056_,val$codec1,0,
f_315057_,val$getter5,0,
f_315058_,STREAM_CODEC,0,
f_315059_,CLIENTBOUND_OPEN_SIGN_EDITOR,0,
f_315060_,MISSING_PROFILE_KEY,0,
f_315062_,bodyArmorDropChance,0,
f_315063_,range,0,
f_315065_,count,0,
f_315066_,val$width,0,
f_315067_,SERVERBOUND_SEEN_ADVANCEMENTS,0,
f_315068_,assetId,0,
f_315069_,STREAM_CODEC,0,
f_315070_,PAYLOAD_STREAM_CODEC,0,
f_315071_,source,0,
f_315072_,entries,0,
f_315073_,SELECTED_TITLE,0,
f_315074_,CLIENTBOUND_SET_BORDER_SIZE,0,
f_315075_,registries,0,
f_315076_,poiType,0,
f_315077_,val$byId,0,
f_315078_,BABY_DIMENSIONS,0,
f_315079_,ATTRIBUTE_MODIFIER_FORMAT,0,
f_315080_,DANGER_DETECTED_RECENTLY_DANGER_THRESHOLD,0,
f_315081_,STREAM_CODEC,0,
f_315082_,ARMADILLO_LAND,0,
f_315083_,CLIENTBOUND_SET_EXPERIENCE,0,
f_315085_,RESET_BUTTON_TITLE,0,
f_315086_,subscriptionTracker,0,
f_315087_,COPY_COMPONENTS,0,
f_315088_,CODEC,0,
f_315089_,OCEAN_MONUMENT,0,
f_315090_,subPredicates,0,
f_315091_,TITLE,0,
f_315092_,reason,0,
f_315093_,appliedScale,0,
f_315094_,left,0,
f_315095_,flow,0,
f_315096_,tag,0,
f_315097_,STREAM_CODEC,0,
f_315098_,CLIENTBOUND_UPDATE_ATTRIBUTES,0,
f_315099_,GUST_EMITTER_SMALL,0,
f_315100_,legSize,0,
f_315101_,values,0,
f_315102_,SERVERBOUND_SELECT_KNOWN_PACKS,0,
f_315103_,directions,0,
f_315104_,val$optionsForReport,0,
f_315105_,motd,0,
f_315106_,time,0,
f_315107_,REPAIR_COST,0,
f_315108_,SERVERBOUND_PLACE_RECIPE,0,
f_315109_,testFunctions,0,
f_315110_,val$constructor,0,
f_315111_,SERVERBOUND_CHAT_SESSION_UPDATE,0,
f_315112_,STREAM_CODEC,0,
f_315113_,SERVERBOUND_SWING,0,
f_315115_,MOOSHROOM,0,
f_315116_,value,0,
f_315117_,EQUIPMENT_TRIAL_CHAMBER_RANGED,0,
f_315118_,CAN_PLACE_ON,0,
f_315119_,name,0,
f_315120_,val$constructor,0,
f_315121_,INCORRECT_FOR_IRON_TOOL,0,
f_315122_,FRAME_WIDTH,0,
f_315123_,val$getter3,0,
f_315124_,xStart,0,
f_315125_,MESSAGE,0,
f_315126_,COMPONENT_INTERNER,0,
f_315127_,CLIENTBOUND_COMMANDS,0,
f_315128_,MAX_PAGES,0,
f_315129_,ICON_HEIGHT,0,
f_315130_,STREAM_CODEC,0,
f_315131_,SERVERBOUND_RENAME_ITEM,0,
f_315133_,TRIAL_CHAMBERS_REWARD_OMINOUS_UNIQUE,0,
f_315134_,STREAM_CODEC,0,
f_315135_,MAP_COLOR,0,
f_315136_,val$decoder,0,
f_315137_,val$onPongResponse,0,
f_315138_,inStateTicks,0,
f_315139_,yStart,0,
f_315140_,correctForDrops,0,
f_315141_,ENTITY_DATA,0,
f_315142_,ARMOR_SLOT_COUNT,0,
f_315143_,BLUE_BANNER,0,
f_315144_,BOGGED_SHEAR,0,
f_315145_,ERROR_UNKNOWN_COMPONENT,0,
f_315146_,CONTENTS_SLOT_INDEX,0,
f_315147_,yStart,0,
f_315148_,val$maxStringLength,0,
f_315150_,knownPacks,0,
f_315151_,PLAYER,0,
f_315152_,flipT,0,
f_315153_,DECRYPT,0,
f_315154_,batches,0,
f_315155_,TEXTURE_LOCATION,0,
f_315156_,STREAM_CODEC,0,
f_315157_,entity,0,
f_315158_,DISCONNECT_UNEXPECTED_QUERY,0,
f_315159_,this$0,0,
f_315160_,$SwitchMap$net$minecraft$core$Direction$Axis,0,
f_315161_,registries,0,
f_315162_,scoreboard,0,
f_315164_,codec,0,
f_315165_,pages,0,
f_315166_,legs,0,
f_315167_,ERROR_UNKNOWN_ITEM,0,
f_315168_,writtenChunks,0,
f_315169_,val$codec2,0,
f_315170_,SAFE_POSITION_SOURCE_CODEC,0,
f_315171_,value,0,
f_315172_,MAX_UP_HEAD_ROTATION_EXTENT,0,
f_315173_,xPower,0,
f_315174_,codec,0,
f_315175_,CODEC,0,
f_315176_,attribute,0,
f_315177_,cookies,0,
f_315178_,leg,0,
f_315179_,STREAM_CODEC,0,
f_315180_,TYPE,0,
f_315181_,RUSTY,0,
f_315182_,TRIAL_SPAWNER_OMINOUS_ACTIVATE,0,
f_315183_,DEFAULT,0,
f_315184_,SAFE_FALL_DISTANCE,0,
f_315185_,val$getter1,0,
f_315186_,components,0,
f_315187_,CODEC,0,
f_315188_,PERSISTENT_CODEC,0,
f_315189_,peekReceivedClient,0,
f_315190_,lastSpawnChunkRadius,0,
f_315191_,CACHED_SLOTS,0,
f_315192_,NO_ANGER_FROM_WIND_CHARGE,0,
f_315193_,SERVERBOUND_SIGN_UPDATE,0,
f_315194_,RIGHT_EAR_CUBE,0,
f_315196_,twinkle,0,
f_315197_,ARMADILLO_STATE,0,
f_315198_,structureBlockPosFinder,0,
f_315199_,TRIM,0,
f_315200_,val$codec,0,
f_315202_,STREAM_CODEC,0,
f_315203_,DEFAULT_BEHAVIOR,0,
f_315204_,ANIMATION_VAULT_ACTIVATE,0,
f_315205_,EXAMPLES,0,
f_315206_,VAULT_STATE,0,
f_315207_,TRIAL_CHAMBERS_REWARD_COMMON,0,
f_315208_,STREAM_CODEC,0,
f_315209_,maxX,0,
f_31520_,this$0,0,
f_315210_,STREAM_CODEC,0,
f_315211_,CLIENTBOUND_SET_DEFAULT_SPAWN_POSITION,0,
f_315212_,millis,0,
f_315213_,biomes,0,
f_315215_,INFESTED,0,
f_315216_,shape,0,
f_315217_,CODEC,0,
f_315218_,closed,0,
f_315219_,STREAM_CODEC,0,
f_315220_,SLOTS_STREAM_CODEC,0,
f_315221_,mode,0,
f_315222_,INBOUND_CONFIG,0,
f_315223_,val$valueCodec,0,
f_315224_,JUNGLE_TEMPLE,0,
f_315225_,DESCRIPTION_BOX_WIDTH,0,
f_315226_,body,0,
f_315227_,STREAM_CODEC,0,
f_315228_,operation,0,
f_315229_,EMPTY_COLOR,0,
f_315230_,MAP_ID,0,
f_315231_,index,0,
f_315232_,newComponentId,0,
f_315233_,OUT_OF_ORDER_CHAT,0,
f_315234_,location,0,
f_315235_,CODEC,0,
f_315236_,SERVERBOUND_DEBUG_SAMPLE_SUBSCRIPTION,0,
f_315237_,clientData,0,
f_315238_,COW_FOOD,0,
f_315239_,blendDurationTicks,0,
f_315240_,chunksToUpgrade,0,
f_315241_,nextPos,0,
f_315242_,LOCK,0,
f_315243_,STREAM_CODEC,0,
f_315244_,SUCK_AABB,0,
f_315245_,protocolInfo,0,
f_315246_,SET_WRITABLE_BOOK_PAGES,0,
f_315247_,STREAM_CODEC,0,
f_315248_,DISPLAY_CYCLE_TICK_RATE,0,
f_315249_,TAG_NAME,0,
f_31524_,DATA_CLIENT_FLAGS,0,
f_315250_,WOLF_ARMOR_BREAK,0,
f_315251_,COBWEB_PLACE,0,
f_315252_,MENU_BACKGROUND,0,
f_315253_,source,0,
f_315254_,TYPE,0,
f_315255_,SCARE_DISTANCE_VERTICAL,0,
f_315256_,CLIENTBOUND_SET_DISPLAY_OBJECTIVE,0,
f_315257_,EMPTY_STACK,0,
f_315258_,CLIENTBOUND_START_CONFIGURATION,0,
f_315259_,requiredFeatures,0,
f_31525_,leftLegPose,0,
f_315260_,NEW_DIRECTORY_PREFIX,0,
f_315261_,largestSizeContributors,0,
f_315262_,PAGEOUT_RECAPTURE,0,
f_315263_,CODEC,0,
f_315264_,MAX_PROPERTIES,0,
f_315265_,TYPE,0,
f_315266_,BASE_SAFE_FALL_DISTANCE,0,
f_315267_,LOGGER,0,
f_315268_,MAX_LINE_OF_SIGHT_TEST_RANGE,0,
f_315269_,PARROT_POISONOUS_FOOD,0,
f_31526_,rightLegPose,0,
f_315270_,SMASH_ATTACK_KNOCKBACK_POWER,0,
f_315271_,CLIENTBOUND_LOGIN_COMPRESSION,0,
f_315272_,scale,0,
f_315273_,ERROR_UNKNOWN_COMPONENT,0,
f_315275_,options,0,
f_315276_,TYPE,0,
f_315277_,CLIENTBOUND,0,
f_315278_,CLIENTBOUND_PLAYER_CHAT,0,
f_315279_,id,0,
f_31527_,DATA_RIGHT_LEG_POSE,0,
f_315280_,effect,0,
f_315281_,ERROR_UNKNOWN_TAG,0,
f_315282_,STREAM_CODEC,0,
f_315283_,CODEC,0,
f_315284_,USE_DEVONLY,0,
f_315285_,BABY_DIMENSIONS,0,
f_315286_,this$0,0,
f_315287_,factor,0,
f_315288_,filter,0,
f_315289_,flip,0,
f_31528_,lastHit,0,
f_315290_,val$reachY,0,
f_315291_,streamState,0,
f_315292_,pathTypesByPosCacheByMob,0,
f_315293_,MAX_AMPLIFIER,0,
f_315294_,BREEZE_DEFLECT,0,
f_315295_,CODEC,0,
f_315296_,DAMAGE,0,
f_315297_,ERROR_INVALID_OPTIONS,0,
f_315298_,LEVEL,0,
f_315299_,CLIENTBOUND_RESOURCE_PACK_POP,0,
f_31529_,DEFAULT_HEAD_POSE,0,
f_315300_,writeFolder,0,
f_315301_,weight,0,
f_315302_,MAX_NATURAL_SIZE,0,
f_315303_,CLIENTBOUND,0,
f_315304_,STREAM_CODEC,0,
f_315305_,SERVERBOUND_SET_COMMAND_MINECART,0,
f_315306_,TRIAL_CHAMBERS_REWARD_OMINOUS_COMMON,0,
f_315307_,containerMixes,0,
f_315308_,newStructureSpawner,0,
f_315309_,CODEC,0,
f_31530_,DEFAULT_BODY_POSE,0,
f_315310_,CRAFTER_RECIPE_CRAFTED,0,
f_315311_,val$codec1,0,
f_315312_,SERVERBOUND_HELLO,0,
f_315313_,INSTANCE,0,
f_315314_,CODEC,0,
f_315315_,TITLE,0,
f_315316_,INFO,0,
f_315317_,SERVERBOUND_PLAYER_INPUT,0,
f_315318_,tags,0,
f_315319_,INSTANCE,0,
f_31531_,DEFAULT_LEFT_ARM_POSE,0,
f_315320_,APPLY_EFFECT_BAD_OMEN,0,
f_315321_,this$0,0,
f_315322_,VARIANT_FIELD_CODEC,0,
f_315323_,CUSTOM_DATA,0,
f_315324_,CLIENTBOUND_SET_BORDER_WARNING_DELAY,0,
f_315325_,damagePerBlock,0,
f_315326_,spawnedCount,0,
f_315327_,metadata,0,
f_315328_,STREAM_CODEC,0,
f_315329_,rewardedPlayers,0,
f_31532_,DEFAULT_RIGHT_ARM_POSE,0,
f_315330_,PSEUDO_COMPONENTS,0,
f_315331_,STREAM_CODEC,0,
f_315332_,startAtNormalizedAge,0,
f_315333_,DATA_COMPONENT_TYPE,0,
f_315334_,STREAM_CODEC,0,
f_315335_,STREAM_CODEC,0,
f_315336_,STREAM_CODEC,0,
f_315337_,flightDuration,0,
f_315338_,val$codec3,0,
f_315339_,this$0,0,
f_31533_,DEFAULT_LEFT_LEG_POSE,0,
f_315340_,val$codec4,0,
f_315341_,VAULT_INSERT_ITEM,0,
f_315342_,components,0,
f_315343_,max,0,
f_315344_,STREAM_CODEC,0,
f_315345_,FULL_CODEC,0,
f_315346_,STREAM_CODEC,0,
f_315347_,SECONDS_PER_MINUTE,0,
f_315349_,HOGLIN_FOOD,0,
f_31534_,DEFAULT_RIGHT_LEG_POSE,0,
f_315350_,resolved,0,
f_315351_,INCOMPATIBLE_CLIENT_VERSION,0,
f_315352_,CODEC,0,
f_315353_,MAP_DECORATION_TYPE,0,
f_315354_,TRIAL_CHAMBERS_REWARD_RARE,0,
f_315355_,NO_FUNCTIONS,0,
f_315356_,SERVERBOUND_SELECT_TRADE,0,
f_315357_,filterMode,0,
f_315358_,cursor,0,
f_315359_,id,0,
f_31535_,MARKER_DIMENSIONS,0,
f_315360_,id,0,
f_315361_,CODEC,0,
f_315362_,attachments,0,
f_315363_,CLIENTBOUND_SET_CARRIED_ITEM,0,
f_315365_,rotation,0,
f_315366_,CODEC,0,
f_315367_,isOminous,0,
f_315368_,STREAM_CODEC,0,
f_315369_,customEffects,0,
f_31536_,BABY_DIMENSIONS,0,
f_315370_,description,0,
f_315371_,UNSIGNED_SHORT,0,
f_315372_,profileCacheByName,0,
f_315373_,CONTAINER,0,
f_315374_,tagCollector,0,
f_315375_,NETWORK_REGISTRATION_INFO,0,
f_315376_,streamCodec,0,
f_315377_,INCORRECT_FOR_WOODEN_TOOL,0,
f_315378_,val$codec2,0,
f_315379_,val$codec2,0,
f_31537_,RIDABLE_MINECARTS,0,
f_315380_,COPY_CUSTOM_DATA,0,
f_315381_,WRITTEN_BOOK,0,
f_315382_,entries,0,
f_315383_,uncertainty,0,
f_315384_,CLIENTBOUND_SET_SCORE,0,
f_315385_,SERVERBOUND_SET_JIGSAW_BLOCK,0,
f_315386_,weight,0,
f_315387_,TAG_NAME,0,
f_315388_,SPOTTED,0,
f_315389_,FACING,0,
f_31538_,handItems,0,
f_315390_,ZERO,0,
f_315391_,STREAM_CODEC,0,
f_315392_,STREAM_CODEC,0,
f_315393_,val$renamer,0,
f_315394_,BUNDLE_CONTENTS,0,
f_315395_,text,0,
f_315396_,REMOVE_OP_SPRITE,0,
f_315397_,CHUNK_POS_Z,0,
f_315399_,FOOD,0,
f_31539_,armorItems,0,
f_315400_,INITIAL_PROTOCOL,0,
f_315401_,folderName,0,
f_315402_,lookupProvider,0,
f_315403_,readChunks,0,
f_315404_,DEFAULT_VEHICLE_ATTACHMENT,0,
f_315405_,ENCODER_CACHE,0,
f_315407_,STREAM_CODEC,0,
f_315408_,val$end,0,
f_315409_,val$minY,0,
f_31540_,invisible,0,
f_315410_,UNBREAKABLE,0,
f_315411_,removed,0,
f_315412_,testFunctionFinder,0,
f_315413_,id,0,
f_315414_,CLIENTBOUND_TICKING_STEP,0,
f_315415_,STREAM_CODEC,0,
f_315416_,STREAM_CODEC,0,
f_315417_,val$getter5,0,
f_315418_,ARTHROPOD,0,
f_315419_,CRAFT_SLOT_COUNT,0,
f_31541_,disabledSlots,0,
f_315420_,lightEngine,0,
f_315421_,isDirty,0,
f_315422_,CAPACITY,0,
f_315423_,CODEC,0,
f_315424_,GRAVITY,0,
f_315425_,textureLocator,0,
f_315426_,STREAM_CODEC,0,
f_315427_,STREAM_CODEC,0,
f_315428_,HIDE_ENCHANTMENTS,0,
f_315429_,STREAM_CODEC,0,
f_31542_,headPose,0,
f_315430_,IN_LAVA,0,
f_315431_,STREAM_CODEC,0,
f_315432_,FULL,0,
f_315433_,BOGGED_SPAWN_EGG,0,
f_315434_,defaultDispenseItemBehavior,0,
f_315435_,WALK_ANIMATION_SCALE_FACTOR,0,
f_315436_,LOGGER,0,
f_315437_,pathTypesByPosCache,0,
f_315438_,BABY_DIMENSIONS,0,
f_315439_,EMPTY,0,
f_31543_,bodyPose,0,
f_315440_,TOOLTIP_ORDER,0,
f_315441_,transferred,0,
f_315442_,protocolId,0,
f_315443_,definition,0,
f_315445_,STREAM_CODEC,0,
f_315446_,previousSpin,0,
f_315447_,val$transferState,0,
f_315448_,flow,0,
f_315449_,CLIENTBOUND_MOVE_ENTITY_POS_ROT,0,
f_31544_,leftArmPose,0,
f_315450_,STRING_UTF8,0,
f_315451_,CAMEL_FOOD,0,
f_315452_,CODEC,0,
f_315453_,mapDecorationTextures,0,
f_315454_,ARMADILLO,0,
f_315455_,PACKET_HANDLER,0,
f_315456_,fixedPosition,0,
f_315457_,SMASH_ATTACK_KNOCKBACK_RADIUS,0,
f_315458_,namespace,0,
f_315459_,val$minZ,0,
f_31545_,rightArmPose,0,
f_315461_,STREAM_CODEC,0,
f_315462_,ASHEN,0,
f_315463_,CODEC,0,
f_315464_,val$maxSize,0,
f_315465_,TYPE,0,
f_315466_,bundlerInfo,0,
f_315468_,ITEM_SUB_PREDICATE_TYPE,0,
f_315469_,GENERAL_BUTTON,0,
f_31546_,DATA_HEAD_POSE,0,
f_315470_,STREAM_CODEC,0,
f_315471_,CODEC,0,
f_315472_,PARTICLES,0,
f_315473_,INITIALIZE_LIGHT,0,
f_315475_,ERROR_ONLY_SINGLE_SLOT_ALLOWED,0,
f_315476_,LOWERED_PASSENGER_ATTACHMENT,0,
f_315477_,DOUBLE,0,
f_315478_,VAR_LONG,0,
f_315479_,BLOCK_STATE,0,
f_31547_,DATA_BODY_POSE,0,
f_315480_,type,0,
f_315481_,parser,0,
f_315482_,STREAM_CODEC,0,
f_315483_,DEACTIVATION_PARTICLE_COUNT,0,
f_315484_,TICKS_SCALING,0,
f_315485_,salt,0,
f_315486_,codec,0,
f_315487_,IMMUNE_TO_OOZING,0,
f_315488_,DONKEY_JUMP,0,
f_315489_,SCRAPE_POTTERY_SHERD,0,
f_31548_,DATA_LEFT_ARM_POSE,0,
f_315490_,STREAM_CODEC,0,
f_315491_,REMOVE_PLAYER_SPRITE,0,
f_315492_,EXTRA_TELEMETRY_AVAILABLE,0,
f_315493_,BY_ID,0,
f_315494_,MAP_CODEC,0,
f_315495_,STORED_ENCHANTMENTS,0,
f_315496_,ITEM_COBWEB,0,
f_315497_,showInTooltip,0,
f_315498_,CLIENTBOUND_CONTAINER_SET_SLOT,0,
f_315499_,isGlowing,0,
f_31549_,DATA_RIGHT_ARM_POSE,0,
f_315500_,val$name,0,
f_315501_,TOO_LONG,0,
f_315502_,ARGB_COLOR_CODEC,0,
f_315504_,CLIENTBOUND_SET_HEALTH,0,
f_315505_,slotDropChances,0,
f_315506_,fuelCache,0,
f_315507_,STREAM_CODEC,0,
f_315508_,sample,0,
f_315509_,TITLE,0,
f_31550_,DATA_LEFT_LEG_POSE,0,
f_315510_,STREAM_CODEC,0,
f_315511_,knownPackToId,0,
f_315512_,EMPTY,0,
f_315513_,CUSTOM_MODEL_DATA,0,
f_315514_,BOOL,0,
f_315515_,APPLY_EFFECT_RAID_OMEN,0,
f_315516_,enabledFeatures,0,
f_315517_,$SwitchMap$net$minecraft$world$level$block$BonemealableBlock$Type,0,
f_315518_,CLIENTBOUND_SOUND,0,
f_315519_,STREAM_CODEC,0,
f_315520_,PARTICLE_FREQUENCY_WHEN_INVISIBLE,0,
f_315521_,STREAM_CODEC,0,
f_315522_,STREAM_CODEC,0,
f_315523_,registryLookup,0,
f_315524_,BUCKET_ENTITY_DATA,0,
f_315525_,val$getter6,0,
f_315526_,CYAN_BANNER,0,
f_315527_,DIRECT_CODEC,0,
f_315528_,INCORRECT_FOR_STONE_TOOL,0,
f_315529_,STREAM_CODEC,0,
f_315531_,STREAM_CODEC,0,
f_315532_,DEFAULT_MAX_STACK_SIZE,0,
f_315533_,FOOTER_HEIGHT,0,
f_315534_,STREAM_CODEC,0,
f_315535_,STREAM_CODEC,0,
f_315536_,author,0,
f_315537_,STREAM_CODEC,0,
f_315538_,BODY_BREAK,0,
f_315539_,CODEC,0,
f_315540_,STREAM_CODEC,0,
f_315542_,TYPE,0,
f_315543_,equipment,0,
f_315544_,BREEZE_ROD,0,
f_315545_,lastInsertFailTimestamp,0,
f_315546_,CLIENTBOUND_SET_TITLE_TEXT,0,
f_315547_,CLIENTBOUND_PLAYER_POSITION,0,
f_315548_,CUSTOM_COLOR_NAME,0,
f_315549_,BY_ID,0,
f_315550_,MAX_TESTS_PER_BATCH,0,
f_315551_,FORMATTER,0,
f_315552_,STREAM_CODEC,0,
f_315553_,player,0,
f_315554_,getter,0,
f_315555_,VAULT_AMBIENT,0,
f_315556_,SERVERBOUND_LOCK_DIFFICULTY,0,
f_315557_,dataFixType,0,
f_315558_,command,0,
f_315559_,COOLDOWN,0,
f_315560_,items,0,
f_315561_,CLOUDS_DEPTH_ONLY,0,
f_315562_,STREAM_CODEC,0,
f_315563_,CLIENT_INTENTION,0,
f_315564_,requiredPlayerRange,0,
f_315565_,CAN_BREAK_HEADER,0,
f_315566_,ITEM_HEIGHT,0,
f_315568_,NORMAL_USER_TEXT,0,
f_315569_,index,0,
f_315570_,BLOCK_STATE_CODEC,0,
f_315571_,STREAM_CODEC,0,
f_315573_,CORE_PACK_INFO,0,
f_315574_,rgb,0,
f_315575_,val$registries,0,
f_315576_,GAME_PROFILE_PROPERTIES,0,
f_315577_,bundlePackets,0,
f_315578_,DEFAULT_BLOCK_USE,0,
f_315579_,CODEC,0,
f_315580_,NO_SLOT,0,
f_315581_,FLOAT_HEIGHT,0,
f_315582_,STREAM_CODEC,0,
f_315584_,TASK_COLOR,0,
f_315585_,showOnItemFrame,0,
f_315586_,STREAM_CODEC,0,
f_315587_,FLAT_HANDHELD_MACE_ITEM,0,
f_315588_,showInTooltip,0,
f_315589_,GREEN_BANNER,0,
f_315590_,raw,0,
f_315591_,STREAM_CODEC,0,
f_315592_,OPTIONAL_LIST_STREAM_CODEC,0,
f_315593_,bundlerInfo,0,
f_315594_,STREAM_CODEC,0,
f_315595_,factorPreviousFrame,0,
f_315596_,STREAM_CODEC,0,
f_315598_,stateName,0,
f_315599_,DEFAULT_ATTACK_DAMAGE,0,
f_315600_,CLIENTBOUND_CONTAINER_SET_CONTENT,0,
f_315601_,STREAM_CODEC,0,
f_315602_,FEATHER_FALLING,0,
f_315603_,toSet,0,
f_315605_,REGISTRATION_INFO_CACHE,0,
f_315606_,predicate,0,
f_315607_,potionBrewing,0,
f_315608_,FIREWORK_EXPLOSION,0,
f_315609_,windCharge,0,
f_315610_,AVAILABLE_TITLE,0,
f_315611_,layout,0,
f_315612_,spawnExtraParticlesOnFall,0,
f_315613_,BUNDLE_CONTENTS,0,
f_315614_,TRIAL_SPAWNER_SPAWN_ITEM,0,
f_315615_,translationKey,0,
f_315616_,SERVERBOUND_CHAT_COMMAND_SIGNED,0,
f_315617_,OUTBOUND_CONFIG,0,
f_315618_,id,0,
f_315619_,timeStamp,0,
f_315621_,layout,0,
f_315622_,batchListeners,0,
f_315623_,ERROR_FAILED_TO_PARSE,0,
f_315625_,WOLF_ARMOR,0,
f_315626_,AXOLOTL,0,
f_315627_,INTERACT_WALKUP_DIST,0,
f_315628_,loadingErrors,0,
f_315630_,BIG_WIDTH,0,
f_315631_,chatState,0,
f_315632_,CLIENTBOUND_BLOCK_CHANGED_ACK,0,
f_315633_,cache,0,
f_315634_,id,0,
f_315635_,DEFAULT_CAMERA_DISTANCE,0,
f_315636_,STREAM_CODEC,0,
f_315637_,val$keyCodec,0,
f_315638_,suffix,0,
f_315639_,ARMADILLO_SPAWN_EGG,0,
f_315640_,CLIENTBOUND_PLAYER_INFO_UPDATE,0,
f_315641_,STREAM_CODEC,0,
f_315642_,CONTENT_CODEC,0,
f_315643_,ARMOR_MATERIAL,0,
f_315644_,PADDING,0,
f_315645_,type,0,
f_315646_,STREAM_CODEC,0,
f_315647_,wind,0,
f_315648_,modifier,0,
f_315649_,EQUIPMENT_TRIAL_CHAMBER,0,
f_315650_,pos,0,
f_315651_,HEAD_CUBE,0,
f_315652_,wildTexture,0,
f_315653_,endColor,0,
f_315654_,count,0,
f_315655_,projectileItem,0,
f_315656_,INSTANCE,0,
f_315657_,facing,0,
f_315658_,ARMADILLO_PEEK,0,
f_315659_,val$getter3,0,
f_315660_,spawnPos,0,
f_315661_,CODEC,0,
f_315662_,VERSION_CUSTOM,0,
f_315663_,component,0,
f_315664_,contentsCollector,0,
f_315665_,STRAY_CLOTHES_LOCATION,0,
f_315666_,mutablePos,0,
f_315667_,val$registryKey,0,
f_315668_,dyeable,0,
f_315669_,EMPTY,0,
f_315670_,NO_STRUCTURES,0,
f_315671_,name,0,
f_315672_,path,0,
f_315673_,NO_RESTRICTIONS,0,
f_315674_,SET_FIREWORKS,0,
f_315675_,connection,0,
f_315676_,LLAMA_TEMPT_ITEMS,0,
f_315677_,TITLE,0,
f_315678_,TITLE,0,
f_315679_,MAX_WALK_ANIMATION_SPEED,0,
f_315680_,STREAM_CODEC,0,
f_315681_,TURTLE_SCUTE,0,
f_315682_,SERVERBOUND_CONTAINER_CLOSE,0,
f_315683_,allProviders,0,
f_315684_,ARMADILLO_STEP,0,
f_315685_,info,0,
f_315686_,knownPacks,0,
f_315687_,$SwitchMap$net$minecraft$world$level$block$entity$vault$VaultState,0,
f_315688_,registries,0,
f_315689_,targetPath,0,
f_315691_,SPACING,0,
f_315692_,CLIENTBOUND_SET_SUBTITLE_TEXT,0,
f_315693_,LIST_STREAM_CODEC,0,
f_315694_,TELEMETRY_DISABLED_TOOLTIP,0,
f_315695_,eyes,0,
f_315696_,ARMADILLO_AMBIENT,0,
f_315697_,TRIAL_CHAMBERS_REWARD_OMINOUS,0,
f_315698_,structureManager,0,
f_315699_,ruleCache,0,
f_315700_,PAGEOUT_NEED_MORE_DATA,0,
f_315701_,CODEC,0,
f_315702_,itemsToDropWhenOminous,0,
f_315703_,TYPE,0,
f_315704_,STREAM_CODEC,0,
f_315705_,CODEC,0,
f_315706_,author,0,
f_315707_,STREAM_CODEC,0,
f_315708_,CLIENTBOUND_SELECT_ADVANCEMENTS_TAB,0,
f_315709_,knownPacks,0,
f_315710_,layers,0,
f_315711_,STREAM_CODEC,0,
f_315712_,TRIAL_SPAWNER_SPAWN_ITEM_BEGIN,0,
f_315713_,CODEC,0,
f_315714_,component,0,
f_315715_,BABY_DIMENSIONS,0,
f_315716_,SERVERBOUND_CHAT,0,
f_315717_,CLIENTBOUND_BOSS_EVENT,0,
f_315718_,CLIENTBOUND_HURT_ANIMATION,0,
f_315719_,DEFAULT_VALUE,0,
f_315720_,FIRE_RESISTANT,0,
f_315721_,CLIENTBOUND_SECTION_BLOCKS_UPDATE,0,
f_315722_,outerTexture,0,
f_315723_,saturation,0,
f_315724_,ARMADILLO_ROLL_UP,0,
f_315725_,TOGGLES,0,
f_315726_,opsInfo,0,
f_315727_,TITLE,0,
f_315728_,UNKNOWN_CONTENTS,0,
f_315729_,CODEC,0,
f_315730_,NO_EFFECT,0,
f_315732_,WOLF,0,
f_315733_,STREAM_CODEC,0,
f_315734_,COBWEB_STEP,0,
f_315735_,twinkle,0,
f_315736_,CODEC,0,
f_315737_,STREAM_CODEC,0,
f_315738_,payload,0,
f_315739_,offset,0,
f_315740_,TARGET_X,0,
f_315741_,BUFSIZE,0,
f_315742_,stopwatch,0,
f_315743_,CODEC,0,
f_315744_,terms,0,
f_315745_,LORE,0,
f_315746_,allTestInfos,0,
f_315747_,COBWEB_HIT,0,
f_315748_,CHUNK_POS_X,0,
f_315749_,STREAM_CODEC,0,
f_315750_,SPEED_MULTIPLIER_WHEN_PANICKING,0,
f_315751_,EMPTY,0,
f_315752_,PREDICATE,0,
f_315753_,CLIENTBOUND_DELETE_CHAT,0,
f_315754_,manualOnly,0,
f_315755_,STREAM_CODEC,0,
f_315756_,right,0,
f_315757_,SIZE_THEN_COUNT,0,
f_315758_,RANGE_BY_STATUS,0,
f_315759_,batches,0,
f_315760_,CLIENTBOUND_TAG_QUERY,0,
f_315761_,CLIENTBOUND_LOGIN,0,
f_315763_,value,0,
f_315764_,WOLF_ARMOR_DAMAGE,0,
f_315765_,RANDOM,0,
f_315766_,CODEC,0,
f_315767_,BLURRINESS_DEFAULT_VALUE,0,
f_315768_,CODEC,0,
f_315769_,DEFAULT_ENTITY_INTERACTION_RANGE,0,
f_315770_,CLIENTBOUND_FINISH_CONFIGURATION,0,
f_315771_,fluids,0,
f_315772_,entitySelector,0,
f_315773_,wasTransferredTo,0,
f_315774_,CLIENTBOUND_GAME_EVENT,0,
f_315775_,testTicker,0,
f_315776_,pages,0,
f_315777_,val$codec4,0,
f_315778_,TRANSFER_ID,0,
f_315779_,DATA_VARIANT_ID,0,
f_315780_,STRICT_CODEC,0,
f_315781_,LIGHT_GRAY_BANNER,0,
f_315782_,STREAM_CODEC,0,
f_315783_,stopped,0,
f_315784_,minInclusive,0,
f_315785_,itemStack,0,
f_315786_,BASELINE,0,
f_315787_,HIDE_UPGRADES,0,
f_315788_,VAULT_PLACE,0,
f_315789_,ON_TRIAL_CHAMBERS_MAPS,0,
f_315790_,DANGER_DETECTED_RECENTLY,0,
f_315791_,STREAM_CODEC,0,
f_315792_,contains,0,
f_315793_,messages,0,
f_315794_,INWORLD_MENU_BACKGROUND,0,
f_315796_,CODEC_LINKED_SET,0,
f_315797_,STREAM_CODEC,0,
f_315798_,REGISTRY_KEY_STREAM_CODEC,0,
f_315799_,BY_ID,0,
f_315800_,SERVERBOUND_RECIPE_BOOK_SEEN_RECIPE,0,
f_315801_,STREAM_CODEC,0,
f_315802_,ENTITY_INTERACTION_RANGE,0,
f_315803_,PANDA_SNEEZE,0,
f_315804_,fallback,0,
f_315805_,NORMAL_ATTACK_INTERVAL,0,
f_315806_,startAlpha,0,
f_315807_,WHIRL_SOUND_FREQUENCY_MAX,0,
f_315808_,ARMADILLO_SCARE_DETECTED,0,
f_315809_,enchantments,0,
f_315810_,STREAM_CODEC,0,
f_315811_,WEAVING,0,
f_315812_,hiddenEffect,0,
f_315813_,STREAM_CODEC,0,
f_315814_,spawnDimensionsScale,0,
f_315815_,slots,0,
f_315816_,attachments,0,
f_315817_,CODEC,0,
f_315818_,entries,0,
f_315819_,val$bundlePacketType,0,
f_315820_,modifiers,0,
f_315821_,TITLE,0,
f_315822_,TRIAL_CHAMBERS_REWARD_OMINOUS_RARE,0,
f_315823_,STREAM_CODEC,0,
f_315824_,CLIENTBOUND_SET_ACTION_BAR_TEXT,0,
f_315825_,INSTANCE,0,
f_315826_,term,0,
f_315827_,STREAM_CODEC,0,
f_315828_,maxLevel,0,
f_315829_,PADDING,0,
f_315830_,CODEC,0,
f_315831_,DESCRIPTION_BOX_HEIGHT,0,
f_315832_,LOGGER,0,
f_315833_,MIN_PRIO,0,
f_315834_,registries,0,
f_315835_,PARTICLES_TRIAL_SPAWNER_SPAWN_ITEM,0,
f_315836_,val$getter1,0,
f_315837_,decorations,0,
f_315838_,CLIENTBOUND_CUSTOM_QUERY,0,
f_315839_,knownPackInfo,0,
f_315840_,WRITTEN_BOOK_CONTENT,0,
f_315841_,codec,0,
f_315842_,RECIPES,0,
f_315843_,DIRECT_STREAM_CODEC,0,
f_315844_,CLIENTBOUND_RESET_SCORE,0,
f_315845_,target,0,
f_315846_,EMPTY,0,
f_315847_,BYTE_ARRAY,0,
f_315848_,explosions,0,
f_315849_,level,0,
f_315850_,INSTANCE,0,
f_315852_,STREAM_CODEC,0,
f_315853_,WOLF_ARMOR,0,
f_315854_,ALWAYS_PASS,0,
f_315855_,TRIAL_SPAWNER_AMBIENT_OMINOUS,0,
f_315856_,loadingTask,0,
f_315857_,INSTANCE,0,
f_315858_,BREEZE_LEAVING_WATER,0,
f_315859_,STREAM_CODEC,0,
f_315860_,uncertainty,0,
f_315861_,FEATURE_SELECTION_CONFIG,0,
f_315862_,COMMANDS_TEXT,0,
f_315863_,SHAPE,0,
f_315864_,lastX,0,
f_315866_,this$0,0,
f_315867_,repairIngredient,0,
f_315868_,val$encoder,0,
f_315869_,SMASH_ATTACK_HEAVY_THRESHOLD,0,
f_315870_,val$getter2,0,
f_315871_,CLIENTBOUND_MOVE_VEHICLE,0,
f_315873_,registries,0,
f_315874_,serverData,0,
f_315875_,tickDelayInBetween,0,
f_315876_,STREAM_CODEC,0,
f_315877_,MENU_LIST_BACKGROUND,0,
f_315878_,CLIENTBOUND_SOUND_ENTITY,0,
f_315879_,BASE_POTION_COLOR,0,
f_315880_,CODEC,0,
f_315881_,MUSHROOMS,0,
f_315882_,LOGGER,0,
f_315883_,CHESTNUT,0,
f_315884_,SCRAPE,0,
f_315885_,time,0,
f_315886_,STATUS_UPGRADING_ENTITIES,0,
f_315887_,LEATHER_COLOR,0,
f_315888_,CODEC,0,
f_315889_,FALL_DAMAGE_MULTIPLIER,0,
f_315890_,STREAM_CODEC,0,
f_315891_,REMOVED_PREFIX,0,
f_315892_,layers,0,
f_315893_,ARMADILLO_ROLL_OUT,0,
f_315894_,VILLAGER_TRADE,0,
f_315895_,slots,0,
f_315896_,DEFAULT_DISTANCE_BUFFER,0,
f_315897_,writeWorker,0,
f_315898_,TITLE,0,
f_315899_,operations,0,
f_315901_,PROFILE,0,
f_315902_,this$0,0,
f_315903_,ignoreFallDamageFromCurrentImpulse,0,
f_315904_,subPredicates,0,
f_315905_,STREAM_CODEC,0,
f_315906_,STREAM_CODEC,0,
f_315907_,generator,0,
f_315908_,val$constructor,0,
f_315909_,strictErrorHandling,0,
f_315910_,slots,0,
f_315911_,CLIENTBOUND_SET_CAMERA,0,
f_315912_,serializer,0,
f_315913_,GUSTER,0,
f_315914_,LIST_CODEC,0,
f_315915_,registries,0,
f_315916_,valueChecker,0,
f_315917_,currentRowCount,0,
f_315918_,ITEM_HEIGHT,0,
f_315919_,STREAM_CODEC,0,
f_315920_,profileCacheById,0,
f_315921_,VAULT_INSERT_ITEM_FAIL,0,
f_315922_,CLIENTBOUND_UPDATE_ADVANCEMENTS,0,
f_315923_,textWidget,0,
f_315924_,STREAM_CODEC,0,
f_315925_,layout,0,
f_315926_,val$registries,0,
f_315927_,dictionary,0,
f_315928_,firstTestNorthWestCorner,0,
f_315929_,input,0,
f_315930_,SELECT_FROM_LEVEL,0,
f_315931_,HEAVY_CORE_FALL,0,
f_315932_,PSEUDO_PREDICATES,0,
f_315933_,PACKET_DIRECTION,0,
f_315934_,finishedStatus,0,
f_315935_,CLIENTBOUND_REMOVE_ENTITIES,0,
f_315936_,BREEZE_WIND_CHARGE,0,
f_315937_,DELAY_BETWEEN_PLAYER_SCANS,0,
f_315938_,CODEC,0,
f_315939_,SERVERBOUND_CHUNK_BATCH_RECEIVED,0,
f_315940_,ERROR_UNKNOWN_PREDICATE,0,
f_315941_,DEFAULT_PLAYER_SCAN_RANGE,0,
f_315942_,ARMOR_MATERIAL,0,
f_315943_,SIMPLE_ITEM_CODEC,0,
f_315944_,RAID_OMEN,0,
f_315945_,WIND_CHARGE,0,
f_315946_,bakedPredicate,0,
f_315947_,registryKey,0,
f_315948_,STREAM_CODEC,0,
f_315949_,VANILLA_PACK_INFO,0,
f_315950_,LOCAL_POS_X,0,
f_315951_,STREAM_CODEC,0,
f_315952_,BASE_COLOR,0,
f_315953_,BY_ID,0,
f_315954_,val$directCodec,0,
f_315955_,playerDetector,0,
f_315956_,STREAM_CODEC,0,
f_315957_,STREAM_CODEC,0,
f_315958_,SPAWNER_TRIAL_ITEMS_TO_DROP_WHEN_OMINOUS,0,
f_315959_,NOTE_BLOCK_SOUND,0,
f_315960_,renames,0,
f_315961_,CODEC,0,
f_315962_,FULL_CODEC,0,
f_315963_,tick,0,
f_315964_,TRUSTED_COMPOUND_TAG,0,
f_315965_,RAIDER,0,
f_315966_,STREAM_CODEC,0,
f_315967_,STREAM_CODEC,0,
f_315968_,SORT_DOWN,0,
f_315969_,TYPE,0,
f_315970_,OPTIONAL_STREAM_CODEC,0,
f_315971_,isCaptain,0,
f_315972_,INTERACT_DIST_SQR,0,
f_315973_,DEFAULT_REGISTRATION_INFO,0,
f_315974_,ENCHANTMENT_GLINT_OVERRIDE,0,
f_315975_,EXPECTED_MAX_FRAME_SIZE,0,
f_315976_,SERVERBOUND,0,
f_315977_,totalEjectionsNeeded,0,
f_315978_,endAtNormalizedAge,0,
f_315979_,STREAM_CODEC,0,
f_315980_,$SwitchMap$net$minecraft$world$level$pathfinder$PathType,0,
f_315981_,layout,0,
f_315982_,ERROR_MALFORMED_PREDICATE,0,
f_315983_,SLOTS,0,
f_315984_,STREAM_CODEC,0,
f_315985_,val$getter2,0,
f_315986_,SERVERBOUND_CONFIGURATION_ACKNOWLEDGED,0,
f_315988_,bufferSize,0,
f_315989_,location,0,
f_315990_,patch,0,
f_315991_,STREAM_CODEC,0,
f_315992_,SERVERBOUND,0,
f_315993_,effects,0,
f_315994_,STREAM_CODEC,0,
f_315995_,STOP_SENDING_AFTER_MS,0,
f_315998_,CODEC,0,
f_315999_,hasRaid,0,
f_316000_,STREAM_CODEC,0,
f_316001_,CODEC,0,
f_316002_,toughness,0,
f_316003_,STREAM_CODEC,0,
f_316004_,DIRECT_CODEC,0,
f_316006_,clothesLocation,0,
f_316007_,AQUATIC,0,
f_316008_,author,0,
f_316009_,color,0,
f_316010_,CLIENTBOUND_PLAYER_INFO_REMOVE,0,
f_316011_,DEFAULT_BLOCK_INTERACTION_RANGE,0,
f_316012_,ENTITY_SUB_PREDICATE_TYPE,0,
f_316013_,val$getter2,0,
f_316014_,HEAD_ARMOR_ENCHANTABLE,0,
f_316015_,STREAM_CODEC,0,
f_316016_,CUSTOM_NAME,0,
f_316017_,provider,0,
f_316018_,CODEC,0,
f_316019_,DIRECT_STREAM_CODEC,0,
f_316020_,CLIENTBOUND_PLAYER_COMBAT_END,0,
f_316021_,VILLAGER,0,
f_316022_,BUILT_IN,0,
f_316023_,LOOTING,0,
f_316024_,val$stringCodec,0,
f_316025_,val$fullView,0,
f_316026_,CODEC,0,
f_316027_,player,0,
f_316028_,PARTICLES_TRIAL_SPAWNER_DETECT_PLAYER_OMINOUS,0,
f_316029_,ERROR_EXPECTED_COMPONENT,0,
f_316030_,SAVANNA_VILLAGE,0,
f_316031_,realmId,0,
f_316032_,EYE_HEIGHT,0,
f_316033_,VERSION_LZ4,0,
f_316034_,val$itemResult,0,
f_316035_,amount,0,
f_316036_,SURFACE,0,
f_316037_,highestPrio,0,
f_316038_,POST_FEATURES,0,
f_316039_,SET_WRITTEN_BOOK_PAGES,0,
f_316040_,angryTexture,0,
f_316041_,open,0,
f_316042_,mode,0,
f_316043_,SPAWNER_OMINOUS_TRIAL_CHAMBER_KEY,0,
f_316045_,STRUCTURE_BLOCK_ENTITY_COULD_NOT_BE_FOUND,0,
f_316047_,cursor,0,
f_316048_,suggestions,0,
f_316049_,NUMBER_OF_BLOCKS_ALLOWED_IN_WORLD_GEN_REGION,0,
f_316050_,val$codec,0,
f_316051_,TRIAL_OMEN,0,
f_316052_,CLIENTBOUND_TAKE_ITEM_ENTITY,0,
f_316053_,rowBounds,0,
f_316054_,lastY,0,
f_316055_,HARD_ATTACK_INTERVAL,0,
f_316056_,assetId,0,
f_316057_,items,0,
f_316058_,oFlip,0,
f_316059_,GUSTER_POTTERY_SHERD,0,
f_316060_,realmCreationTask,0,
f_316061_,parent,0,
f_316062_,STREAM_CODEC,0,
f_316063_,STREAM_CODEC,0,
f_316064_,SLOT_BG_Y,0,
f_316065_,CONTAINER,0,
f_316066_,entries,0,
f_316067_,values,0,
f_316069_,CONFIG_STREAM_CODEC,0,
f_316070_,ANIMATION_VAULT_DEACTIVATE,0,
f_316071_,TITLE,0,
f_316072_,dispenseConfig,0,
f_316073_,fontSets,0,
f_316074_,contents,0,
f_316075_,val$minX,0,
f_316076_,WOLF_ID,0,
f_316077_,CLIENTBOUND_TRANSFER,0,
f_316078_,TRIAL_SPAWNER_ABOUT_TO_SPAWN_ITEM,0,
f_316079_,sprite,0,
f_316080_,LOGGER,0,
f_316081_,fullRegistryHolder,0,
f_316083_,pages,0,
f_316084_,$SwitchMap$net$minecraft$world$level$block$Rotation,0,
f_316085_,CLIENTBOUND_CHUNK_BATCH_START,0,
f_316086_,EMPTY,0,
f_316087_,SLOT_STAT_HEIGHT,0,
f_316088_,optionName,0,
f_316089_,CODEC,0,
f_316090_,positions,0,
f_316091_,STREAM_CODEC,0,
f_316092_,LOGGER,0,
f_316093_,SERVERBOUND,0,
f_316094_,material,0,
f_316095_,MAX_USER_INPUT_COMMAND_LENGTH,0,
f_316096_,MOBS_BUTTON,0,
f_316097_,CLIENTBOUND_PONG_RESPONSE,0,
f_316098_,INFINITY,0,
f_316099_,INSERT_FAIL_SOUND_BUFFER_TICKS,0,
f_316100_,STREAM_CODEC,0,
f_316101_,HIDE_UNBREAKABLE,0,
f_316102_,items,0,
f_316103_,COLOR_LIST_STREAM_CODEC,0,
f_316104_,missingTagAccessPolicy,0,
f_316105_,STREAM_CODEC,0,
f_316106_,STREAM_CODEC,0,
f_316107_,WEAPON_ENCHANTABLE,0,
f_316108_,dimensionKey,0,
f_316109_,STREAM_CODEC,0,
f_316110_,TICKS_DELAY_TO_DETERMINE_IF_DANGER_IS_STILL_AROUND,0,
f_316111_,MAX_CRAFTABLE_GENERATION,0,
f_316112_,strictErrorHandling,0,
f_316113_,this$0,0,
f_316114_,MAP_NAMES,0,
f_316115_,DISK_SPACE_WARNING_THRESHOLD,0,
f_316116_,attribute,0,
f_316117_,registries,0,
f_316118_,playerList,0,
f_316119_,ATTRIBUTE_MODIFIERS,0,
f_316120_,lastRequested,0,
f_316121_,screen,0,
f_316122_,PARTICLES_BEE_GROWTH,0,
f_316123_,color,0,
f_316124_,components,0,
f_316125_,generation,0,
f_316127_,FULL_CODEC,0,
f_316128_,INWORLD_FOOTER_SEPARATOR,0,
f_316129_,val$codec,0,
f_316130_,val$getter1,0,
f_316131_,$SwitchMap$net$minecraft$client$PrioritizeChunkUpdates,0,
f_316132_,STREAM_CODEC,0,
f_316133_,STREAM_CODEC,0,
f_316134_,$SwitchMap$net$minecraft$world$item$component$FireworkExplosion$Shape,0,
f_316135_,VAULT_OPEN_SHUTTER,0,
f_316136_,COMMON_ITEM_COMPONENTS,0,
f_316137_,val$entity,0,
f_316138_,object,0,
f_316139_,PARROT,0,
f_316140_,val$codec5,0,
f_316141_,SERVERBOUND,0,
f_316142_,SHIELD_BASE,0,
f_316143_,val$depth,0,
f_316144_,random,0,
f_316145_,eatSeconds,0,
f_316146_,CLIENTBOUND_PLAYER_ABILITIES,0,
f_316147_,value,0,
f_316148_,SPEED_MULTIPLIER_WHEN_FOLLOWING_ADULT,0,
f_316149_,back,0,
f_316150_,startColor,0,
f_316151_,PAGES_CODEC,0,
f_316152_,reason,0,
f_316153_,mobTest,0,
f_316154_,val$reachX,0,
f_316155_,BOGGED_AMBIENT,0,
f_316156_,lastBodyItemStack,0,
f_316157_,DECODER,0,
f_316158_,CLIENTBOUND_BLOCK_ENTITY_DATA,0,
f_316159_,CODEC,0,
f_316160_,GSON,0,
f_316161_,LIST_WIDTH,0,
f_316162_,SERVERBOUND_PADDLE_BOAT,0,
f_316163_,CREATIVE_BLOCK_INTERACTION_RANGE_MODIFIER,0,
f_316164_,typeGetter,0,
f_316165_,ERROR_MALFORMED_ITEM,0,
f_316166_,LEVELS_CODEC,0,
f_316167_,FLOW_ARMOR_TRIM_SMITHING_TEMPLATE,0,
f_316168_,STREAM_CODEC,0,
f_316169_,OUTDATED_STABLE_VERSION,0,
f_316170_,val$gameType,0,
f_316171_,currentImpulseImpactPos,0,
f_316172_,STREAM_CODEC,0,
f_316173_,CHAIN_BROKEN,0,
f_316174_,CRASH_EAGERLY,0,
f_316175_,tests,0,
f_316176_,CONTAINER,0,
f_316177_,val$maxSize,0,
f_316178_,STREAM_CODEC,0,
f_316179_,info,0,
f_316180_,amplifierGenerator,0,
f_316181_,GUST_EMITTER_LARGE,0,
f_316182_,val$originalLookup,0,
f_316183_,serverEnforcesSecureChat,0,
f_316184_,raidOmenPosition,0,
f_316185_,STATUS_FINISHED_POI,0,
f_316186_,HIDE_ADDITIONAL_TOOLTIP,0,
f_316187_,ORANGE_BANNER,0,
f_316188_,CLIENTBOUND_DAMAGE_EVENT,0,
f_316190_,DATA_COMPONENT_TYPE,0,
f_316191_,STREAM_CODEC,0,
f_316192_,CODEC,0,
f_316193_,debugSampleType,0,
f_316194_,action,0,
f_316195_,errorCollector,0,
f_316196_,SERVERBOUND_KEEP_ALIVE,0,
f_316197_,tRot,0,
f_316198_,scheduledForRerun,0,
f_316199_,sprite,0,
f_316200_,OPTIONAL_STREAM_CODEC,0,
f_316201_,colors,0,
f_316202_,BOGGED_OUTER_LAYER_LOCATION,0,
f_316203_,defense,0,
f_316205_,CODEC,0,
f_316206_,sampleType,0,
f_316207_,PINK_BANNER,0,
f_316208_,val$constructor,0,
f_316209_,lines,0,
f_316210_,EMPTY,0,
f_316211_,VANILLA_SELECTION_CONFIG,0,
f_316212_,RENDERTYPE_CLOUDS_SHADER,0,
f_316213_,CLIENTBOUND_ENTITY_EVENT,0,
f_316214_,totalSize,0,
f_316215_,TITLE,0,
f_316216_,zStart,0,
f_316217_,DEFAULT_CLOSE_ENOUGH_DIST,0,
f_316218_,storage,0,
f_316219_,SHEARING,0,
f_316220_,MAX_AMPLIFIER,0,
f_316221_,UPDATE_CONNECTED_PLAYERS_TICK_RATE,0,
f_316222_,ITEM_SUB_PREDICATE_TYPE,0,
f_316223_,SERVERBOUND_STATUS_REQUEST,0,
f_316224_,defaults,0,
f_316225_,ARMADILLO_PEEK,0,
f_316226_,maxCost,0,
f_316227_,CODEC,0,
f_316228_,STREAM_CODEC,0,
f_316229_,DIRECT_STREAM_CODEC,0,
f_316230_,ACTIVATION_PARTICLE_COUNT,0,
f_316231_,STREAM_CODEC,0,
f_316233_,STREAM_CODEC,0,
f_316234_,HORSE_FOOD,0,
f_316235_,synchronizeRegistriesTask,0,
f_316236_,VERSIONS_BY_NAME,0,
f_316237_,layout,0,
f_316238_,val$constructor,0,
f_316239_,minCost,0,
f_316240_,SLOT_HORSE_INVENTORY_START,0,
f_316241_,MACE_SMASH_GROUND,0,
f_316242_,MAX_PROPERTY_VALUE_LENGTH,0,
f_316243_,MAX_PAYLOAD_SIZE,0,
f_316244_,val$id,0,
f_316245_,CODEC,0,
f_316246_,CLIENTBOUND_LEVEL_PARTICLES,0,
f_316247_,STREAM_CODEC,0,
f_316248_,INCORRECT_FOR_DIAMOND_TOOL,0,
f_316249_,STREAM_CODEC,0,
f_316250_,TITLE,0,
f_316251_,CODEC,0,
f_316252_,VANILLA_SELECTION_CONFIG,0,
f_316253_,sourcePath,0,
f_316254_,sampleType,0,
f_316255_,AT_FEET,0,
f_316256_,BOGGED_SKELETON_LOCATION,0,
f_316257_,structureBlockPosFinderWrapper,0,
f_316258_,TITLE,0,
f_316259_,WIND_BURST,0,
f_316260_,SERVERBOUND_USE_ITEM_ON,0,
f_316261_,SWORD_ENCHANTABLE,0,
f_316262_,CODEC,0,
f_316263_,modifier,0,
f_316264_,AXOLOTL_FOOD,0,
f_316265_,ARMADILLO,0,
f_316266_,EMPTY,0,
f_316267_,BABY_DIMENSIONS,0,
f_316268_,worldVersion,0,
f_316269_,byId,0,
f_316270_,STRICT_SINGLE_ITEM_CODEC,0,
f_316271_,name,0,
f_316272_,list,0,
f_316273_,value,0,
f_316274_,CODEC,0,
f_316275_,TITLE,0,
f_316276_,BEE_FOOD,0,
f_316277_,STREAM_CODEC,0,
f_316278_,nameEdit,0,
f_316279_,this$0,0,
f_316280_,structures,0,
f_316281_,BOGGED,0,
f_316282_,hasRegistry,0,
f_316283_,chatState,0,
f_316284_,x,0,
f_316285_,hasTwinkle,0,
f_316286_,connectedPlayers,0,
f_316287_,TITLE,0,
f_316288_,BABY_DIMENSIONS,0,
f_316289_,CHICKEN_FOOD,0,
f_316290_,CLIENTBOUND_ANIMATE,0,
f_316291_,exclude,0,
f_316292_,OCELOT_FOOD,0,
f_316293_,CODEC,0,
f_316294_,COPPER_COLOR,0,
f_316295_,streamCodec,0,
f_316296_,prototype,0,
f_316297_,STREAM_CODEC,0,
f_316298_,CODEC_WITH_ID,0,
f_316299_,SCALE,0,
f_316300_,start,0,
f_316301_,displayItem,0,
f_316302_,originalAlpha,0,
f_316303_,ITEM_USE_EFFECT_START_FRACTION,0,
f_316304_,STREAM_CODEC,0,
f_316305_,this$0,0,
f_316306_,lookups,0,
f_316307_,STREAM_CODEC,0,
f_316308_,id,0,
f_316309_,UNBOUND,0,
f_316310_,name,0,
f_316311_,val$getter1,0,
f_316312_,SERVERBOUND_SET_CARRIED_ITEM,0,
f_316313_,positionFunction,0,
f_316314_,realmName,0,
f_316315_,OPTIONAL_CODEC,0,
f_316316_,soundOnAdded,0,
f_316317_,PACKETOUT_NEED_MORE_DATA,0,
f_316318_,NO_RETRIES,0,
f_316319_,LOGGER,0,
f_316320_,CLIENTBOUND_SET_TIME,0,
f_316321_,twinkle,0,
f_316322_,SERVERBOUND_CHAT_ACK,0,
f_316323_,STREAM_CODEC,0,
f_316324_,spawnDimensionsScale,0,
f_316326_,STREAM_CODEC,0,
f_316327_,INCORRECT_FOR_GOLD_TOOL,0,
f_316328_,BOAT,0,
f_316330_,ERROR_REPEATED_COMPONENT,0,
f_316331_,tag,0,
f_316332_,STREAM_CODEC,0,
f_316333_,TYPE,0,
f_316334_,STOP_SENDING_AFTER_TICKS,0,
f_316335_,TRUSTED_STREAM_CODEC,0,
f_316336_,blockEntityInfo,0,
f_316337_,particleType,0,
f_316338_,padding,0,
f_316339_,val$legacyConverter,0,
f_316340_,STREAM_CODEC,0,
f_316341_,debugScreenOverlay,0,
f_316342_,val$constructor,0,
f_316343_,applyValueImmediately,0,
f_316344_,STREAM_CODEC,0,
f_316345_,CLIENTBOUND_PROJECTILE_POWER,0,
f_316346_,layout,0,
f_316347_,PARTICLE_TICK_RATE,0,
f_316348_,enforcesSecureChat,0,
f_316349_,CODEC,0,
f_316350_,val$center,0,
f_316351_,BABY_DIMENSIONS,0,
f_316352_,SLIME,0,
f_316353_,isDirty,0,
f_316354_,CLIENTBOUND_PLAYER_COMBAT_KILL,0,
f_316355_,source,0,
f_316356_,STREAM_CODEC,0,
f_316357_,indentDepth,0,
f_316358_,STREAM_CODEC,0,
f_316359_,SENSITIVE_TO_IMPALING,0,
f_316360_,perLevel,0,
f_316361_,BODY_ARMOR_OFFSET,0,
f_316363_,STREAM_CODEC,0,
f_316364_,CLIENTBOUND_DISGUISED_CHAT,0,
f_316365_,CODEC,0,
f_316366_,state,0,
f_316367_,registry,0,
f_316368_,HARD_ATTACK_INTERVAL,0,
f_316369_,variant,0,
f_316370_,elements,0,
f_316371_,INTERACT_SPEED_MODIFIER,0,
f_316372_,id,0,
f_316373_,lastFontSetCache,0,
f_316374_,realmOwnerName,0,
f_316376_,BOGGED_OUTER_ARMOR,0,
f_316377_,STREAM_CODEC,0,
f_316378_,title,0,
f_316379_,CODEC,0,
f_316380_,BUCKETED_MOB_IDS,0,
f_316381_,registries,0,
f_316382_,CODEC,0,
f_316383_,LLAMA,0,
f_316384_,this$0,0,
f_316385_,DEFAULT_VARIANT,0,
f_316387_,SPAWN,0,
f_316388_,SERVERBOUND_SET_STRUCTURE_BLOCK,0,
f_316389_,STREAM_CODEC,0,
f_316390_,defaultDispenseItemBehavior,0,
f_316391_,TITLE,0,
f_316392_,STREAM_CODEC,0,
f_316393_,REGION_POS_X,0,
f_316394_,STREAM_CODEC,0,
f_316395_,MAP_CODEC,0,
f_316396_,POTIONS,0,
f_316397_,VAULT_HIT,0,
f_316398_,NOISE,0,
f_316399_,SERVERBOUND_SET_COMMAND_BLOCK,0,
f_316400_,malus,0,
f_316401_,pageOperation,0,
f_316402_,cachedNetherPortalSprite,0,
f_316403_,CLIENTBOUND_UPDATE_RECIPES,0,
f_316404_,CLIENTBOUND_SET_PLAYER_TEAM,0,
f_316405_,LOGGER,0,
f_316406_,OOZING,0,
f_316407_,VANILLA_PACK_INFO,0,
f_316408_,BOOLEAN_BLOCK_STATE_PROPERTIES,0,
f_316409_,CLIENTBOUND_CUSTOM_CHAT_COMPLETIONS,0,
f_316411_,slots,0,
f_316412_,CLIENTBOUND_CHUNKS_BIOMES,0,
f_316414_,MESSAGE_WIDTH,0,
f_316415_,MAX_DAMAGE,0,
f_316416_,CLIENTBOUND_COOLDOWN,0,
f_316417_,STREAM_CODEC,0,
f_316418_,EMPTY,0,
f_316420_,pattern,0,
f_316421_,DEFAULT_TARGET_COOLDOWN_LENGTH,0,
f_316422_,CODEC,0,
f_316424_,CLIENTBOUND_BLOCK_DESTRUCTION,0,
f_316425_,WOLF_FOOD,0,
f_316426_,totalSamplesInStream,0,
f_316427_,TAG,0,
f_316428_,readChunks,0,
f_316429_,transferred,0,
f_316430_,MAX_SIZE,0,
f_316431_,fixerUpper,0,
f_316432_,SERVERBOUND_CUSTOM_QUERY_ANSWER,0,
f_316433_,filtered,0,
f_316434_,delay,0,
f_316436_,SERVERBOUND_BLOCK_ENTITY_TAG_QUERY,0,
f_316437_,registryAccess,0,
f_316438_,x,0,
f_316439_,BY_ID,0,
f_316440_,name,0,
f_316441_,layout,0,
f_316442_,narrationButton,0,
f_316443_,valueProvider,0,
f_316444_,applyValueImmediately,0,
f_316445_,color,0,
f_316446_,ENCRYPT,0,
f_316448_,item,0,
f_316449_,CHUNK_SAVE_FAILURE,0,
f_316450_,LOGGER,0,
f_316451_,data,0,
f_316452_,STREAM_CODEC,0,
f_316453_,STREAM_CODEC,0,
f_316454_,CHUNK_LOAD_FAILURE,0,
f_316455_,BREEZE_WIND_CHARGE_BURST,0,
f_316456_,source,0,
f_316458_,SERVERBOUND_RESOURCE_PACK,0,
f_316459_,DIRECT_STREAM_CODEC,0,
f_316460_,BIOMES,0,
f_316461_,STREAM_CODEC,0,
f_316462_,STREAM_CODEC,0,
f_316463_,messageWidget,0,
f_316464_,SIMPLE_CODEC,0,
f_316465_,testBatcher,0,
f_316466_,item,0,
f_316468_,zStart,0,
f_316469_,MAX_STRUCTURE_DISTANCE,0,
f_316470_,x,0,
f_316471_,serverCookies,0,
f_316472_,idleTimeNanos,0,
f_316473_,NORMAL_CONFIG_TAG_NAME,0,
f_316474_,SMASH_ATTACK_FALL_DISTANCE_MULTIPLIER,0,
f_316475_,CODEC,0,
f_316476_,CODEC,0,
f_316477_,syncState,0,
f_316478_,CODEC,0,
f_316479_,STREAM_CODEC,0,
f_316480_,GUSTER_BANNER_PATTERN,0,
f_316481_,CODEC,0,
f_316482_,TICK_METHOD_COLOR,0,
f_316483_,STREAM_CODEC,0,
f_316484_,wasDisplayed,0,
f_316485_,CODEC,0,
f_316486_,resolved,0,
f_316487_,CODEC,0,
f_316488_,SNOWY,0,
f_316489_,debugSampleSubscriber,0,
f_316490_,STREAM_CODEC,0,
f_316491_,DIRECT_CODEC,0,
f_316492_,INTERACTION_DISTANCE_VERIFICATION_BUFFER,0,
f_316493_,SERVERBOUND_COOKIE_RESPONSE,0,
f_316494_,SERVERBOUND_CONTAINER_BUTTON_CLICK,0,
f_316495_,ARMADILLO,0,
f_316496_,existingStructureSpawner,0,
f_316497_,subscriptionRequestQueue,0,
f_316499_,overlays,0,
f_316500_,name,0,
f_316501_,layout,0,
f_316502_,MOMENTUM_DEFLECT,0,
f_316504_,lastSeenMessages,0,
f_316505_,CLIENTBOUND_ADD_ENTITY,0,
f_316506_,BLACK_BANNER,0,
f_316507_,FILTERED,0,
f_316508_,componentId,0,
f_316509_,STREAM_CODEC,0,
f_316510_,val$secondDirection,0,
f_316511_,STREAM_CODEC,0,
f_316512_,STREAM_CODEC,0,
f_316513_,BOGGED_OUTER_LAYER,0,
f_316514_,presenceChecker,0,
f_316515_,STATUS_FINISHED_CHUNKS,0,
f_316516_,CODEC,0,
f_316517_,registryOps,0,
f_316518_,currentBuffer,0,
f_316519_,items,0,
f_316520_,BLOCK_ENTITY_DATA,0,
f_316521_,fromColor,0,
f_316522_,hasTrail,0,
f_316523_,STREAM_CODEC,0,
f_316524_,registries,0,
f_316525_,SORT_UP,0,
f_316526_,LENIENT_CODEC,0,
f_316527_,CODEC,0,
f_316528_,DEFAULT_BABY_SCALE,0,
f_316529_,HIDE_MODIFIERS,0,
f_316530_,CLIENTBOUND_BUNDLE,0,
f_316531_,RADIUS,0,
f_316532_,recreateRegionFiles,0,
f_316533_,filter,0,
f_316534_,amplifier,0,
f_316535_,val$removed,0,
f_316536_,POT_DECORATIONS,0,
f_316537_,memoryTimeToLive,0,
f_316538_,TYPE,0,
f_316539_,flightDuration,0,
f_316540_,ARMADILLO_STATE,0,
f_316541_,MAX_REWARD_PLAYERS,0,
f_316542_,id,0,
f_316544_,head,0,
f_316545_,CODEC,0,
f_316546_,start,0,
f_316547_,shape,0,
f_316548_,SHAPE,0,
f_316549_,currentDepth,0,
f_316550_,modifier,0,
f_316551_,val$prototype,0,
f_316552_,potionBrewing,0,
f_316553_,WIND_CHARGE_THROW,0,
f_316554_,val$type,0,
f_316555_,expectedComponents,0,
f_316556_,BYTES,0,
f_316557_,SERVERBOUND_MOVE_VEHICLE,0,
f_316558_,port,0,
f_316559_,CLIENTBOUND_CONTAINER_CLOSE,0,
f_316560_,TAG_ITEM,0,
f_316561_,BOGGED_INNER_ARMOR,0,
f_316562_,BYPASSES_WOLF_ARMOR,0,
f_316563_,SERVERBOUND,0,
f_316564_,source,0,
f_316565_,SET_CUSTOM_MODEL_DATA,0,
f_316566_,val$radius,0,
f_316567_,toId,0,
f_316568_,structures,0,
f_316569_,DESERT_VILLAGE,0,
f_316570_,val$services,0,
f_316571_,STRUCTURE_REFERENCES,0,
f_316572_,PARROT_FOOD,0,
f_316573_,eyeHeight,0,
f_316574_,duration,0,
f_316575_,STREAM_CODEC,0,
f_316576_,properties,0,
f_316577_,potionMixes,0,
f_316578_,STREAM_CODEC,0,
f_316579_,BABY_DIMENSIONS,0,
f_316580_,maxJumpVelocityMultiplier,0,
f_316581_,idParser,0,
f_316582_,FLOW_BANNER_PATTERN,0,
f_316583_,taskExecutionStartNanos,0,
f_316584_,val$allowedFiles,0,
f_316585_,STREAM_CODEC,0,
f_316586_,HEAVY_CORE_HIT,0,
f_316587_,byType,0,
f_316588_,fadeColors,0,
f_316589_,include,0,
f_316590_,regionFileComression,0,
f_316592_,STREAM_CODEC,0,
f_316593_,this$0,0,
f_316594_,FROG,0,
f_316595_,CODEC,0,
f_316596_,haltOnFailure,0,
f_316598_,OPTIONAL_BLOCK_STATE_CODEC,0,
f_316599_,MAP_CODEC,0,
f_316600_,DIRECT_CODEC,0,
f_316601_,classToLastIdCache,0,
f_316602_,contents,0,
f_316603_,OPTIONAL_STREAM_CODEC,0,
f_316604_,ARMADILLO_ROLL,0,
f_316605_,EMPTY,0,
f_316606_,PARTICLES_SMASH_ATTACK,0,
f_316608_,PAGE_LENGTH,0,
f_316609_,val$lookups,0,
f_316610_,this$0,0,
f_316611_,type,0,
f_316612_,INT,0,
f_316614_,INSTRUMENT,0,
f_316615_,closeEnoughDistance,0,
f_316616_,durability,0,
f_316617_,HIDE_DYE,0,
f_316618_,flipA,0,
f_316619_,EMPTY,0,
f_316620_,previousBodyArmorTag,0,
f_316621_,replace,0,
f_316622_,STREAM_CODEC,0,
f_316623_,DATA_COMPONENTS,0,
f_316624_,zPower,0,
f_316625_,FULL_CODEC,0,
f_316626_,PLAINS_VILLAGE,0,
f_316627_,MAX_COMMAND_SUGGESTIONS,0,
f_316628_,STREAM_CODEC,0,
f_316629_,SNOWY_VILLAGE,0,
f_316630_,STREAM_CODEC,0,
f_316631_,name,0,
f_316632_,FIREWORKS,0,
f_316633_,NO_MAP_COLOR,0,
f_316634_,OPTIONAL_UNSIGNED_INT_CODEC,0,
f_316635_,z,0,
f_316636_,INSTANCE,0,
f_316637_,SET_CUSTOM_DATA,0,
f_316638_,CLIENTBOUND_REMOVE_MOB_EFFECT,0,
f_316639_,tail,0,
f_316640_,duration,0,
f_316641_,STREAM_CODEC,0,
f_316642_,ID_REGISTRY,0,
f_316643_,DEFAULT,0,
f_316644_,realmId,0,
f_316645_,requiredFeatures,0,
f_316646_,realmId,0,
f_316647_,sourceType,0,
f_316648_,$SwitchMap$net$minecraft$core$Direction$Axis,0,
f_316649_,fractionLow,0,
f_316650_,OMINOUS_BOTTLE,0,
f_316651_,id,0,
f_316653_,PANDA_FOOD,0,
f_316654_,STREAM_CODEC,0,
f_316655_,patternGetter,0,
f_316656_,CLIENTBOUND_CHANGE_DIFFICULTY,0,
f_316657_,lastResult,0,
f_316658_,STREAM_CODEC,0,
f_316659_,DELAY_BEFORE_FIRST_EJECTION_TICKS,0,
f_316660_,copyOnWrite,0,
f_316662_,layers,0,
f_316663_,ARMADILLO_FOOD,0,
f_316664_,displayStartTime,0,
f_316665_,CUSTOM_DATA,0,
f_316666_,SUSPICIOUS_STEW_EFFECTS,0,
f_316667_,size,0,
f_316668_,POTION_HOLDER_IDS,0,
f_316669_,val$predicate,0,
f_316670_,player,0,
f_316671_,HELD_ITEM_SLOT,0,
f_316672_,VAULT,0,
f_316673_,STREAM_CODEC,0,
f_316674_,test,0,
f_316675_,STREAM_CODEC,0,
f_316676_,val$getter4,0,
f_316677_,cache,0,
f_316678_,length,0,
f_316679_,ARMOR_CRACK_LOCATIONS,0,
f_316680_,val$height,0,
f_316682_,STREAM_CODEC,0,
f_316683_,$SwitchMap$net$minecraft$client$GraphicsStatus,0,
f_316684_,STREAM_CODEC,0,
f_316685_,spawnPos,0,
f_316686_,STREAM_CODEC,0,
f_316687_,CLIENTBOUND_RESOURCE_PACK_PUSH,0,
f_316688_,this$0,0,
f_316689_,components,0,
f_316690_,CLIENTBOUND_PING,0,
f_316691_,this$0,0,
f_316692_,properties,0,
f_316693_,BUNDLER,0,
f_316694_,DEFAULT,0,
f_316695_,input,0,
f_316696_,SERVERBOUND_USE_ITEM,0,
f_316697_,STREAM_CODEC,0,
f_316698_,peekAnimationState,0,
f_316699_,grammarWithContext,0,
f_316700_,lootTable,0,
f_316701_,streamCodec,0,
f_316702_,STREAM_CODEC,0,
f_316703_,visitor,0,
f_316704_,chunkType,0,
f_316705_,type,0,
f_316706_,BOGGED,0,
f_316707_,DEFAULT_MAX_RAID_OMEN_LEVEL,0,
f_316708_,STREAM_CODEC,0,
f_316709_,components,0,
f_316710_,sprite,0,
f_316711_,WIND_CHARGED,0,
f_316713_,MAX_SCALE,0,
f_316714_,FOOTER_HEIGHT,0,
f_316715_,val$profilePublicKey,0,
f_316716_,BY_ID,0,
f_316717_,DEFAULT_Y_SEARCH_RADIUS,0,
f_316718_,id,0,
f_316719_,CLIENTBOUND_SELECT_KNOWN_PACKS,0,
f_316720_,val$mapExtractor,0,
f_316721_,EFFECT_DURATION,0,
f_316722_,TYPE,0,
f_316723_,MAP_CODEC,0,
f_316724_,ARMOR_UNEQUIP_WOLF,0,
f_316725_,inner,0,
f_316726_,CLIENTBOUND_DEBUG_SAMPLE,0,
f_316727_,val$height,0,
f_316728_,$SwitchMap$net$minecraft$core$Holder$Kind,0,
f_316729_,INFESTED,0,
f_316730_,VAR_INT,0,
f_316731_,CODEC,0,
f_316732_,STREAM_CODEC,0,
f_316734_,val$filter,0,
f_316735_,STAT_VALUES_STREAM_CODEC,0,
f_316736_,WOODS,0,
f_316737_,babyDimensions,0,
f_316738_,TWINKLE_INGREDIENT,0,
f_316739_,supportedItems,0,
f_316740_,val$toId,0,
f_316741_,LEG_ARMOR,0,
f_316742_,PATROLLING_MOBS,0,
f_316743_,runner,0,
f_316744_,value,0,
f_316745_,showInTooltip,0,
f_316746_,PLAYER,0,
f_316747_,CLIENTBOUND_CHUNK_BATCH_FINISHED,0,
f_316748_,explosions,0,
f_316749_,PLAYER_NAME,0,
f_316750_,BABY_Y_OFFSET,0,
f_316751_,val$minZ,0,
f_316752_,STREAM_CODEC,0,
f_316753_,FORTUNE,0,
f_316754_,upgradingStatus,0,
f_316756_,SET_OMINOUS_BOTTLE_AMPLIFIER,0,
f_316757_,STREAM_CODEC,0,
f_316758_,EFFICIENCY,0,
f_316759_,MIN_AMPLIFIER,0,
f_316760_,DATA_ITEM,0,
f_316761_,MAP_DECORATIONS,0,
f_316762_,INCORRECT_FOR_NETHERITE_TOOL,0,
f_316763_,$SwitchMap$net$minecraft$client$multiplayer$ServerData$State,0,
f_316764_,EXPLOSION_DAMAGE_CALCULATOR,0,
f_316765_,CODEC,0,
f_316766_,val$setter,0,
f_316767_,SPAWN_ITEM_DELAY_MAX,0,
f_316768_,components,0,
f_316769_,HEADER_SEPARATOR,0,
f_316770_,BUNDLE_CONTENTS,0,
f_316771_,BREACH,0,
f_316772_,positionFunction,0,
f_316773_,SLOT_FRAME_SPRITE,0,
f_316774_,FRAME_SIZE,0,
f_316775_,hasLoadDependencies,0,
f_316776_,hashCode,0,
f_316777_,showInTooltip,0,
f_316778_,entityData,0,
f_316779_,FLAME,0,
f_316780_,STREAM_CODEC,0,
f_316781_,$SwitchMap$net$minecraft$world$entity$EquipmentSlot,0,
f_316782_,name,0,
f_316783_,decorationTextures,0,
f_316785_,id,0,
f_316786_,BALL_UP_STAY_IN_STATE,0,
f_316787_,val$inventory,0,
f_316788_,SERVERBOUND_EDIT_BOOK,0,
f_316789_,CODEC,0,
f_316790_,STREAM_CODEC,0,
f_316791_,LORE_STYLE,0,
f_316792_,CODEC,0,
f_316793_,STREAM_CODEC,0,
f_316794_,requestedFeatures,0,
f_316795_,maxInclusive,0,
f_316796_,startPosition,0,
f_316797_,endAlpha,0,
f_316799_,CLIENTBOUND_TELEPORT_ENTITY,0,
f_316800_,DEFAULT,0,
f_316801_,screen,0,
f_316802_,VARIANT_CODEC,0,
f_316803_,entry,0,
f_316804_,codec,0,
f_316805_,id,0,
f_316806_,STEP_HEIGHT,0,
f_316807_,CLIENTBOUND_OPEN_SCREEN,0,
f_316808_,STREAM_CODEC,0,
f_316809_,BREEZE_WHIRL,0,
f_316810_,components,0,
f_316811_,STRIDER_TEMPT_ITEMS,0,
f_316812_,spawnedCount,0,
f_316813_,CODEC,0,
f_316814_,testFinder,0,
f_316815_,MOB_ARROW_POWER,0,
f_316816_,PATTERN_ITEM_FLOW,0,
f_316817_,STREAM_CODEC,0,
f_316818_,STREAM_CODEC,0,
f_316819_,DEFAULT_VIBRATION_FREQUENCY,0,
f_316820_,activationRange,0,
f_316821_,layout,0,
f_316822_,TOOLTIP_MAX_WEIGHT,0,
f_316823_,NORMAL_ATTACK_INTERVAL,0,
f_316824_,SERVERBOUND_PONG,0,
f_316825_,RED_X,0,
f_316826_,DECOMPRESS,0,
f_316827_,TRIDENT_ENCHANTABLE,0,
f_316828_,EQUIPMENT_TRIAL_CHAMBER_MELEE,0,
f_316829_,MAX_DEPTH,0,
f_316830_,STREAM_CODEC,0,
f_316831_,SPAWNER_OMINOUS_TRIAL_CHAMBER_CONSUMABLES,0,
f_316832_,STREAM_CODEC,0,
f_316834_,CLIENTBOUND_EXPLODE,0,
f_316835_,CLIENTBOUND_ROTATE_HEAD,0,
f_316836_,this$0,0,
f_316838_,STREAM_CODEC,0,
f_316839_,val$codec3,0,
f_316841_,lastCursor,0,
f_316842_,registryAccess,0,
f_316843_,OTHER_COLOR,0,
f_316844_,TRUSTED_OPTIONAL_STREAM_CODEC,0,
f_316845_,trail,0,
f_316846_,PARROT_IMITATE_BOGGED,0,
f_316847_,SPLITTER,0,
f_316848_,components,0,
f_316849_,DROP_CHANCES_CODEC,0,
f_316850_,this$0,0,
f_316851_,time,0,
f_316852_,SPEED_MULTIPLIER_WHEN_IDLING,0,
f_316853_,type,0,
f_316854_,VAULT,0,
f_316855_,sampleStorage,0,
f_316856_,MAP_POST_PROCESSING,0,
f_316857_,amount,0,
f_316858_,STREAM_CODEC,0,
f_316859_,STREAM_CODEC,0,
f_316860_,PUNCH,0,
f_316861_,STREAM_CODEC,0,
f_316862_,MIN_AMPLIFIER,0,
f_316863_,UNSIGNED_BYTE,0,
f_316864_,SYNTAX_START_COMPONENTS,0,
f_316865_,xStart,0,
f_316866_,BOGGED_STEP,0,
f_316867_,title,0,
f_316868_,realmId,0,
f_316870_,STREAM_CODEC,0,
f_316871_,STREAM_CODEC,0,
f_316872_,STREAM_CODEC,0,
f_316873_,dimension,0,
f_316874_,top,0,
f_316875_,SERVERBOUND_JIGSAW_GENERATE,0,
f_316876_,CODEC,0,
f_316877_,TYPE,0,
f_316878_,val$tagCodec,0,
f_316879_,resourceProvider,0,
f_316880_,gameProfile,0,
f_316881_,CODEC,0,
f_316882_,layout,0,
f_316883_,blurEffect,0,
f_316884_,SERVERBOUND_PLAYER_COMMAND,0,
f_316885_,SIZE,0,
f_316886_,include,0,
f_316887_,STREAM_CODEC,0,
f_316888_,SERVERBOUND_MOVE_PLAYER_ROT,0,
f_316889_,definition,0,
f_316890_,PALE,0,
f_316891_,predicates,0,
f_316892_,STREAM_CODEC,0,
f_316893_,STREAM_CODEC,0,
f_316894_,raidOmenLevel,0,
f_316895_,WRITABLE_BOOK,0,
f_316896_,incorrectBlocksForDrops,0,
f_316897_,predicate,0,
f_316898_,ITEM_MODIFIER,0,
f_316900_,val$overrides,0,
f_316901_,source,0,
f_316903_,CODEC,0,
f_316904_,CLIENTBOUND_STOP_SOUND,0,
f_316906_,val$streamCodec,0,
f_316907_,reader,0,
f_316908_,repository,0,
f_316909_,FOX,0,
f_316910_,STREAM_CODEC,0,
f_316911_,monitor,0,
f_316912_,INVERTED_HEALING_AND_HARM,0,
f_316913_,STREAM_CODEC,0,
f_316914_,BLOCK_INTERACTION_RANGE,0,
f_316915_,stateUpdatingResumesAt,0,
f_316916_,TITLE,0,
f_316917_,STREAM_CODEC,0,
f_316918_,INVALID_COMMAND_SIGNATURE,0,
f_316919_,FLOW,0,
f_316920_,GUSTER,0,
f_316921_,STREAM_CODEC,0,
f_316922_,STREAM_CODEC,0,
f_316923_,attachments,0,
f_316925_,STREAM_CODEC,0,
f_316926_,EXAMPLES,0,
f_316927_,SERVERBOUND_SET_CREATIVE_MODE_SLOT,0,
f_316928_,ARMADILLO_DEATH,0,
f_316929_,suggestions,0,
f_316930_,sendLoginDisconnect,0,
f_316931_,MAX_PROPERTY_SIGNATURE_LENGTH,0,
f_316932_,STREAM_CODEC,0,
f_316933_,CAPTAIN_WITHOUT_RAID,0,
f_316934_,SPEED_MULTIPLIER_WHEN_TEMPTED,0,
f_316935_,layers,0,
f_316936_,worker,0,
f_316937_,val$signatureValidator,0,
f_316938_,CLIENTBOUND_ADD_EXPERIENCE_ORB,0,
f_316939_,CODEC,0,
f_316940_,streamCodec,0,
f_316941_,filter,0,
f_316942_,items,0,
f_316943_,delayedApplyAt,0,
f_316944_,LOGGER,0,
f_316945_,typeGetter,0,
f_316946_,this$0,0,
f_316947_,CLOSED_LISTENER_TIMEOUT,0,
f_316948_,newStructureSpawner,0,
f_316949_,renames,0,
f_316950_,PURPLE_BANNER,0,
f_316951_,NONE,0,
f_316952_,val$original,0,
f_316953_,blocks,0,
f_316954_,TOGGLE_TOOLTIPS,0,
f_316955_,type,0,
f_316956_,CLIENTBOUND_UPDATE_ENABLED_FEATURES,0,
f_316957_,showInTooltip,0,
f_316958_,CODEC,0,
f_316959_,rules,0,
f_31695_,$SwitchMap$net$minecraft$world$entity$EquipmentSlot$Type,0,
f_316960_,$SwitchMap$net$minecraft$world$entity$ai$attributes$AttributeModifier$Operation,0,
f_316961_,STATUS_ICON_WIDTH,0,
f_316962_,direction,0,
f_316963_,tickDelayInBetween,0,
f_316964_,INSTANCE,0,
f_316965_,STREAM_CODEC,0,
f_316966_,FOOTER_SEPARATOR,0,
f_316967_,LIGHT,0,
f_316968_,child,0,
f_316969_,numberOfTries,0,
f_316970_,currentSpin,0,
f_316971_,library,0,
f_316972_,trail,0,
f_316973_,$SwitchMap$net$minecraft$world$item$component$MapPostProcessing,0,
f_316974_,PAGE_CODEC,0,
f_316975_,offset,0,
f_316976_,HEAD_ARMOR,0,
f_316977_,CAN_BREAK,0,
f_316978_,MAXIMUM_FLYING_TICKS,0,
f_31697_,HANGING_ENTITY,0,
f_316980_,SET_COMPONENTS,0,
f_316981_,COMPONENTS_CODEC,0,
f_316982_,STREAM_CODEC,0,
f_316983_,GOAT_FOOD,0,
f_316984_,val$codec,0,
f_316985_,VAULT,0,
f_316986_,SYNTAX_COMPONENT_SEPARATOR,0,
f_316987_,targetCooldownLength,0,
f_316988_,TYPE,0,
f_316989_,location,0,
f_31698_,pos,0,
f_316990_,STREAM_CODEC,0,
f_316991_,PARTICLES_TRIAL_SPAWNER_BECOME_OMINOUS,0,
f_316992_,audioFormat,0,
f_316993_,ARMADILLO_TEMPTATIONS,0,
f_316995_,debugSampleSubscriptionTracker,0,
f_316996_,HEAVY_CORE_PLACE,0,
f_316997_,BREEZE_EYES,0,
f_316998_,DEFLECTS_PROJECTILES,0,
f_316999_,TICKS_BEFORE_ABOUT_TO_SPAWN_SOUND,0,
f_31699_,direction,0,
f_317000_,SCARE_DISTANCE_HORIZONTAL,0,
f_317001_,knockbackResistance,0,
f_317002_,power,0,
f_317003_,STREAM_CODEC,0,
f_317004_,pages,0,
f_317005_,STREAM_CODEC,0,
f_317006_,STREAM_CODEC,0,
f_317007_,OMINOUS,0,
f_317008_,STREAM_CODEC,0,
f_317009_,oRot,0,
f_31700_,checkInterval,0,
f_317010_,menuBackgroundBlurriness,0,
f_317011_,allowCommands,0,
f_317012_,EMPTY,0,
f_317013_,SCROLLER_BACKGROUND_SPRITE,0,
f_317015_,transactionId,0,
f_317016_,DEFAULT_CLOSE_ENOUGH_DISTANCE,0,
f_317017_,tracked,0,
f_317018_,STATUS_BY_RANGE,0,
f_317020_,anvilCost,0,
f_317021_,SLOT_BG_SIZE,0,
f_317022_,lastPanoramaRenderTime,0,
f_317023_,CLIENTBOUND_SET_OBJECTIVE,0,
f_317025_,dataFixType,0,
f_317026_,CODEC,0,
f_317028_,power,0,
f_317029_,subscriptions,0,
f_317030_,TOOLTIP,0,
f_317031_,PANORAMA,0,
f_317032_,operation,0,
f_317033_,SERVERBOUND_CONTAINER_CLICK,0,
f_317034_,SPACE_BETWEEN_COLUMNS,0,
f_317035_,SIZE,0,
f_317036_,LOGGER,0,
f_317037_,SYNTAX_COMPONENT_ASSIGNMENT,0,
f_317038_,TRANSFER_CONNECT_FAILED,0,
f_317039_,lastHandleMovementTime,0,
f_317040_,CONTENTS_STREAM_CODEC,0,
f_317041_,BOLT,0,
f_317042_,WET_SPONGE_DRIES,0,
f_317043_,TITLE,0,
f_317044_,val$originX,0,
f_317045_,slot,0,
f_317046_,files,0,
f_317047_,SERVERBOUND_RECIPE_BOOK_CHANGE_SETTINGS,0,
f_317048_,val$reachZ,0,
f_317049_,STREAM_CODEC,0,
f_317050_,flightDuration,0,
f_317051_,layout,0,
f_317052_,SERVERBOUND_SET_BEACON,0,
f_317053_,BY_ID,0,
f_317054_,BOW_ENCHANTABLE,0,
f_317055_,PAGE_CODEC,0,
f_317056_,SERVERBOUND_MOVE_PLAYER_POS,0,
f_317057_,zombieVillagerType,0,
f_317058_,STREAM_CODEC,0,
f_317059_,potion,0,
f_317060_,EMPTY,0,
f_317061_,MAX_INITIAL_COLLECTION_SIZE,0,
f_317062_,ITEM_TO_ENTITY,0,
f_317063_,MAP_CODEC,0,
f_317064_,heightmapsAfter,0,
f_317066_,IN_WATER,0,
f_317067_,realmOwnerUuid,0,
f_317068_,EMPTY,0,
f_317069_,val$random,0,
f_317070_,defaultDispenseItemBehavior,0,
f_317071_,ALL_MANIPULATORS,0,
f_317073_,COMPRESSION,0,
f_317074_,trustedNormals,0,
f_317075_,DIRECT_CODEC,0,
f_317076_,WOLF_HEALTH,0,
f_317078_,ARMOR_ENCHANTABLE,0,
f_317080_,CODEC,0,
f_317081_,blendState,0,
f_317082_,STREAM_CODEC,0,
f_317083_,cause,0,
f_317084_,STREAM_CODEC,0,
f_317085_,val$craftSlot,0,
f_317086_,WOLF_VARIANT,0,
f_317087_,filter,0,
f_317088_,size,0,
f_317089_,index,0,
f_317090_,BOGGED_HURT,0,
f_317091_,type,0,
f_317092_,CROSSBOW_ENCHANTABLE,0,
f_317093_,SERVERBOUND_PICK_ITEM,0,
f_317094_,FOOT_ARMOR,0,
f_317095_,key,0,
f_317096_,statusIconTooltip,0,
f_317097_,EQUIPPABLE_ENCHANTABLE,0,
f_317098_,mushrooms,0,
f_317099_,type,0,
f_317100_,strictErrorHandling,0,
f_317101_,INSTANCE,0,
f_317103_,item,0,
f_317104_,DOES_NOT_BLOCK_HOPPERS,0,
f_317105_,components,0,
f_317106_,realmIds,0,
f_317107_,HIDE_CAN_DESTROY,0,
f_317108_,PARTICLES_TURTLE_EGG_PLACEMENT,0,
f_317109_,val$factory,0,
f_317110_,realmCreationTask,0,
f_317111_,styledLines,0,
f_317112_,protocol,0,
f_317113_,VAULT_FALL,0,
f_317114_,STRUCTURE_STARTS,0,
f_317115_,CLIENTBOUND_SYSTEM_CHAT,0,
f_317116_,STREAM_CODEC,0,
f_317117_,nextTestNorthWestCorner,0,
f_317118_,enabledFeatures,0,
f_317119_,val$level,0,
f_317120_,DEBUG_VAULT_DETECTS_SHEEP_AS_PLAYERS,0,
f_317121_,component,0,
f_317122_,MAX_EXPLOSIONS,0,
f_317123_,FULL_CODEC,0,
f_317124_,MAX_HEAD_ROTATION_EXTENT,0,
f_317125_,TRIAL_OMEN,0,
f_317126_,MAX_SCALE,0,
f_317127_,activeProviders,0,
f_317128_,items,0,
f_317129_,PADDING,0,
f_317130_,ARMOR_TRIM,0,
f_317131_,northWestCorner,0,
f_317132_,CODEC,0,
f_317133_,STREAM_CODEC,0,
f_317134_,STREAM_CODEC,0,
f_317135_,containers,0,
f_317136_,SMALL_MOB_SIZE,0,
f_317137_,STREAM_CODEC,0,
f_317138_,assetName,0,
f_317139_,STREAM_CODEC,0,
f_317140_,realmId,0,
f_317141_,ANIMATION_SPAWN_COBWEB,0,
f_317142_,MAXIMUM_BLOCK_EXPLOSION_RESISTANCE,0,
f_317143_,VAULT,0,
f_317144_,DIRECT_STREAM_CODEC,0,
f_317145_,STREAM_CODEC,0,
f_317146_,STATUS_FINISHED_ENTITIES,0,
f_317147_,MAP_CODEC,0,
f_317148_,MODIFIER_STREAM_CODEC,0,
f_317149_,UNLIMITED_CODEC,0,
f_317150_,SKULLS,0,
f_317152_,TITLE,0,
f_317153_,COBWEB_BREAK,0,
f_317154_,TYPE,0,
f_317155_,STREAM_CODEC,0,
f_317156_,rules,0,
f_317157_,MESSAGE_PADDING,0,
f_317158_,SERVERBOUND_INTERACT,0,
f_31752_,$SwitchMap$net$minecraft$world$level$block$Rotation,0,
f_31754_,dropChance,0,
f_31755_,fixed,0,
f_31756_,LOGGER,0,
f_31757_,DATA_ITEM,0,
f_31758_,DATA_ROTATION,0,
f_31939_,hurtEntities,0,
f_31940_,fallDamageMax,0,
f_31942_,time,0,
f_31943_,dropItem,0,
f_31944_,blockData,0,
f_31945_,DATA_START_POS,0,
f_31946_,blockState,0,
f_31947_,cancelDrop,0,
f_31983_,bobOffs,0,
f_31984_,DATA_ITEM,0,
f_31985_,age,0,
f_31986_,pickupDelay,0,
f_31987_,health,0,
f_31988_,thrower,0,
f_32071_,DATA_FUSE_ID,0,
f_32072_,owner,0,
f_32125_,this$0,0,
f_32130_,bowGoal,0,
f_32131_,meleeGoal,0,
f_32168_,this$0,0,
f_32178_,head,0,
f_32179_,chest,0,
f_32180_,legs,0,
f_32181_,feet,0,
f_32182_,mainhand,0,
f_32183_,offhand,0,
f_32197_,head,0,
f_32198_,chest,0,
f_32199_,legs,0,
f_32200_,feet,0,
f_32201_,mainhand,0,
f_32202_,offhand,0,
f_32214_,allowedHeightOffset,0,
f_32215_,nextHeightOffsetChangeTick,0,
f_32216_,DATA_FLAGS_ID,0,
f_32242_,blaze,0,
f_32243_,attackStep,0,
f_32244_,attackTime,0,
f_32245_,lastSeen,0,
f_32268_,DATA_SWELL_DIR,0,
f_32269_,oldSwell,0,
f_32270_,swell,0,
f_32271_,maxSwell,0,
f_32272_,explosionRadius,0,
f_32273_,droppedSkulls,0,
f_32274_,DATA_IS_POWERED,0,
f_32275_,DATA_IS_IGNITED,0,
f_32340_,waterNavigation,0,
f_32341_,groundNavigation,0,
f_32342_,searchingForLand,0,
f_32400_,drowned,0,
f_32407_,drowned,0,
f_32418_,mob,0,
f_32419_,wantedX,0,
f_32420_,wantedY,0,
f_32421_,wantedZ,0,
f_32422_,speedModifier,0,
f_32423_,level,0,
f_32431_,drowned,0,
f_32435_,drowned,0,
f_32436_,speedModifier,0,
f_32437_,seaLevel,0,
f_32438_,stuck,0,
f_32448_,drowned,0,
f_32457_,ELDER_SIZE_SCALE,0,
f_32472_,SPEED_MODIFIER_ATTACKING_UUID,0,
f_32473_,DATA_CREEPY,0,
f_32474_,DATA_STARED_AT,0,
f_32476_,lastStareSound,0,
f_32477_,targetChangeTime,0,
f_32478_,PERSISTENT_ANGER_TIME,0,
f_32479_,remainingPersistentAngerTime,0,
f_32480_,persistentAngerTarget,0,
f_32481_,SPEED_MODIFIER_ATTACKING,0,
f_32482_,DATA_CARRY_STATE,0,
f_32547_,enderman,0,
f_32548_,target,0,
f_32554_,enderman,0,
f_32566_,enderman,0,
f_32567_,pendingTarget,0,
f_32568_,aggroTime,0,
f_32569_,teleportTime,0,
f_32570_,startAggroTargetConditions,0,
f_32571_,continueAggroTargetConditions,0,
f_32583_,enderman,0,
f_32588_,life,0,
f_32625_,wololoTarget,0,
f_32666_,this$0,0,
f_32684_,this$0,0,
f_32691_,this$0,0,
f_32692_,vexCountTargeting,0,
f_32704_,this$0,0,
f_32705_,wololoTargeting,0,
f_32721_,DATA_IS_CHARGING,0,
f_32722_,explosionPower,0,
f_32760_,ghast,0,
f_32765_,ghast,0,
f_32766_,floatDuration,0,
f_32773_,chargeTime,0,
f_32774_,ghast,0,
f_32781_,ghast,0,
f_32797_,DATA_ID_MOVING,0,
f_32798_,clientSideTailAnimation,0,
f_32799_,clientSideTailAnimationO,0,
f_32800_,clientSideTailAnimationSpeed,0,
f_32801_,clientSideSpikesAnimation,0,
f_32802_,clientSideSpikesAnimationO,0,
f_32803_,clientSideCachedAttackTarget,0,
f_32804_,clientSideAttackTime,0,
f_32805_,clientSideTouchedGround,0,
f_32806_,randomStrollGoal,0,
f_32807_,DATA_ID_ATTACK_TARGET,0,
f_32867_,guardian,0,
f_32868_,attackTime,0,
f_32869_,elder,0,
f_32877_,guardian,0,
f_32884_,guardian,0,
f_32908_,clientSideIllusionTicks,0,
f_32909_,clientSideIllusionOffsets,0,
f_32941_,this$0,0,
f_32942_,lastTargetId,0,
f_32955_,this$0,0,
f_33042_,patrolTarget,0,
f_33043_,patrolLeader,0,
f_33044_,patrolling,0,
f_33079_,mob,0,
f_33080_,speedModifier,0,
f_33081_,leaderSpeedModifier,0,
f_33082_,cooldownUntil,0,
f_33095_,ID_SIZE,0,
f_33096_,attackPhase,0,
f_33097_,moveTargetPoint,0,
f_33098_,anchorPoint,0,
f_33191_,this$0,0,
f_33192_,attackTargeting,0,
f_33193_,nextScanTick,0,
f_33201_,this$0,0,
f_33202_,nextSweepTick,0,
f_33213_,this$0,0,
f_33218_,this$0,0,
f_33219_,angle,0,
f_33220_,distance,0,
f_33221_,height,0,
f_33222_,clockwise,0,
f_33237_,this$0,0,
f_33238_,speed,0,
f_33243_,this$0,0,
f_33247_,this$0,0,
f_33258_,IS_CHARGING_CROSSBOW,0,
f_33259_,inventory,0,
f_33319_,NO_RAVAGER_AND_ALIVE,0,
f_33320_,attackTick,0,
f_33321_,stunnedTick,0,
f_33322_,roarTick,0,
f_33392_,DATA_ATTACH_FACE_ID,0,
f_33393_,DATA_COLOR_ID,0,
f_33394_,COVERED_ARMOR_MODIFIER_UUID,0,
f_33395_,COVERED_ARMOR_MODIFIER,0,
f_33396_,currentPeekAmountO,0,
f_33397_,currentPeekAmount,0,
f_33399_,clientSideTeleportInterpolation,0,
f_33401_,DATA_PEEK_ID,0,
f_33482_,this$0,0,
f_33483_,attackTime,0,
f_33502_,this$0,0,
f_33509_,this$0,0,
f_33510_,peekTime,0,
f_33521_,friendsGoal,0,
f_33555_,selectedDirection,0,
f_33556_,doMerge,0,
f_33562_,silverfish,0,
f_33563_,lookForFriends,0,
f_33581_,targetSquish,0,
f_33582_,ID_SIZE,0,
f_33583_,wasOnGround,0,
f_33584_,squish,0,
f_33585_,oSquish,0,
f_336400_,tagAdditionLock,0,
f_336410_,LOGGER,0,
f_33645_,slime,0,
f_33646_,growTiredTimer,0,
f_33653_,slime,0,
f_33658_,slime,0,
f_33663_,yRot,0,
f_33664_,jumpDelay,0,
f_33665_,slime,0,
f_33666_,isAggressive,0,
f_33675_,slime,0,
f_33676_,chosenDegrees,0,
f_33677_,nextRandomizeTime,0,
f_33683_,isOnFire,0,
f_33684_,isCrouching,0,
f_33685_,isSprinting,0,
f_33686_,isSwimming,0,
f_33687_,isBaby,0,
f_33707_,isOnFire,0,
f_33708_,isCrouching,0,
f_33709_,isSprinting,0,
f_33710_,isSwimming,0,
f_33711_,isBaby,0,
f_33719_,spellCastingTickCount,0,
f_33720_,DATA_SPELL_CASTING_ID,0,
f_33721_,currentSpell,0,
f_33747_,id,0,
f_33748_,spellColor,0,
f_33767_,this$0,0,
f_33774_,attackWarmupDelay,0,
f_33775_,nextAttackTickCount,0,
f_33776_,this$0,0,
f_33783_,DATA_FLAGS_ID,0,
f_33827_,effect,0,
f_33854_,DATA_BOOST_TIME,0,
f_33855_,DATA_SUFFOCATING,0,
f_33856_,DATA_SADDLE_ID,0,
f_33857_,steering,0,
f_33858_,temptGoal,0,
f_33953_,strider,0,
f_33977_,DATA_FLAGS_ID,0,
f_33978_,hasLimitedLife,0,
f_33979_,limitedLifeTicks,0,
f_33980_,owner,0,
f_33981_,boundOrigin,0,
f_34044_,this$0,0,
f_34052_,this$0,0,
f_34053_,copyOwnerTargeting,0,
f_34059_,this$0,0,
f_34064_,this$0,0,
f_34070_,DOOR_BREAKING_PREDICATE,0,
f_34071_,isJohnny,0,
f_34126_,SPEED_MODIFIER_DRINKING_UUID,0,
f_34127_,SPEED_MODIFIER_DRINKING,0,
f_34128_,DATA_USING_ITEM,0,
f_34129_,usingTime,0,
f_34130_,healRaidersGoal,0,
f_34131_,attackPlayersGoal,0,
f_34198_,SENSOR_TYPES,0,
f_34199_,attackAnimationRemainingTicks,0,
f_34200_,MEMORY_TYPES,0,
f_34201_,DATA_BABY_ID,0,
f_34259_,SPEED_MODIFIER_BABY_UUID,0,
f_34260_,DATA_SPECIAL_TYPE_ID,0,
f_34261_,DATA_DROWNED_CONVERSION_ID,0,
f_34262_,DOOR_BREAKING_PREDICATE,0,
f_34263_,breakDoorGoal,0,
f_34264_,canBreakDoors,0,
f_34265_,inWaterTime,0,
f_34266_,conversionTime,0,
f_34267_,SPEED_MODIFIER_BABY,0,
f_34268_,DATA_BABY_ID,0,
f_34341_,this$0,0,
f_34354_,isBaby,0,
f_34355_,canSpawnJockey,0,
f_34359_,DATA_CONVERTING_ID,0,
f_34360_,conversionStarter,0,
f_34361_,gossips,0,
f_34362_,tradeOffers,0,
f_34363_,villagerXp,0,
f_34364_,DATA_VILLAGER_DATA,0,
f_34365_,villagerConversionTime,0,
f_34416_,SPEED_MODIFIER_ATTACKING_UUID,0,
f_34417_,playFirstAngerSoundIn,0,
f_34418_,PERSISTENT_ANGER_TIME,0,
f_34419_,remainingPersistentAngerTime,0,
f_34420_,persistentAngerTarget,0,
f_34421_,ALERT_INTERVAL,0,
f_34422_,ticksUntilNextAlert,0,
f_34423_,SPEED_MODIFIER_ATTACKING,0,
f_34424_,FIRST_ANGER_SOUND_DELAY,0,
f_34480_,SENSOR_TYPES,0,
f_34481_,MEMORY_TYPES,0,
f_34482_,DATA_IMMUNE_TO_ZOMBIFICATION,0,
f_34483_,attackAnimationRemainingTicks,0,
f_34484_,timeInOverworld,0,
f_34485_,cannotBeHunted,0,
f_34568_,RETREAT_DURATION,0,
f_34569_,ADULT_FOLLOW_RANGE,0,
f_34648_,DATA_IMMUNE_TO_ZOMBIFICATION,0,
f_34649_,timeInOverworld,0,
f_34672_,MEMORY_TYPES,0,
f_34673_,DATA_BABY_ID,0,
f_34674_,DATA_IS_CHARGING_CROSSBOW,0,
f_34675_,DATA_IS_DANCING,0,
f_34676_,SPEED_MODIFIER_BABY_UUID,0,
f_34677_,SPEED_MODIFIER_BABY,0,
f_34678_,inventory,0,
f_34679_,cannotHunt,0,
f_34680_,SENSOR_TYPES,0,
f_34794_,BARTERING_ITEM,0,
f_34795_,TIME_BETWEEN_HUNTS,0,
f_34796_,RIDE_START_INTERVAL,0,
f_34797_,RIDE_DURATION,0,
f_34798_,RETREAT_DURATION,0,
f_34799_,AVOID_ZOMBIFIED_DURATION,0,
f_34800_,BABY_AVOID_NEMESIS_DURATION,0,
f_35044_,MEMORY_TYPES,0,
f_35045_,SENSOR_TYPES,0,
f_35196_,damage,0,
f_35261_,offers,0,
f_35262_,DATA_UNHAPPY_COUNTER,0,
f_35263_,tradingPlayer,0,
f_35264_,inventory,0,
f_35324_,nextTick,0,
f_35340_,source,0,
f_35341_,offers,0,
f_35342_,xp,0,
f_35361_,lastGossipDecayTime,0,
f_35362_,villagerXp,0,
f_35363_,lastRestockGameTime,0,
f_35364_,numberOfRestocksToday,0,
f_35365_,lastRestockCheckDayTime,0,
f_35366_,assignProfessionWhenSpawned,0,
f_35367_,MEMORY_TYPES,0,
f_35368_,SENSOR_TYPES,0,
f_35369_,FOOD_POINTS,0,
f_35370_,POI_MEMORIES,0,
f_35371_,DATA_VILLAGER_DATA,0,
f_35372_,WANTED_ITEMS,0,
f_35373_,updateMerchantTimer,0,
f_35374_,increaseProfessionLevelOnUpdate,0,
f_35375_,lastTradedPlayer,0,
f_35376_,foodLevel,0,
f_35377_,gossips,0,
f_35378_,lastGossipTime,0,
f_35550_,CODEC,0,
f_35551_,NEXT_LEVEL_XP_THRESHOLDS,0,
f_35552_,type,0,
f_35553_,profession,0,
f_35554_,level,0,
f_35585_,NONE,0,
f_35586_,ARMORER,0,
f_35587_,BUTCHER,0,
f_35588_,CARTOGRAPHER,0,
f_35589_,CLERIC,0,
f_35590_,FARMER,0,
f_35591_,FISHERMAN,0,
f_35592_,FLETCHER,0,
f_35593_,LEATHERWORKER,0,
f_35594_,LIBRARIAN,0,
f_35595_,MASON,0,
f_35596_,NITWIT,0,
f_35597_,SHEPHERD,0,
f_35598_,TOOLSMITH,0,
f_35599_,WEAPONSMITH,0,
f_35600_,name,0,
f_35602_,requestedItems,0,
f_35603_,secondaryPoi,0,
f_35604_,workSound,0,
f_35627_,TRADES,0,
f_35628_,WANDERING_TRADER_TRADES,0,
f_35634_,item,0,
f_35635_,value,0,
f_35636_,maxUses,0,
f_35637_,villagerXp,0,
f_35653_,maxUses,0,
f_35654_,villagerXp,0,
f_35655_,priceMultiplier,0,
f_35664_,trades,0,
f_35665_,cost,0,
f_35666_,maxUses,0,
f_35667_,villagerXp,0,
f_35681_,villagerXp,0,
f_35687_,itemStack,0,
f_35688_,baseEmeraldCost,0,
f_35689_,maxUses,0,
f_35690_,villagerXp,0,
f_35691_,priceMultiplier,0,
f_35708_,fromItem,0,
f_35710_,emeraldCost,0,
f_35711_,toItem,0,
f_35713_,maxUses,0,
f_35714_,villagerXp,0,
f_35715_,priceMultiplier,0,
f_35734_,itemStack,0,
f_35735_,emeraldCost,0,
f_35737_,maxUses,0,
f_35738_,villagerXp,0,
f_35739_,priceMultiplier,0,
f_35784_,toItem,0,
f_35785_,toCount,0,
f_35786_,emeraldCost,0,
f_35787_,maxUses,0,
f_35788_,villagerXp,0,
f_35789_,fromItem,0,
f_35790_,fromCount,0,
f_35791_,priceMultiplier,0,
f_35805_,emeraldCost,0,
f_35806_,destination,0,
f_35807_,destinationType,0,
f_35808_,maxUses,0,
f_35809_,villagerXp,0,
f_35819_,DESERT,0,
f_35820_,JUNGLE,0,
f_35821_,PLAINS,0,
f_35822_,SAVANNA,0,
f_35823_,SNOW,0,
f_35824_,SWAMP,0,
f_35825_,TAIGA,0,
f_35826_,name,0,
f_35827_,BY_BIOME,0,
f_35840_,wanderTarget,0,
f_35841_,despawnDelay,0,
f_35893_,trader,0,
f_35894_,stopDistance,0,
f_35895_,speedModifier,0,
f_35896_,this$0,0,
f_35908_,random,0,
f_35909_,serverLevelData,0,
f_35910_,tickDelay,0,
f_35911_,spawnDelay,0,
f_35912_,spawnChance,0,
f_35934_,invulnerable,0,
f_35935_,flying,0,
f_35936_,mayfly,0,
f_35937_,instabuild,0,
f_35938_,mayBuild,0,
f_35939_,flyingSpeed,0,
f_35940_,walkingSpeed,0,
f_35955_,BY_ID,0,
f_35956_,id,0,
f_35957_,key,0,
f_35974_,items,0,
f_35975_,armor,0,
f_35976_,offhand,0,
f_35977_,selected,0,
f_35978_,player,0,
f_35979_,compartments,0,
f_35981_,timesChanged,0,
f_36074_,POSES,0,
f_36075_,zCloak,0,
f_36076_,wasUnderwater,0,
f_36077_,abilities,0,
f_36078_,experienceLevel,0,
f_36079_,totalExperience,0,
f_36080_,experienceProgress,0,
f_36081_,enchantmentSeed,0,
f_36082_,defaultFlySpeed,0,
f_36083_,fishing,0,
f_36084_,gameProfile,0,
f_36085_,reducedDebugInfo,0,
f_36086_,lastItemInMainHand,0,
f_36087_,cooldowns,0,
f_36088_,STANDING_DIMENSIONS,0,
f_36089_,DATA_PLAYER_MODE_CUSTOMISATION,0,
f_36090_,DATA_PLAYER_MAIN_HAND,0,
f_36091_,DATA_SHOULDER_LEFT,0,
f_36092_,DATA_SHOULDER_RIGHT,0,
f_36093_,inventory,0,
f_36094_,enderChestInventory,0,
f_36095_,inventoryMenu,0,
f_36096_,containerMenu,0,
f_36097_,foodData,0,
f_36098_,jumpTriggerTime,0,
f_36099_,oBob,0,
f_36100_,bob,0,
f_36101_,takeXpDelay,0,
f_36102_,xCloakO,0,
f_36103_,yCloakO,0,
f_36104_,zCloakO,0,
f_36105_,xCloak,0,
f_36106_,yCloak,0,
f_36107_,DATA_PLAYER_ABSORPTION_ID,0,
f_36108_,DATA_SCORE_ID,0,
f_36109_,timeEntitySatOnShoulder,0,
f_36110_,sleepCounter,0,
f_36111_,lastLevelUpTime,0,
f_36413_,message,0,
f_36434_,bit,0,
f_36435_,mask,0,
f_36436_,id,0,
f_36437_,name,0,
f_36451_,contents,0,
f_36498_,this$0,0,
f_36499_,recipe,0,
f_36500_,ingredients,0,
f_36501_,ingredientCount,0,
f_36502_,items,0,
f_36503_,itemCount,0,
f_36504_,data,0,
f_36505_,path,0,
f_36551_,entityType,0,
f_36552_,distanceToPlayer,0,
f_36553_,location,0,
f_36554_,effects,0,
f_36555_,nbt,0,
f_36556_,flags,0,
f_36557_,equipment,0,
f_36560_,vehicle,0,
f_36561_,targetedEntity,0,
f_36562_,team,0,
f_36619_,entityType,0,
f_36620_,distanceToPlayer,0,
f_36621_,location,0,
f_36622_,effects,0,
f_36623_,nbt,0,
f_36624_,flags,0,
f_36625_,equipment,0,
f_36628_,vehicle,0,
f_36629_,targetedEntity,0,
f_36630_,team,0,
f_36696_,lastState,0,
f_36697_,life,0,
f_36698_,baseDamage,0,
f_36699_,knockback,0,
f_36700_,soundEvent,0,
f_36701_,piercingIgnoreEntityIds,0,
f_36702_,piercedAndKilledEntities,0,
f_36703_,inGround,0,
f_36704_,inGroundTime,0,
f_36705_,pickup,0,
f_36706_,shakeTime,0,
f_36707_,ID_FLAGS,0,
f_36708_,PIERCE_LEVEL,0,
f_36813_,xPower,0,
f_36814_,yPower,0,
f_36815_,zPower,0,
f_36854_,ID_EFFECT_COLOR,0,
f_36916_,warmupDelayTicks,0,
f_36917_,sentSpikeEvent,0,
f_36918_,lifeTicks,0,
f_36919_,clientSideAttackStarted,0,
f_36920_,owner,0,
f_36921_,ownerUUID,0,
f_36949_,DATA_ITEM_STACK,0,
f_36950_,tx,0,
f_36951_,ty,0,
f_36952_,tz,0,
f_36953_,life,0,
f_36954_,surviveAfterDeath,0,
f_36987_,DATA_ITEM_STACK,0,
f_37019_,DATA_ID_FIREWORKS_ITEM,0,
f_37020_,DATA_ATTACHED_TO_TARGET,0,
f_37021_,DATA_SHOT_AT_ANGLE,0,
f_37022_,life,0,
f_37023_,lifetime,0,
f_37024_,attachedToEntity,0,
f_37089_,nibble,0,
f_37090_,timeUntilLured,0,
f_37091_,timeUntilHooked,0,
f_37092_,fishAngle,0,
f_37093_,openWater,0,
f_37094_,hookedIn,0,
f_37095_,currentState,0,
f_37096_,luck,0,
f_37097_,lureSpeed,0,
f_37098_,syncronizedRandom,0,
f_37099_,biting,0,
f_37100_,outOfWaterTime,0,
f_37101_,DATA_HOOKED_ENTITY,0,
f_37102_,DATA_BITING,0,
f_37103_,life,0,
f_37197_,explosionPower,0,
f_37244_,ownerUUID,0,
f_37246_,leftOwner,0,
f_37311_,targetId,0,
f_37312_,finalTarget,0,
f_37313_,currentMoveDirection,0,
f_37314_,flightSteps,0,
f_37315_,targetDeltaX,0,
f_37316_,targetDeltaY,0,
f_37317_,targetDeltaZ,0,
f_37409_,duration,0,
f_37429_,DATA_ITEM_STACK,0,
f_37554_,ID_FOIL,0,
f_37556_,dealtDamage,0,
f_37557_,clientSideReturnTridentTickCount,0,
f_37558_,ID_LOYALTY,0,
f_37595_,DATA_DANGEROUS,0,
f_37665_,RAID_NAME_COMPONENT,0,
f_37668_,RAID_BAR_VICTORY_COMPONENT,0,
f_37669_,RAID_BAR_DEFEAT_COMPONENT,0,
f_37670_,groupToLeaderMap,0,
f_37671_,groupRaiderMap,0,
f_37672_,heroesOfTheVillage,0,
f_37673_,ticksActive,0,
f_37674_,center,0,
f_37675_,level,0,
f_37676_,started,0,
f_37677_,id,0,
f_37678_,totalHealth,0,
f_37680_,active,0,
f_37681_,groupsSpawned,0,
f_37682_,raidEvent,0,
f_37683_,postRaidTicks,0,
f_37684_,raidCooldownTicks,0,
f_37685_,random,0,
f_37686_,numGroups,0,
f_37687_,status,0,
f_37688_,celebrationTicks,0,
f_37689_,waveSpawnPos,0,
f_37788_,$SwitchMap$net$minecraft$world$Difficulty,0,
f_37794_,VALUES,0,
f_37813_,VALUES,0,
f_37814_,entityType,0,
f_37815_,spawnsPerWaveBeforeBonus,0,
f_37831_,ALLOWED_ITEMS,0,
f_37832_,wave,0,
f_37833_,canJoinRaid,0,
f_37834_,ticksOutsideRaid,0,
f_37835_,IS_CELEBRATING,0,
f_37836_,raid,0,
f_37901_,shoutTargeting,0,
f_37903_,mob,0,
f_37904_,hostileRadiusSqr,0,
f_37914_,mob,0,
f_37920_,this$0,0,
f_37921_,mob,0,
f_37929_,raider,0,
f_37930_,speedModifier,0,
f_37931_,poiPos,0,
f_37932_,visited,0,
f_37933_,distanceToPoi,0,
f_37934_,stuck,0,
f_37951_,raidMap,0,
f_37952_,level,0,
f_37953_,nextAvailableID,0,
f_37954_,tick,0,
f_37978_,CORE,0,
f_37979_,IDLE,0,
f_37980_,WORK,0,
f_37981_,PLAY,0,
f_37982_,REST,0,
f_37983_,MEET,0,
f_37984_,PANIC,0,
f_37985_,RAID,0,
f_37986_,PRE_RAID,0,
f_37987_,HIDE,0,
f_37988_,FIGHT,0,
f_37989_,CELEBRATE,0,
f_37990_,ADMIRE_ITEM,0,
f_37991_,AVOID,0,
f_37992_,RIDE,0,
f_37993_,name,0,
f_37994_,hashCode,0,
f_38005_,timeStamp,0,
f_38006_,value,0,
f_38012_,EMPTY,0,
f_38013_,SIMPLE,0,
f_38014_,VILLAGER_BABY,0,
f_38015_,VILLAGER_DEFAULT,0,
f_38016_,timelines,0,
f_38035_,schedule,0,
f_38036_,transitions,0,
f_38048_,time,0,
f_38049_,activity,0,
f_38055_,keyframes,0,
f_38056_,previousIndex,0,
f_38067_,POSE_DISMOUNT_HEIGHTS,0,
f_38068_,flipped,0,
f_38069_,EXITS,0,
f_38082_,DATA_ID_DISPLAY_BLOCK,0,
f_38083_,DATA_ID_DISPLAY_OFFSET,0,
f_38084_,DATA_ID_CUSTOM_DISPLAY,0,
f_38185_,$SwitchMap$net$minecraft$world$level$block$state$properties$RailShape,0,
f_38202_,itemStacks,0,
f_38204_,lootTable,0,
f_38205_,lootTableSeed,0,
f_38257_,isAboveBubbleColumn,0,
f_38258_,bubbleColumnDirectionIsDown,0,
f_38259_,bubbleMultiplier,0,
f_38260_,bubbleAngle,0,
f_38261_,bubbleAngleO,0,
f_38262_,DATA_ID_BUBBLE_TIME,0,
f_38263_,paddlePositions,0,
f_38264_,invFriction,0,
f_38265_,outOfControlTicks,0,
f_38266_,deltaRotation,0,
f_38267_,lerpSteps,0,
f_38268_,lerpX,0,
f_38269_,lerpY,0,
f_38270_,lerpZ,0,
f_38271_,lerpYRot,0,
f_38272_,lerpXRot,0,
f_38273_,inputLeft,0,
f_38274_,inputRight,0,
f_38275_,inputUp,0,
f_38276_,inputDown,0,
f_38277_,waterLevel,0,
f_38278_,landFriction,0,
f_38279_,status,0,
f_38280_,oldStatus,0,
f_38281_,lastYd,0,
f_38285_,DATA_ID_TYPE,0,
f_38286_,DATA_ID_PADDLE_LEFT,0,
f_38287_,DATA_ID_PADDLE_RIGHT,0,
f_38420_,name,0,
f_38421_,planks,0,
f_38503_,DATA_ID_COMMAND_NAME,0,
f_38504_,DATA_ID_LAST_OUTPUT,0,
f_38505_,commandBlock,0,
f_38506_,lastActivated,0,
f_38537_,this$0,0,
f_38545_,xPush,0,
f_38546_,zPush,0,
f_38547_,DATA_ID_FUEL,0,
f_38548_,fuel,0,
f_38549_,INGREDIENT,0,
f_38580_,enabled,0,
f_38621_,spawner,0,
f_38640_,this$0,0,
f_38647_,fuse,0,
f_38696_,foodLevel,0,
f_38697_,saturationLevel,0,
f_38698_,exhaustionLevel,0,
f_38699_,tickTimer,0,
f_38700_,lastFoodLevel,0,
f_38723_,nutrition,0,
f_38726_,canAlwaysEat,0,
f_38728_,effects,0,
f_38750_,nutrition,0,
f_38751_,saturationModifier,0,
f_38753_,canAlwaysEat,0,
f_38755_,effects,0,
f_38787_,item,0,
f_38797_,POISONOUS_POTATO,0,
f_38798_,PORKCHOP,0,
f_38799_,POTATO,0,
f_38800_,PUFFERFISH,0,
f_38801_,PUMPKIN_PIE,0,
f_38802_,RABBIT,0,
f_38803_,RABBIT_STEW,0,
f_38804_,ROTTEN_FLESH,0,
f_38805_,SALMON,0,
f_38806_,SPIDER_EYE,0,
f_38807_,SUSPICIOUS_STEW,0,
f_38808_,SWEET_BERRIES,0,
f_38809_,TROPICAL_FISH,0,
f_38810_,APPLE,0,
f_38811_,BAKED_POTATO,0,
f_38812_,BEEF,0,
f_38813_,BEETROOT,0,
f_38814_,BEETROOT_SOUP,0,
f_38815_,BREAD,0,
f_38816_,CARROT,0,
f_38817_,CHICKEN,0,
f_38818_,CHORUS_FRUIT,0,
f_38819_,COD,0,
f_38820_,COOKED_BEEF,0,
f_38821_,COOKED_CHICKEN,0,
f_38822_,COOKED_COD,0,
f_38823_,COOKED_MUTTON,0,
f_38824_,COOKED_PORKCHOP,0,
f_38825_,COOKED_RABBIT,0,
f_38826_,COOKED_SALMON,0,
f_38827_,COOKIE,0,
f_38828_,DRIED_KELP,0,
f_38829_,ENCHANTED_GOLDEN_APPLE,0,
f_38830_,GOLDEN_APPLE,0,
f_38831_,GOLDEN_CARROT,0,
f_38832_,HONEY_BOTTLE,0,
f_38833_,MELON_SLICE,0,
f_38834_,MUSHROOM_STEW,0,
f_38835_,MUTTON,0,
f_38839_,slots,0,
f_38840_,containerId,0,
f_38841_,lastSlots,0,
f_38842_,dataSlots,0,
f_38843_,menuType,0,
f_38845_,quickcraftType,0,
f_38846_,quickcraftStatus,0,
f_38847_,quickcraftSlots,0,
f_38848_,containerListeners,0,
f_38954_,level,0,
f_38955_,container,0,
f_38956_,data,0,
f_38957_,recipeType,0,
f_38958_,recipeBookType,0,
f_38999_,LOGGER,0,
f_39000_,repairItemCountCost,0,
f_39001_,itemName,0,
f_39002_,cost,0,
f_39031_,beacon,0,
f_39032_,paymentSlot,0,
f_39033_,access,0,
f_39034_,beaconData,0,
f_39086_,brewingStand,0,
f_39087_,brewingStandData,0,
f_39088_,ingredientSlot,0,
f_39135_,container,0,
f_39136_,access,0,
f_39137_,lastSoundTime,0,
f_39138_,resultContainer,0,
f_39177_,this$0,0,
f_39182_,this$0,0,
f_39204_,val$access,0,
f_39205_,this$0,0,
f_39221_,container,0,
f_39222_,containerRows,0,
f_39287_,NULL,0,
f_39305_,val$level,0,
f_39306_,val$pos,0,
f_39348_,craftSlots,0,
f_39349_,resultSlots,0,
f_39350_,access,0,
f_39351_,player,0,
f_39399_,prevValue,0,
f_39410_,val$container,0,
f_39411_,val$dataId,0,
f_39418_,val$storage,0,
f_39419_,val$index,0,
f_39426_,value,0,
f_39431_,dispenser,0,
f_39446_,costs,0,
f_39447_,enchantClue,0,
f_39448_,levelClue,0,
f_39449_,enchantSlots,0,
f_39450_,access,0,
f_39451_,random,0,
f_39452_,enchantmentSeed,0,
f_39494_,this$0,0,
f_39518_,menu,0,
f_39539_,player,0,
f_39540_,removeCount,0,
f_39559_,resultSlots,0,
f_39560_,repairSlots,0,
f_39561_,access,0,
f_39594_,this$0,0,
f_39617_,val$access,0,
f_39618_,this$0,0,
f_39638_,hopper,0,
f_39653_,horseContainer,0,
f_39654_,horse,0,
f_39667_,val$horse,0,
f_39679_,val$horse,0,
f_39692_,BLOCK_ATLAS,0,
f_39693_,EMPTY_ARMOR_SLOT_HELMET,0,
f_39694_,EMPTY_ARMOR_SLOT_CHESTPLATE,0,
f_39695_,EMPTY_ARMOR_SLOT_LEGGINGS,0,
f_39696_,EMPTY_ARMOR_SLOT_BOOTS,0,
f_39697_,EMPTY_ARMOR_SLOT_SHIELD,0,
f_39698_,active,0,
f_39699_,TEXTURE_EMPTY_SLOTS,0,
f_39700_,SLOT_IDS,0,
f_39701_,craftSlots,0,
f_39702_,resultSlots,0,
f_39703_,owner,0,
f_39733_,val$slot,0,
f_39756_,ANY,0,
f_39757_,inOpenWater,0,
f_39768_,resultSlots,0,
f_39769_,inputSlots,0,
f_39770_,access,0,
f_39771_,player,0,
f_39805_,this$0,0,
f_39819_,lectern,0,
f_39820_,lecternData,0,
f_39837_,this$0,0,
f_39845_,access,0,
f_39846_,selectedBannerPatternIndex,0,
f_39847_,slotUpdateListener,0,
f_39848_,bannerSlot,0,
f_39849_,dyeSlot,0,
f_39850_,patternSlot,0,
f_39851_,resultSlot,0,
f_39852_,lastSoundTime,0,
f_39853_,inputContainer,0,
f_39854_,outputContainer,0,
f_39900_,this$0,0,
f_39905_,this$0,0,
f_39937_,val$access,0,
f_39938_,this$0,0,
f_39957_,GENERIC_9x1,0,
f_39958_,GENERIC_9x2,0,
f_39959_,GENERIC_9x3,0,
f_39960_,GENERIC_9x4,0,
f_39961_,GENERIC_9x5,0,
f_39962_,GENERIC_9x6,0,
f_39963_,GENERIC_3x3,0,
f_39964_,ANVIL,0,
f_39965_,BEACON,0,
f_39966_,BLAST_FURNACE,0,
f_39967_,BREWING_STAND,0,
f_39968_,CRAFTING,0,
f_39969_,ENCHANTMENT,0,
f_39970_,FURNACE,0,
f_39971_,GRINDSTONE,0,
f_39972_,HOPPER,0,
f_39973_,LECTERN,0,
f_39974_,LOOM,0,
f_39975_,MERCHANT,0,
f_39976_,SHULKER_BOX,0,
f_39977_,SMITHING,0,
f_39978_,SMOKER,0,
f_39979_,CARTOGRAPHY_TABLE,0,
f_39980_,STONECUTTER,0,
f_39981_,constructor,0,
f_39997_,merchant,0,
f_39998_,itemStacks,0,
f_39999_,activeOffer,0,
f_40000_,selectionHint,0,
f_40001_,futureXp,0,
f_40027_,trader,0,
f_40028_,tradeContainer,0,
f_40029_,merchantLevel,0,
f_40030_,showProgressBar,0,
f_40031_,canRestock,0,
f_40078_,slots,0,
f_40079_,player,0,
f_40080_,removeCount,0,
f_40081_,merchant,0,
f_40101_,activeChest,0,
f_40140_,itemStacks,0,
f_40141_,recipeUsed,0,
f_40162_,craftSlots,0,
f_40163_,player,0,
f_40164_,removeCount,0,
f_40186_,container,0,
f_40208_,ints,0,
f_40217_,slot,0,
f_40218_,container,0,
f_40219_,index,0,
f_40220_,x,0,
f_40221_,y,0,
f_40241_,level,0,
f_40242_,selectedRecipe,0,
f_40243_,recipes,0,
f_40282_,inputSlot,0,
f_40283_,resultSlot,0,
f_40284_,container,0,
f_40285_,access,0,
f_40286_,selectedRecipeIndex,0,
f_40287_,level,0,
f_40288_,recipes,0,
f_40289_,input,0,
f_40290_,lastSoundTime,0,
f_40291_,slotUpdateListener,0,
f_40292_,resultContainer,0,
f_40344_,this$0,0,
f_40349_,val$access,0,
f_40350_,this$0,0,
f_40366_,block,0,
f_40376_,DISPENSE_ITEM_BEHAVIOR,0,
f_40379_,material,0,
f_40383_,defaultModifiers,0,
f_40435_,rod,0,
f_40436_,entity,0,
f_40437_,item,0,
f_40453_,LEATHER,0,
f_40454_,CHAIN,0,
f_40455_,IRON,0,
f_40456_,GOLD,0,
f_40457_,DIAMOND,0,
f_40458_,TURTLE,0,
f_40459_,NETHERITE,0,
f_40546_,bannerPattern,0,
f_40563_,block,0,
f_40615_,ENTITY_PREDICATE,0,
f_40616_,type,0,
f_40687_,content,0,
f_40764_,displayName,0,
f_40766_,backgroundSuffix,0,
f_40767_,canScroll,0,
f_40768_,showTitle,0,
f_40770_,iconItemStack,0,
f_40847_,startSoundPlayed,0,
f_40848_,midLoadSoundPlayed,0,
f_41032_,BY_ID,0,
f_41033_,BY_FIREWORK_COLOR,0,
f_41034_,id,0,
f_41035_,name,0,
f_41039_,textureDiffuseColors,0,
f_41040_,fireworkColor,0,
f_41041_,textColor,0,
f_41076_,ITEM_BY_COLOR,0,
f_41077_,dyeColor,0,
f_41097_,properties,0,
f_41304_,canInteractWith,0,
f_41305_,consumeItemDamage,0,
f_41322_,type,0,
f_41332_,TILLABLES,0,
f_41373_,BY_BLOCK,0,
f_41374_,BASE_ATTACK_DAMAGE_UUID,0,
f_41375_,BASE_ATTACK_SPEED_UUID,0,
f_41378_,craftingRemainingItem,0,
f_41379_,descriptionId,0,
f_41480_,craftingRemainingItem,0,
f_41515_,cooldowns,0,
f_41516_,tickCount,0,
f_41533_,startTime,0,
f_41534_,endTime,0,
f_41582_,CODEC,0,
f_41583_,EMPTY,0,
f_41585_,LOGGER,0,
f_41587_,count,0,
f_41588_,popTime,0,
f_41589_,item,0,
f_41592_,entityRepresentation,0,
f_41826_,JUNGLE_SAPLING,0,
f_41827_,ACACIA_SAPLING,0,
f_41828_,DARK_OAK_SAPLING,0,
f_41829_,BEDROCK,0,
f_41830_,SAND,0,
f_41831_,RED_SAND,0,
f_41832_,GRAVEL,0,
f_41833_,GOLD_ORE,0,
f_41834_,IRON_ORE,0,
f_41835_,COAL_ORE,0,
f_41836_,NETHER_GOLD_ORE,0,
f_41837_,OAK_LOG,0,
f_41838_,SPRUCE_LOG,0,
f_41839_,BIRCH_LOG,0,
f_41840_,JUNGLE_LOG,0,
f_41841_,ACACIA_LOG,0,
f_41842_,DARK_OAK_LOG,0,
f_41843_,CRIMSON_STEM,0,
f_41844_,WARPED_STEM,0,
f_41845_,STRIPPED_OAK_LOG,0,
f_41846_,STRIPPED_SPRUCE_LOG,0,
f_41847_,STRIPPED_BIRCH_LOG,0,
f_41848_,STRIPPED_JUNGLE_LOG,0,
f_41849_,STRIPPED_ACACIA_LOG,0,
f_41850_,STRIPPED_DARK_OAK_LOG,0,
f_41851_,STRIPPED_CRIMSON_STEM,0,
f_41852_,AIR,0,
f_41853_,LAPIS_ORE,0,
f_41854_,LAPIS_BLOCK,0,
f_41855_,DISPENSER,0,
f_41856_,SANDSTONE,0,
f_41857_,CHISELED_SANDSTONE,0,
f_41858_,CUT_SANDSTONE,0,
f_41859_,NOTE_BLOCK,0,
f_41860_,POWERED_RAIL,0,
f_41861_,DETECTOR_RAIL,0,
f_41862_,STICKY_PISTON,0,
f_41863_,COBWEB,0,
f_41865_,FERN,0,
f_41866_,DEAD_BUSH,0,
f_41867_,SEAGRASS,0,
f_41868_,SEA_PICKLE,0,
f_41869_,PISTON,0,
f_41870_,WHITE_WOOL,0,
f_41871_,ORANGE_WOOL,0,
f_41872_,MAGENTA_WOOL,0,
f_41873_,LIGHT_BLUE_WOOL,0,
f_41874_,YELLOW_WOOL,0,
f_41875_,LIME_WOOL,0,
f_41876_,PINK_WOOL,0,
f_41877_,GRAY_WOOL,0,
f_41878_,LIGHT_GRAY_WOOL,0,
f_41879_,STRIPPED_WARPED_STEM,0,
f_41880_,STRIPPED_OAK_WOOD,0,
f_41881_,STRIPPED_SPRUCE_WOOD,0,
f_41882_,STRIPPED_BIRCH_WOOD,0,
f_41883_,STRIPPED_JUNGLE_WOOD,0,
f_41884_,STRIPPED_ACACIA_WOOD,0,
f_41885_,STRIPPED_DARK_OAK_WOOD,0,
f_41886_,STRIPPED_CRIMSON_HYPHAE,0,
f_41887_,STRIPPED_WARPED_HYPHAE,0,
f_41888_,OAK_WOOD,0,
f_41889_,SPRUCE_WOOD,0,
f_41890_,BIRCH_WOOD,0,
f_41891_,JUNGLE_WOOD,0,
f_41892_,ACACIA_WOOD,0,
f_41893_,DARK_OAK_WOOD,0,
f_41894_,CRIMSON_HYPHAE,0,
f_41895_,WARPED_HYPHAE,0,
f_41896_,OAK_LEAVES,0,
f_41897_,SPRUCE_LEAVES,0,
f_41898_,BIRCH_LEAVES,0,
f_41899_,JUNGLE_LEAVES,0,
f_41900_,ACACIA_LEAVES,0,
f_41901_,DARK_OAK_LEAVES,0,
f_41902_,SPONGE,0,
f_41903_,WET_SPONGE,0,
f_41904_,GLASS,0,
f_41905_,STONE,0,
f_41906_,NETHER_SPROUTS,0,
f_41907_,WEEPING_VINES,0,
f_41908_,TWISTING_VINES,0,
f_41909_,SUGAR_CANE,0,
f_41910_,KELP,0,
f_41911_,BAMBOO,0,
f_41912_,GOLD_BLOCK,0,
f_41913_,IRON_BLOCK,0,
f_41914_,OAK_SLAB,0,
f_41915_,SPRUCE_SLAB,0,
f_41916_,BIRCH_SLAB,0,
f_41917_,JUNGLE_SLAB,0,
f_41918_,ACACIA_SLAB,0,
f_41919_,DARK_OAK_SLAB,0,
f_41920_,CRIMSON_SLAB,0,
f_41921_,WARPED_SLAB,0,
f_41922_,STONE_SLAB,0,
f_41923_,SMOOTH_STONE_SLAB,0,
f_41924_,SANDSTONE_SLAB,0,
f_41925_,CUT_STANDSTONE_SLAB,0,
f_41926_,PETRIFIED_OAK_SLAB,0,
f_41927_,COBBLESTONE_SLAB,0,
f_41928_,BRICK_SLAB,0,
f_41929_,STONE_BRICK_SLAB,0,
f_41930_,NETHER_BRICK_SLAB,0,
f_41931_,QUARTZ_SLAB,0,
f_41932_,CYAN_WOOL,0,
f_41933_,PURPLE_WOOL,0,
f_41934_,BLUE_WOOL,0,
f_41935_,BROWN_WOOL,0,
f_41936_,GREEN_WOOL,0,
f_41937_,RED_WOOL,0,
f_41938_,BLACK_WOOL,0,
f_41939_,DANDELION,0,
f_41940_,POPPY,0,
f_41941_,BLUE_ORCHID,0,
f_41942_,ALLIUM,0,
f_41943_,AZURE_BLUET,0,
f_41944_,RED_TULIP,0,
f_41945_,ORANGE_TULIP,0,
f_41946_,WHITE_TULIP,0,
f_41947_,PINK_TULIP,0,
f_41948_,OXEYE_DAISY,0,
f_41949_,CORNFLOWER,0,
f_41950_,LILY_OF_THE_VALLEY,0,
f_41951_,WITHER_ROSE,0,
f_41952_,BROWN_MUSHROOM,0,
f_41953_,RED_MUSHROOM,0,
f_41954_,CRIMSON_FUNGUS,0,
f_41955_,WARPED_FUNGUS,0,
f_41956_,CRIMSON_ROOTS,0,
f_41957_,WARPED_ROOTS,0,
f_41958_,GRANITE,0,
f_41959_,DIAMOND_BLOCK,0,
f_41960_,CRAFTING_TABLE,0,
f_41961_,FARMLAND,0,
f_41962_,FURNACE,0,
f_41963_,LADDER,0,
f_41964_,RAIL,0,
f_41965_,COBBLESTONE_STAIRS,0,
f_41966_,LEVER,0,
f_41967_,STONE_PRESSURE_PLATE,0,
f_41968_,OAK_PRESSURE_PLATE,0,
f_41969_,SPRUCE_PRESSURE_PLATE,0,
f_41970_,BIRCH_PRESSURE_PLATE,0,
f_41971_,JUNGLE_PRESSURE_PLATE,0,
f_41972_,ACACIA_PRESSURE_PLATE,0,
f_41973_,DARK_OAK_PRESSURE_PLATE,0,
f_41974_,CRIMSON_PRESSURE_PLATE,0,
f_41975_,WARPED_PRESSURE_PLATE,0,
f_41976_,POLISHED_BLACKSTONE_PRESSURE_PLATE,0,
f_41977_,REDSTONE_ORE,0,
f_41978_,REDSTONE_TORCH,0,
f_41979_,SNOW,0,
f_41980_,ICE,0,
f_41981_,SNOW_BLOCK,0,
f_41982_,CACTUS,0,
f_41983_,CLAY,0,
f_41984_,JUKEBOX,0,
f_41985_,RED_SANDSTONE_SLAB,0,
f_41986_,CUT_RED_SANDSTONE_SLAB,0,
f_41987_,PURPUR_SLAB,0,
f_41988_,PRISMARINE_SLAB,0,
f_41989_,PRISMARINE_BRICK_SLAB,0,
f_41990_,DARK_PRISMARINE_SLAB,0,
f_41991_,SMOOTH_QUARTZ,0,
f_41992_,SMOOTH_RED_SANDSTONE,0,
f_41993_,SMOOTH_SANDSTONE,0,
f_41994_,SMOOTH_STONE,0,
f_41995_,BRICKS,0,
f_41996_,TNT,0,
f_41997_,BOOKSHELF,0,
f_41998_,MOSSY_COBBLESTONE,0,
f_41999_,OBSIDIAN,0,
f_42000_,TORCH,0,
f_42001_,END_ROD,0,
f_42002_,CHORUS_PLANT,0,
f_42003_,CHORUS_FLOWER,0,
f_42004_,PURPUR_BLOCK,0,
f_42005_,PURPUR_PILLAR,0,
f_42006_,PURPUR_STAIRS,0,
f_42007_,SPAWNER,0,
f_42008_,OAK_STAIRS,0,
f_42009_,CHEST,0,
f_42010_,DIAMOND_ORE,0,
f_42011_,POLISHED_GRANITE,0,
f_42012_,INFESTED_STONE,0,
f_42013_,INFESTED_COBBLESTONE,0,
f_42014_,INFESTED_STONE_BRICKS,0,
f_42015_,INFESTED_MOSSY_STONE_BRICKS,0,
f_42016_,INFESTED_CRACKED_STONE_BRICKS,0,
f_42017_,INFESTED_CHISELED_STONE_BRICKS,0,
f_42018_,STONE_BRICKS,0,
f_42019_,MOSSY_STONE_BRICKS,0,
f_42020_,CRACKED_STONE_BRICKS,0,
f_42021_,CHISELED_STONE_BRICKS,0,
f_42022_,BROWN_MUSHROOM_BLOCK,0,
f_42023_,RED_MUSHROOM_BLOCK,0,
f_42024_,MUSHROOM_STEM,0,
f_42025_,IRON_BARS,0,
f_42026_,CHAIN,0,
f_42027_,GLASS_PANE,0,
f_42028_,MELON,0,
f_42029_,VINE,0,
f_42030_,OAK_FENCE_GATE,0,
f_42031_,SPRUCE_FENCE_GATE,0,
f_42032_,BIRCH_FENCE_GATE,0,
f_42033_,JUNGLE_FENCE_GATE,0,
f_42034_,ACACIA_FENCE_GATE,0,
f_42035_,DARK_OAK_FENCE_GATE,0,
f_42036_,CRIMSON_FENCE_GATE,0,
f_42037_,WARPED_FENCE_GATE,0,
f_42038_,OAK_FENCE,0,
f_42039_,SPRUCE_FENCE,0,
f_42040_,BIRCH_FENCE,0,
f_42041_,JUNGLE_FENCE,0,
f_42042_,ACACIA_FENCE,0,
f_42043_,DARK_OAK_FENCE,0,
f_42044_,CRIMSON_FENCE,0,
f_42045_,WARPED_FENCE,0,
f_42046_,PUMPKIN,0,
f_42047_,CARVED_PUMPKIN,0,
f_42048_,NETHERRACK,0,
f_42049_,SOUL_SAND,0,
f_42050_,SOUL_SOIL,0,
f_42051_,BASALT,0,
f_42052_,POLISHED_BASALT,0,
f_42053_,SOUL_TORCH,0,
f_42054_,GLOWSTONE,0,
f_42055_,JACK_O_LANTERN,0,
f_42056_,OAK_TRAPDOOR,0,
f_42057_,SPRUCE_TRAPDOOR,0,
f_42058_,BIRCH_TRAPDOOR,0,
f_42059_,JUNGLE_TRAPDOOR,0,
f_42060_,ACACIA_TRAPDOOR,0,
f_42061_,DARK_OAK_TRAPDOOR,0,
f_42062_,CRIMSON_TRAPDOOR,0,
f_42063_,WARPED_TRAPDOOR,0,
f_42064_,DIORITE,0,
f_42065_,BEACON,0,
f_42066_,COBBLESTONE_WALL,0,
f_42067_,MOSSY_COBBLESTONE_WALL,0,
f_42068_,BRICK_WALL,0,
f_42069_,PRISMARINE_WALL,0,
f_42070_,RED_SANDSTONE_WALL,0,
f_42071_,MOSSY_STONE_BRICK_WALL,0,
f_42072_,GRANITE_WALL,0,
f_42073_,STONE_BRICK_WALL,0,
f_42074_,NETHER_BRICK_WALL,0,
f_42075_,ANDESITE_WALL,0,
f_42076_,RED_NETHER_BRICK_WALL,0,
f_42077_,SANDSTONE_WALL,0,
f_42078_,END_STONE_BRICK_WALL,0,
f_42079_,DIORITE_WALL,0,
f_42080_,BLACKSTONE_WALL,0,
f_42081_,POLISHED_BLACKSTONE_WALL,0,
f_42082_,POLISHED_BLACKSTONE_BRICK_WALL,0,
f_42083_,STONE_BUTTON,0,
f_42084_,OAK_BUTTON,0,
f_42085_,SPRUCE_BUTTON,0,
f_42086_,BIRCH_BUTTON,0,
f_42087_,JUNGLE_BUTTON,0,
f_42088_,ACACIA_BUTTON,0,
f_42089_,DARK_OAK_BUTTON,0,
f_42090_,CRIMSON_BUTTON,0,
f_42091_,BRICK_STAIRS,0,
f_42092_,STONE_BRICK_STAIRS,0,
f_42093_,MYCELIUM,0,
f_42094_,LILY_PAD,0,
f_42095_,NETHER_BRICKS,0,
f_42096_,CRACKED_NETHER_BRICKS,0,
f_42097_,CHISELED_NETHER_BRICKS,0,
f_42098_,NETHER_BRICK_FENCE,0,
f_42099_,NETHER_BRICK_STAIRS,0,
f_42100_,ENCHANTING_TABLE,0,
f_42101_,END_PORTAL_FRAME,0,
f_42102_,END_STONE,0,
f_42103_,END_STONE_BRICKS,0,
f_42104_,DRAGON_EGG,0,
f_42105_,REDSTONE_LAMP,0,
f_42106_,SANDSTONE_STAIRS,0,
f_42107_,EMERALD_ORE,0,
f_42108_,ENDER_CHEST,0,
f_42109_,TRIPWIRE_HOOK,0,
f_42110_,EMERALD_BLOCK,0,
f_42111_,SPRUCE_STAIRS,0,
f_42112_,BIRCH_STAIRS,0,
f_42113_,JUNGLE_STAIRS,0,
f_42114_,CRIMSON_STAIRS,0,
f_42115_,WARPED_STAIRS,0,
f_42116_,COMMAND_BLOCK,0,
f_42117_,POLISHED_DIORITE,0,
f_42118_,GRAY_TERRACOTTA,0,
f_42119_,LIGHT_GRAY_TERRACOTTA,0,
f_42120_,CYAN_TERRACOTTA,0,
f_42121_,PURPLE_TERRACOTTA,0,
f_42122_,BLUE_TERRACOTTA,0,
f_42123_,BROWN_TERRACOTTA,0,
f_42124_,GREEN_TERRACOTTA,0,
f_42125_,RED_TERRACOTTA,0,
f_42126_,BLACK_TERRACOTTA,0,
f_42127_,BARRIER,0,
f_42128_,IRON_TRAPDOOR,0,
f_42129_,HAY_BLOCK,0,
f_42130_,WHITE_CARPET,0,
f_42131_,ORANGE_CARPET,0,
f_42132_,MAGENTA_CARPET,0,
f_42133_,LIGHT_BLUE_CARPET,0,
f_42134_,YELLOW_CARPET,0,
f_42135_,LIME_CARPET,0,
f_42136_,PINK_CARPET,0,
f_42137_,GRAY_CARPET,0,
f_42138_,LIGHT_GRAY_CARPET,0,
f_42139_,CYAN_CARPET,0,
f_42140_,PURPLE_CARPET,0,
f_42141_,BLUE_CARPET,0,
f_42142_,BROWN_CARPET,0,
f_42143_,GREEN_CARPET,0,
f_42144_,WARPED_BUTTON,0,
f_42145_,POLISHED_BLACKSTONE_BUTTON,0,
f_42146_,ANVIL,0,
f_42147_,CHIPPED_ANVIL,0,
f_42148_,DAMAGED_ANVIL,0,
f_42149_,TRAPPED_CHEST,0,
f_42150_,LIGHT_WEIGHTED_PRESSURE_PLATE,0,
f_42151_,HEAVY_WEIGHTED_PRESSURE_PLATE,0,
f_42152_,DAYLIGHT_DETECTOR,0,
f_42153_,REDSTONE_BLOCK,0,
f_42154_,NETHER_QUARTZ_ORE,0,
f_42155_,HOPPER,0,
f_42156_,CHISELED_QUARTZ_BLOCK,0,
f_42157_,QUARTZ_BLOCK,0,
f_42158_,QUARTZ_BRICKS,0,
f_42159_,QUARTZ_PILLAR,0,
f_42160_,QUARTZ_STAIRS,0,
f_42161_,ACTIVATOR_RAIL,0,
f_42162_,DROPPER,0,
f_42163_,WHITE_TERRACOTTA,0,
f_42164_,ORANGE_TERRACOTTA,0,
f_42165_,MAGENTA_TERRACOTTA,0,
f_42166_,LIGHT_BLUE_TERRACOTTA,0,
f_42167_,YELLOW_TERRACOTTA,0,
f_42168_,LIME_TERRACOTTA,0,
f_42169_,PINK_TERRACOTTA,0,
f_42170_,ANDESITE,0,
f_42171_,BLUE_STAINED_GLASS,0,
f_42172_,BROWN_STAINED_GLASS,0,
f_42173_,GREEN_STAINED_GLASS,0,
f_42174_,RED_STAINED_GLASS,0,
f_42175_,BLACK_STAINED_GLASS,0,
f_42176_,WHITE_STAINED_GLASS_PANE,0,
f_42177_,ORANGE_STAINED_GLASS_PANE,0,
f_42178_,MAGENTA_STAINED_GLASS_PANE,0,
f_42179_,LIGHT_BLUE_STAINED_GLASS_PANE,0,
f_42180_,YELLOW_STAINED_GLASS_PANE,0,
f_42181_,LIME_STAINED_GLASS_PANE,0,
f_42182_,PINK_STAINED_GLASS_PANE,0,
f_42183_,GRAY_STAINED_GLASS_PANE,0,
f_42184_,LIGHT_GRAY_STAINED_GLASS_PANE,0,
f_42185_,CYAN_STAINED_GLASS_PANE,0,
f_42186_,PURPLE_STAINED_GLASS_PANE,0,
f_42187_,BLUE_STAINED_GLASS_PANE,0,
f_42188_,BROWN_STAINED_GLASS_PANE,0,
f_42189_,GREEN_STAINED_GLASS_PANE,0,
f_42190_,RED_STAINED_GLASS_PANE,0,
f_42191_,BLACK_STAINED_GLASS_PANE,0,
f_42192_,PRISMARINE,0,
f_42193_,PRISMARINE_BRICKS,0,
f_42194_,DARK_PRISMARINE,0,
f_42195_,PRISMARINE_STAIRS,0,
f_42196_,PRISMARINE_BRICK_STAIRS,0,
f_42197_,RED_CARPET,0,
f_42198_,BLACK_CARPET,0,
f_42199_,TERRACOTTA,0,
f_42200_,COAL_BLOCK,0,
f_42201_,PACKED_ICE,0,
f_42202_,ACACIA_STAIRS,0,
f_42203_,DARK_OAK_STAIRS,0,
f_42204_,SLIME_BLOCK,0,
f_42206_,SUNFLOWER,0,
f_42207_,LILAC,0,
f_42208_,ROSE_BUSH,0,
f_42209_,PEONY,0,
f_42210_,TALL_GRASS,0,
f_42211_,LARGE_FERN,0,
f_42212_,WHITE_STAINED_GLASS,0,
f_42213_,ORANGE_STAINED_GLASS,0,
f_42214_,MAGENTA_STAINED_GLASS,0,
f_42215_,LIGHT_BLUE_STAINED_GLASS,0,
f_42216_,YELLOW_STAINED_GLASS,0,
f_42217_,LIME_STAINED_GLASS,0,
f_42218_,PINK_STAINED_GLASS,0,
f_42219_,GRAY_STAINED_GLASS,0,
f_42220_,LIGHT_GRAY_STAINED_GLASS,0,
f_42221_,CYAN_STAINED_GLASS,0,
f_42222_,PURPLE_STAINED_GLASS,0,
f_42223_,POLISHED_ANDESITE,0,
f_42224_,PURPLE_SHULKER_BOX,0,
f_42225_,BLUE_SHULKER_BOX,0,
f_42226_,BROWN_SHULKER_BOX,0,
f_42227_,GREEN_SHULKER_BOX,0,
f_42228_,RED_SHULKER_BOX,0,
f_42229_,BLACK_SHULKER_BOX,0,
f_42230_,WHITE_GLAZED_TERRACOTTA,0,
f_42231_,ORANGE_GLAZED_TERRACOTTA,0,
f_42232_,MAGENTA_GLAZED_TERRACOTTA,0,
f_42233_,LIGHT_BLUE_GLAZED_TERRACOTTA,0,
f_42234_,YELLOW_GLAZED_TERRACOTTA,0,
f_42235_,LIME_GLAZED_TERRACOTTA,0,
f_42236_,PINK_GLAZED_TERRACOTTA,0,
f_42237_,GRAY_GLAZED_TERRACOTTA,0,
f_42238_,LIGHT_GRAY_GLAZED_TERRACOTTA,0,
f_42239_,CYAN_GLAZED_TERRACOTTA,0,
f_42240_,PURPLE_GLAZED_TERRACOTTA,0,
f_42241_,BLUE_GLAZED_TERRACOTTA,0,
f_42242_,BROWN_GLAZED_TERRACOTTA,0,
f_42243_,GREEN_GLAZED_TERRACOTTA,0,
f_42244_,RED_GLAZED_TERRACOTTA,0,
f_42245_,BLACK_GLAZED_TERRACOTTA,0,
f_42246_,WHITE_CONCRETE,0,
f_42247_,ORANGE_CONCRETE,0,
f_42248_,MAGENTA_CONCRETE,0,
f_42249_,LIGHT_BLUE_CONCRETE,0,
f_42250_,DARK_PRISMARINE_STAIRS,0,
f_42251_,SEA_LANTERN,0,
f_42252_,RED_SANDSTONE,0,
f_42253_,CHISELED_RED_SANDSTONE,0,
f_42254_,CUT_RED_SANDSTONE,0,
f_42255_,RED_SANDSTONE_STAIRS,0,
f_42256_,REPEATING_COMMAND_BLOCK,0,
f_42257_,CHAIN_COMMAND_BLOCK,0,
f_42258_,MAGMA_BLOCK,0,
f_42259_,NETHER_WART_BLOCK,0,
f_42260_,WARPED_WART_BLOCK,0,
f_42261_,RED_NETHER_BRICKS,0,
f_42262_,BONE_BLOCK,0,
f_42263_,STRUCTURE_VOID,0,
f_42264_,OBSERVER,0,
f_42265_,SHULKER_BOX,0,
f_42266_,WHITE_SHULKER_BOX,0,
f_42267_,ORANGE_SHULKER_BOX,0,
f_42268_,MAGENTA_SHULKER_BOX,0,
f_42269_,LIGHT_BLUE_SHULKER_BOX,0,
f_42270_,YELLOW_SHULKER_BOX,0,
f_42271_,LIME_SHULKER_BOX,0,
f_42272_,PINK_SHULKER_BOX,0,
f_42273_,GRAY_SHULKER_BOX,0,
f_42274_,LIGHT_GRAY_SHULKER_BOX,0,
f_42275_,CYAN_SHULKER_BOX,0,
f_42276_,GRASS_BLOCK,0,
f_42277_,RED_CONCRETE_POWDER,0,
f_42278_,BLACK_CONCRETE_POWDER,0,
f_42279_,TURTLE_EGG,0,
f_42280_,DEAD_TUBE_CORAL_BLOCK,0,
f_42281_,DEAD_BRAIN_CORAL_BLOCK,0,
f_42282_,DEAD_BUBBLE_CORAL_BLOCK,0,
f_42283_,DEAD_FIRE_CORAL_BLOCK,0,
f_42284_,DEAD_HORN_CORAL_BLOCK,0,
f_42285_,TUBE_CORAL_BLOCK,0,
f_42286_,BRAIN_CORAL_BLOCK,0,
f_42287_,BUBBLE_CORAL_BLOCK,0,
f_42288_,FIRE_CORAL_BLOCK,0,
f_42289_,HORN_CORAL_BLOCK,0,
f_42290_,TUBE_CORAL,0,
f_42291_,BRAIN_CORAL,0,
f_42292_,BUBBLE_CORAL,0,
f_42293_,FIRE_CORAL,0,
f_42294_,HORN_CORAL,0,
f_42295_,DEAD_BRAIN_CORAL,0,
f_42296_,DEAD_BUBBLE_CORAL,0,
f_42297_,DEAD_FIRE_CORAL,0,
f_42298_,DEAD_HORN_CORAL,0,
f_42299_,DEAD_TUBE_CORAL,0,
f_42300_,TUBE_CORAL_FAN,0,
f_42301_,BRAIN_CORAL_FAN,0,
f_42302_,BUBBLE_CORAL_FAN,0,
f_42303_,YELLOW_CONCRETE,0,
f_42304_,LIME_CONCRETE,0,
f_42305_,PINK_CONCRETE,0,
f_42306_,GRAY_CONCRETE,0,
f_42307_,LIGHT_GRAY_CONCRETE,0,
f_42308_,CYAN_CONCRETE,0,
f_42309_,PURPLE_CONCRETE,0,
f_42310_,BLUE_CONCRETE,0,
f_42311_,BROWN_CONCRETE,0,
f_42312_,GREEN_CONCRETE,0,
f_42313_,RED_CONCRETE,0,
f_42314_,BLACK_CONCRETE,0,
f_42315_,WHITE_CONCRETE_POWDER,0,
f_42316_,ORANGE_CONCRETE_POWDER,0,
f_42317_,MAGENTA_CONCRETE_POWDER,0,
f_42318_,LIGHT_BLUE_CONCRETE_POWDER,0,
f_42319_,YELLOW_CONCRETE_POWDER,0,
f_42320_,LIME_CONCRETE_POWDER,0,
f_42321_,PINK_CONCRETE_POWDER,0,
f_42322_,GRAY_CONCRETE_POWDER,0,
f_42323_,LIGHT_GRAY_CONCRETE_POWDER,0,
f_42324_,CYAN_CONCRETE_POWDER,0,
f_42325_,PURPLE_CONCRETE_POWDER,0,
f_42326_,BLUE_CONCRETE_POWDER,0,
f_42327_,BROWN_CONCRETE_POWDER,0,
f_42328_,GREEN_CONCRETE_POWDER,0,
f_42329_,DIRT,0,
f_42330_,POLISHED_DIORITE_SLAB,0,
f_42331_,MOSSY_COBBLESTONE_SLAB,0,
f_42332_,END_STONE_BRICK_SLAB,0,
f_42333_,SMOOTH_SANDSTONE_SLAB,0,
f_42334_,SMOOTH_QUARTZ_SLAB,0,
f_42335_,GRANITE_SLAB,0,
f_42336_,ANDESITE_SLAB,0,
f_42337_,RED_NETHER_BRICK_SLAB,0,
f_42338_,POLISHED_ANDESITE_SLAB,0,
f_42339_,DIORITE_SLAB,0,
f_42340_,SCAFFOLDING,0,
f_42341_,IRON_DOOR,0,
f_42342_,OAK_DOOR,0,
f_42343_,SPRUCE_DOOR,0,
f_42344_,BIRCH_DOOR,0,
f_42345_,JUNGLE_DOOR,0,
f_42346_,ACACIA_DOOR,0,
f_42347_,DARK_OAK_DOOR,0,
f_42348_,CRIMSON_DOOR,0,
f_42349_,WARPED_DOOR,0,
f_42350_,REPEATER,0,
f_42351_,COMPARATOR,0,
f_42352_,STRUCTURE_BLOCK,0,
f_42353_,JIGSAW,0,
f_42354_,TURTLE_HELMET,0,
f_42356_,FIRE_CORAL_FAN,0,
f_42357_,HORN_CORAL_FAN,0,
f_42358_,DEAD_TUBE_CORAL_FAN,0,
f_42359_,DEAD_BRAIN_CORAL_FAN,0,
f_42360_,DEAD_BUBBLE_CORAL_FAN,0,
f_42361_,DEAD_FIRE_CORAL_FAN,0,
f_42362_,DEAD_HORN_CORAL_FAN,0,
f_42363_,BLUE_ICE,0,
f_42364_,CONDUIT,0,
f_42365_,POLISHED_GRANITE_STAIRS,0,
f_42366_,SMOOTH_RED_SANDSTONE_STAIRS,0,
f_42367_,MOSSY_STONE_BRICK_STAIRS,0,
f_42368_,POLISHED_DIORITE_STAIRS,0,
f_42369_,MOSSY_COBBLESTONE_STAIRS,0,
f_42370_,END_STONE_BRICK_STAIRS,0,
f_42371_,STONE_STAIRS,0,
f_42372_,SMOOTH_SANDSTONE_STAIRS,0,
f_42373_,SMOOTH_QUARTZ_STAIRS,0,
f_42374_,GRANITE_STAIRS,0,
f_42375_,ANDESITE_STAIRS,0,
f_42376_,RED_NETHER_BRICK_STAIRS,0,
f_42377_,POLISHED_ANDESITE_STAIRS,0,
f_42378_,DIORITE_STAIRS,0,
f_42379_,POLISHED_GRANITE_SLAB,0,
f_42380_,SMOOTH_RED_SANDSTONE_SLAB,0,
f_42381_,MOSSY_STONE_BRICK_SLAB,0,
f_42382_,COARSE_DIRT,0,
f_42383_,IRON_SWORD,0,
f_42384_,IRON_SHOVEL,0,
f_42385_,IRON_PICKAXE,0,
f_42386_,IRON_AXE,0,
f_42387_,IRON_HOE,0,
f_42388_,DIAMOND_SWORD,0,
f_42389_,DIAMOND_SHOVEL,0,
f_42390_,DIAMOND_PICKAXE,0,
f_42391_,DIAMOND_AXE,0,
f_42392_,DIAMOND_HOE,0,
f_42393_,NETHERITE_SWORD,0,
f_42394_,NETHERITE_SHOVEL,0,
f_42395_,NETHERITE_PICKAXE,0,
f_42396_,NETHERITE_AXE,0,
f_42397_,NETHERITE_HOE,0,
f_42398_,STICK,0,
f_42399_,BOWL,0,
f_42400_,MUSHROOM_STEW,0,
f_42401_,STRING,0,
f_42402_,FEATHER,0,
f_42403_,GUNPOWDER,0,
f_42404_,WHEAT_SEEDS,0,
f_42405_,WHEAT,0,
f_42406_,BREAD,0,
f_42407_,LEATHER_HELMET,0,
f_42408_,LEATHER_CHESTPLATE,0,
f_42409_,FLINT_AND_STEEL,0,
f_42410_,APPLE,0,
f_42411_,BOW,0,
f_42412_,ARROW,0,
f_42413_,COAL,0,
f_42414_,CHARCOAL,0,
f_42415_,DIAMOND,0,
f_42416_,IRON_INGOT,0,
f_42417_,GOLD_INGOT,0,
f_42418_,NETHERITE_INGOT,0,
f_42419_,NETHERITE_SCRAP,0,
f_42420_,WOODEN_SWORD,0,
f_42421_,WOODEN_SHOVEL,0,
f_42422_,WOODEN_PICKAXE,0,
f_42423_,WOODEN_AXE,0,
f_42424_,WOODEN_HOE,0,
f_42425_,STONE_SWORD,0,
f_42426_,STONE_SHOVEL,0,
f_42427_,STONE_PICKAXE,0,
f_42428_,STONE_AXE,0,
f_42429_,STONE_HOE,0,
f_42430_,GOLDEN_SWORD,0,
f_42431_,GOLDEN_SHOVEL,0,
f_42432_,GOLDEN_PICKAXE,0,
f_42433_,GOLDEN_AXE,0,
f_42434_,GOLDEN_HOE,0,
f_42435_,PODZOL,0,
f_42436_,GOLDEN_APPLE,0,
f_42437_,ENCHANTED_GOLDEN_APPLE,0,
f_42438_,OAK_SIGN,0,
f_42439_,SPRUCE_SIGN,0,
f_42440_,BIRCH_SIGN,0,
f_42441_,JUNGLE_SIGN,0,
f_42442_,ACACIA_SIGN,0,
f_42443_,DARK_OAK_SIGN,0,
f_42444_,CRIMSON_SIGN,0,
f_42445_,WARPED_SIGN,0,
f_42446_,BUCKET,0,
f_42447_,WATER_BUCKET,0,
f_42448_,LAVA_BUCKET,0,
f_42449_,MINECART,0,
f_42450_,SADDLE,0,
f_42451_,REDSTONE,0,
f_42452_,SNOWBALL,0,
f_42453_,OAK_BOAT,0,
f_42454_,LEATHER,0,
f_42455_,MILK_BUCKET,0,
f_42456_,PUFFERFISH_BUCKET,0,
f_42457_,SALMON_BUCKET,0,
f_42458_,COD_BUCKET,0,
f_42459_,TROPICAL_FISH_BUCKET,0,
f_42460_,BRICK,0,
f_42461_,CLAY_BALL,0,
f_42462_,LEATHER_LEGGINGS,0,
f_42463_,LEATHER_BOOTS,0,
f_42464_,CHAINMAIL_HELMET,0,
f_42465_,CHAINMAIL_CHESTPLATE,0,
f_42466_,CHAINMAIL_LEGGINGS,0,
f_42467_,CHAINMAIL_BOOTS,0,
f_42468_,IRON_HELMET,0,
f_42469_,IRON_CHESTPLATE,0,
f_42470_,IRON_LEGGINGS,0,
f_42471_,IRON_BOOTS,0,
f_42472_,DIAMOND_HELMET,0,
f_42473_,DIAMOND_CHESTPLATE,0,
f_42474_,DIAMOND_LEGGINGS,0,
f_42475_,DIAMOND_BOOTS,0,
f_42476_,GOLDEN_HELMET,0,
f_42477_,GOLDEN_CHESTPLATE,0,
f_42478_,GOLDEN_LEGGINGS,0,
f_42479_,GOLDEN_BOOTS,0,
f_42480_,NETHERITE_HELMET,0,
f_42481_,NETHERITE_CHESTPLATE,0,
f_42482_,NETHERITE_LEGGINGS,0,
f_42483_,NETHERITE_BOOTS,0,
f_42484_,FLINT,0,
f_42485_,PORKCHOP,0,
f_42486_,COOKED_PORKCHOP,0,
f_42487_,PAINTING,0,
f_42488_,CRIMSON_NYLIUM,0,
f_42489_,PINK_DYE,0,
f_42490_,GRAY_DYE,0,
f_42491_,LIGHT_GRAY_DYE,0,
f_42492_,CYAN_DYE,0,
f_42493_,PURPLE_DYE,0,
f_42494_,BLUE_DYE,0,
f_42495_,BROWN_DYE,0,
f_42496_,GREEN_DYE,0,
f_42497_,RED_DYE,0,
f_42498_,BLACK_DYE,0,
f_42499_,BONE_MEAL,0,
f_42500_,BONE,0,
f_42501_,SUGAR,0,
f_42502_,CAKE,0,
f_42503_,WHITE_BED,0,
f_42504_,ORANGE_BED,0,
f_42505_,MAGENTA_BED,0,
f_42506_,LIGHT_BLUE_BED,0,
f_42507_,YELLOW_BED,0,
f_42508_,LIME_BED,0,
f_42509_,PINK_BED,0,
f_42510_,GRAY_BED,0,
f_42511_,LIGHT_GRAY_BED,0,
f_42512_,CYAN_BED,0,
f_42513_,PURPLE_BED,0,
f_42514_,BLUE_BED,0,
f_42515_,DRIED_KELP_BLOCK,0,
f_42516_,PAPER,0,
f_42517_,BOOK,0,
f_42518_,SLIME_BALL,0,
f_42519_,CHEST_MINECART,0,
f_42520_,FURNACE_MINECART,0,
f_42521_,EGG,0,
f_42522_,COMPASS,0,
f_42523_,FISHING_ROD,0,
f_42524_,CLOCK,0,
f_42525_,GLOWSTONE_DUST,0,
f_42526_,COD,0,
f_42527_,SALMON,0,
f_42528_,TROPICAL_FISH,0,
f_42529_,PUFFERFISH,0,
f_42530_,COOKED_COD,0,
f_42531_,COOKED_SALMON,0,
f_42532_,INK_SAC,0,
f_42533_,COCOA_BEANS,0,
f_42534_,LAPIS_LAZULI,0,
f_42535_,WHITE_DYE,0,
f_42536_,ORANGE_DYE,0,
f_42537_,MAGENTA_DYE,0,
f_42538_,LIGHT_BLUE_DYE,0,
f_42539_,YELLOW_DYE,0,
f_42540_,LIME_DYE,0,
f_42541_,WARPED_NYLIUM,0,
f_42542_,MAGMA_CREAM,0,
f_42543_,BREWING_STAND,0,
f_42544_,CAULDRON,0,
f_42545_,ENDER_EYE,0,
f_42546_,GLISTERING_MELON_SLICE,0,
f_42547_,BAT_SPAWN_EGG,0,
f_42548_,BEE_SPAWN_EGG,0,
f_42549_,BLAZE_SPAWN_EGG,0,
f_42550_,CAT_SPAWN_EGG,0,
f_42551_,CAVE_SPIDER_SPAWN_EGG,0,
f_42552_,CHICKEN_SPAWN_EGG,0,
f_42553_,COD_SPAWN_EGG,0,
f_42554_,COW_SPAWN_EGG,0,
f_42555_,CREEPER_SPAWN_EGG,0,
f_42556_,DOLPHIN_SPAWN_EGG,0,
f_42557_,DONKEY_SPAWN_EGG,0,
f_42558_,DROWNED_SPAWN_EGG,0,
f_42559_,ELDER_GUARDIAN_SPAWN_EGG,0,
f_42560_,ENDERMAN_SPAWN_EGG,0,
f_42561_,ENDERMITE_SPAWN_EGG,0,
f_42562_,EVOKER_SPAWN_EGG,0,
f_42563_,FOX_SPAWN_EGG,0,
f_42564_,GHAST_SPAWN_EGG,0,
f_42565_,GUARDIAN_SPAWN_EGG,0,
f_42566_,HOGLIN_SPAWN_EGG,0,
f_42567_,HORSE_SPAWN_EGG,0,
f_42568_,BROWN_BED,0,
f_42569_,GREEN_BED,0,
f_42570_,RED_BED,0,
f_42571_,BLACK_BED,0,
f_42572_,COOKIE,0,
f_42573_,FILLED_MAP,0,
f_42574_,SHEARS,0,
f_42575_,MELON_SLICE,0,
f_42576_,DRIED_KELP,0,
f_42577_,PUMPKIN_SEEDS,0,
f_42578_,MELON_SEEDS,0,
f_42579_,BEEF,0,
f_42580_,COOKED_BEEF,0,
f_42581_,CHICKEN,0,
f_42582_,COOKED_CHICKEN,0,
f_42583_,ROTTEN_FLESH,0,
f_42584_,ENDER_PEARL,0,
f_42585_,BLAZE_ROD,0,
f_42586_,GHAST_TEAR,0,
f_42587_,GOLD_NUGGET,0,
f_42588_,NETHER_WART,0,
f_42589_,POTION,0,
f_42590_,GLASS_BOTTLE,0,
f_42591_,SPIDER_EYE,0,
f_42592_,FERMENTED_SPIDER_EYE,0,
f_42593_,BLAZE_POWDER,0,
f_42594_,COBBLESTONE,0,
f_42595_,STRAY_SPAWN_EGG,0,
f_42596_,STRIDER_SPAWN_EGG,0,
f_42597_,TRADER_LLAMA_SPAWN_EGG,0,
f_42598_,TROPICAL_FISH_SPAWN_EGG,0,
f_42599_,TURTLE_SPAWN_EGG,0,
f_42600_,VEX_SPAWN_EGG,0,
f_42601_,VILLAGER_SPAWN_EGG,0,
f_42602_,VINDICATOR_SPAWN_EGG,0,
f_42603_,WANDERING_TRADER_SPAWN_EGG,0,
f_42604_,WITCH_SPAWN_EGG,0,
f_42605_,WITHER_SKELETON_SPAWN_EGG,0,
f_42606_,WOLF_SPAWN_EGG,0,
f_42607_,ZOGLIN_SPAWN_EGG,0,
f_42608_,ZOMBIE_SPAWN_EGG,0,
f_42609_,ZOMBIE_HORSE_SPAWN_EGG,0,
f_42610_,ZOMBIE_VILLAGER_SPAWN_EGG,0,
f_42611_,ZOMBIFIED_PIGLIN_SPAWN_EGG,0,
f_42612_,EXPERIENCE_BOTTLE,0,
f_42613_,FIRE_CHARGE,0,
f_42614_,WRITABLE_BOOK,0,
f_42615_,WRITTEN_BOOK,0,
f_42616_,EMERALD,0,
f_42617_,ITEM_FRAME,0,
f_42618_,FLOWER_POT,0,
f_42619_,CARROT,0,
f_42620_,POTATO,0,
f_42621_,HUSK_SPAWN_EGG,0,
f_42622_,LLAMA_SPAWN_EGG,0,
f_42623_,MAGMA_CUBE_SPAWN_EGG,0,
f_42624_,MOOSHROOM_SPAWN_EGG,0,
f_42625_,MULE_SPAWN_EGG,0,
f_42626_,OCELOT_SPAWN_EGG,0,
f_42627_,PANDA_SPAWN_EGG,0,
f_42628_,PARROT_SPAWN_EGG,0,
f_42629_,PHANTOM_SPAWN_EGG,0,
f_42630_,PIG_SPAWN_EGG,0,
f_42631_,PIGLIN_SPAWN_EGG,0,
f_42632_,PIGLIN_BRUTE_SPAWN_EGG,0,
f_42633_,PILLAGER_SPAWN_EGG,0,
f_42634_,POLAR_BEAR_SPAWN_EGG,0,
f_42635_,PUFFERFISH_SPAWN_EGG,0,
f_42636_,RABBIT_SPAWN_EGG,0,
f_42637_,RAVAGER_SPAWN_EGG,0,
f_42638_,SALMON_SPAWN_EGG,0,
f_42639_,SHEEP_SPAWN_EGG,0,
f_42640_,SHULKER_SPAWN_EGG,0,
f_42641_,SILVERFISH_SPAWN_EGG,0,
f_42642_,SKELETON_SPAWN_EGG,0,
f_42643_,SKELETON_HORSE_SPAWN_EGG,0,
f_42644_,SLIME_SPAWN_EGG,0,
f_42645_,SPIDER_SPAWN_EGG,0,
f_42646_,SQUID_SPAWN_EGG,0,
f_42647_,OAK_PLANKS,0,
f_42648_,RABBIT_FOOT,0,
f_42649_,RABBIT_HIDE,0,
f_42650_,ARMOR_STAND,0,
f_42651_,IRON_HORSE_ARMOR,0,
f_42652_,GOLDEN_HORSE_ARMOR,0,
f_42653_,DIAMOND_HORSE_ARMOR,0,
f_42654_,LEATHER_HORSE_ARMOR,0,
f_42655_,LEAD,0,
f_42656_,NAME_TAG,0,
f_42657_,COMMAND_BLOCK_MINECART,0,
f_42658_,MUTTON,0,
f_42659_,COOKED_MUTTON,0,
f_42660_,WHITE_BANNER,0,
f_42661_,ORANGE_BANNER,0,
f_42662_,MAGENTA_BANNER,0,
f_42663_,LIGHT_BLUE_BANNER,0,
f_42664_,YELLOW_BANNER,0,
f_42665_,LIME_BANNER,0,
f_42666_,PINK_BANNER,0,
f_42667_,GRAY_BANNER,0,
f_42668_,LIGHT_GRAY_BANNER,0,
f_42669_,CYAN_BANNER,0,
f_42670_,PURPLE_BANNER,0,
f_42671_,BLUE_BANNER,0,
f_42672_,BROWN_BANNER,0,
f_42673_,GREEN_BANNER,0,
f_42674_,BAKED_POTATO,0,
f_42675_,POISONOUS_POTATO,0,
f_42676_,MAP,0,
f_42677_,GOLDEN_CARROT,0,
f_42678_,SKELETON_SKULL,0,
f_42679_,WITHER_SKELETON_SKULL,0,
f_42680_,PLAYER_HEAD,0,
f_42681_,ZOMBIE_HEAD,0,
f_42682_,CREEPER_HEAD,0,
f_42683_,DRAGON_HEAD,0,
f_42684_,CARROT_ON_A_STICK,0,
f_42685_,WARPED_FUNGUS_ON_A_STICK,0,
f_42686_,NETHER_STAR,0,
f_42687_,PUMPKIN_PIE,0,
f_42688_,FIREWORK_ROCKET,0,
f_42689_,FIREWORK_STAR,0,
f_42690_,ENCHANTED_BOOK,0,
f_42691_,NETHER_BRICK,0,
f_42692_,QUARTZ,0,
f_42693_,TNT_MINECART,0,
f_42694_,HOPPER_MINECART,0,
f_42695_,PRISMARINE_SHARD,0,
f_42696_,PRISMARINE_CRYSTALS,0,
f_42697_,RABBIT,0,
f_42698_,COOKED_RABBIT,0,
f_42699_,RABBIT_STEW,0,
f_42700_,SPRUCE_PLANKS,0,
f_42701_,MUSIC_DISC_CAT,0,
f_42702_,MUSIC_DISC_BLOCKS,0,
f_42703_,MUSIC_DISC_CHIRP,0,
f_42704_,MUSIC_DISC_FAR,0,
f_42705_,MUSIC_DISC_MALL,0,
f_42706_,MUSIC_DISC_MELLOHI,0,
f_42707_,MUSIC_DISC_STAL,0,
f_42708_,MUSIC_DISC_STRAD,0,
f_42709_,MUSIC_DISC_WARD,0,
f_42710_,MUSIC_DISC_11,0,
f_42711_,MUSIC_DISC_WAIT,0,
f_42712_,MUSIC_DISC_PIGSTEP,0,
f_42713_,TRIDENT,0,
f_42714_,PHANTOM_MEMBRANE,0,
f_42715_,NAUTILUS_SHELL,0,
f_42716_,HEART_OF_THE_SEA,0,
f_42717_,CROSSBOW,0,
f_42718_,SUSPICIOUS_STEW,0,
f_42719_,LOOM,0,
f_42720_,FLOWER_BANNER_PATTERN,0,
f_42721_,CREEPER_BANNER_PATTERN,0,
f_42722_,SKULL_BANNER_PATTERN,0,
f_42723_,MOJANG_BANNER_PATTERN,0,
f_42725_,PIGLIN_BANNER_PATTERN,0,
f_42726_,COMPOSTER,0,
f_42727_,RED_BANNER,0,
f_42728_,BLACK_BANNER,0,
f_42729_,END_CRYSTAL,0,
f_42730_,CHORUS_FRUIT,0,
f_42731_,POPPED_CHORUS_FRUIT,0,
f_42732_,BEETROOT,0,
f_42733_,BEETROOT_SEEDS,0,
f_42734_,BEETROOT_SOUP,0,
f_42735_,DRAGON_BREATH,0,
f_42736_,SPLASH_POTION,0,
f_42737_,SPECTRAL_ARROW,0,
f_42738_,TIPPED_ARROW,0,
f_42739_,LINGERING_POTION,0,
f_42740_,SHIELD,0,
f_42741_,ELYTRA,0,
f_42742_,SPRUCE_BOAT,0,
f_42743_,BIRCH_BOAT,0,
f_42744_,JUNGLE_BOAT,0,
f_42745_,ACACIA_BOAT,0,
f_42746_,DARK_OAK_BOAT,0,
f_42747_,TOTEM_OF_UNDYING,0,
f_42748_,SHULKER_SHELL,0,
f_42749_,IRON_NUGGET,0,
f_42750_,KNOWLEDGE_BOOK,0,
f_42751_,DEBUG_STICK,0,
f_42752_,MUSIC_DISC_13,0,
f_42753_,BIRCH_PLANKS,0,
f_42754_,CRYING_OBSIDIAN,0,
f_42755_,BLACKSTONE,0,
f_42756_,BLACKSTONE_SLAB,0,
f_42757_,BLACKSTONE_STAIRS,0,
f_42758_,GILDED_BLACKSTONE,0,
f_42759_,POLISHED_BLACKSTONE,0,
f_42760_,POLISHED_BLACKSTONE_SLAB,0,
f_42761_,POLISHED_BLACKSTONE_STAIRS,0,
f_42762_,CHISELED_POLISHED_BLACKSTONE,0,
f_42763_,POLISHED_BLACKSTONE_BRICKS,0,
f_42764_,POLISHED_BLACKSTONE_BRICK_SLAB,0,
f_42765_,POLISHED_BLACKSTONE_BRICK_STAIRS,0,
f_42766_,CRACKED_POLISHED_BLACKSTONE_BRICKS,0,
f_42767_,RESPAWN_ANCHOR,0,
f_42768_,BARREL,0,
f_42769_,SMOKER,0,
f_42770_,BLAST_FURNACE,0,
f_42771_,CARTOGRAPHY_TABLE,0,
f_42772_,FLETCHING_TABLE,0,
f_42773_,GRINDSTONE,0,
f_42774_,LECTERN,0,
f_42775_,SMITHING_TABLE,0,
f_42776_,STONECUTTER,0,
f_42777_,BELL,0,
f_42778_,LANTERN,0,
f_42779_,SOUL_LANTERN,0,
f_42780_,SWEET_BERRIES,0,
f_42781_,CAMPFIRE,0,
f_42782_,SOUL_CAMPFIRE,0,
f_42783_,SHROOMLIGHT,0,
f_42784_,HONEYCOMB,0,
f_42785_,BEE_NEST,0,
f_42786_,BEEHIVE,0,
f_42787_,HONEY_BOTTLE,0,
f_42788_,HONEY_BLOCK,0,
f_42789_,HONEYCOMB_BLOCK,0,
f_42790_,LODESTONE,0,
f_42791_,NETHERITE_BLOCK,0,
f_42792_,ANCIENT_DEBRIS,0,
f_42793_,TARGET,0,
f_42794_,JUNGLE_PLANKS,0,
f_42795_,ACACIA_PLANKS,0,
f_42796_,DARK_OAK_PLANKS,0,
f_42797_,CRIMSON_PLANKS,0,
f_42798_,WARPED_PLANKS,0,
f_42799_,OAK_SAPLING,0,
f_42800_,SPRUCE_SAPLING,0,
f_42801_,BIRCH_SAPLING,0,
f_42819_,LOGGER,0,
f_42934_,DISPENSE_ITEM_BEHAVIOR,0,
f_42935_,type,0,
f_42944_,defaultDispenseItemBehavior,0,
f_43005_,ARROW_ONLY,0,
f_43006_,ARROW_OR_FIREWORK,0,
f_43022_,color,0,
f_43032_,BY_NAME,0,
f_43033_,analogOutput,0,
f_43034_,sound,0,
f_43065_,player,0,
f_43110_,FLATTENABLES,0,
f_43201_,BY_ID,0,
f_43204_,defaultType,0,
f_43246_,wallBlock,0,
f_43306_,tier,0,
f_43322_,uses,0,
f_43323_,speed,0,
f_43324_,damage,0,
f_43325_,enchantmentValue,0,
f_43326_,repairIngredient,0,
f_43368_,advanced,0,
f_43481_,name,0,
f_43482_,effects,0,
f_43532_,from,0,
f_43533_,ingredient,0,
f_43534_,to,0,
f_43581_,STRONG_HEALING,0,
f_43582_,HARMING,0,
f_43583_,STRONG_HARMING,0,
f_43584_,POISON,0,
f_43585_,LONG_POISON,0,
f_43586_,STRONG_POISON,0,
f_43587_,REGENERATION,0,
f_43588_,LONG_REGENERATION,0,
f_43589_,STRONG_REGENERATION,0,
f_43590_,STRENGTH,0,
f_43591_,LONG_STRENGTH,0,
f_43592_,STRONG_STRENGTH,0,
f_43593_,WEAKNESS,0,
f_43594_,LONG_WEAKNESS,0,
f_43595_,LUCK,0,
f_43596_,SLOW_FALLING,0,
f_43597_,LONG_SLOW_FALLING,0,
f_43599_,WATER,0,
f_43600_,MUNDANE,0,
f_43601_,THICK,0,
f_43602_,AWKWARD,0,
f_43603_,NIGHT_VISION,0,
f_43604_,LONG_NIGHT_VISION,0,
f_43605_,INVISIBILITY,0,
f_43606_,LONG_INVISIBILITY,0,
f_43607_,LEAPING,0,
f_43608_,LONG_LEAPING,0,
f_43609_,STRONG_LEAPING,0,
f_43610_,FIRE_RESISTANCE,0,
f_43611_,LONG_FIRE_RESISTANCE,0,
f_43612_,SWIFTNESS,0,
f_43613_,LONG_SWIFTNESS,0,
f_43614_,STRONG_SWIFTNESS,0,
f_43615_,SLOWNESS,0,
f_43616_,LONG_SLOWNESS,0,
f_43617_,STRONG_SLOWNESS,0,
f_43618_,TURTLE_MASTER,0,
f_43619_,LONG_TURTLE_MASTER,0,
f_43620_,STRONG_TURTLE_MASTER,0,
f_43621_,WATER_BREATHING,0,
f_43622_,LONG_WATER_BREATHING,0,
f_43623_,HEALING,0,
f_43628_,replaceClicked,0,
f_43629_,relativePos,0,
f_43648_,direction,0,
f_43663_,$SwitchMap$net$minecraft$core$Direction,0,
f_43686_,item,0,
f_43687_,durability,0,
f_43688_,delta,0,
f_43703_,player,0,
f_43704_,hand,0,
f_43705_,hitResult,0,
f_43706_,level,0,
f_43707_,itemStack,0,
f_43726_,type,0,
f_43728_,group,0,
f_43729_,ingredient,0,
f_43730_,result,0,
f_43731_,experience,0,
f_43732_,cookingTime,0,
f_43837_,PAPER_INGREDIENT,0,
f_43838_,GUNPOWDER_INGREDIENT,0,
f_43839_,STAR_INGREDIENT,0,
f_43858_,STAR_INGREDIENT,0,
f_43876_,SHAPE_INGREDIENT,0,
f_43877_,TRAIL_INGREDIENT,0,
f_43879_,SHAPE_BY_ITEM,0,
f_43880_,GUNPOWDER_INGREDIENT,0,
f_43901_,EMPTY,0,
f_43902_,values,0,
f_43903_,itemStacks,0,
f_43904_,stackingIds,0,
f_43951_,item,0,
f_43959_,tag,0,
f_44005_,GSON,0,
f_44006_,LOGGER,0,
f_44008_,hasErrors,0,
f_44076_,SHAPED_RECIPE,0,
f_44077_,SHAPELESS_RECIPE,0,
f_44078_,ARMOR_DYE,0,
f_44079_,BOOK_CLONING,0,
f_44080_,MAP_CLONING,0,
f_44081_,MAP_EXTENDING,0,
f_44082_,FIREWORK_ROCKET,0,
f_44083_,FIREWORK_STAR,0,
f_44084_,FIREWORK_STAR_FADE,0,
f_44085_,TIPPED_ARROW,0,
f_44086_,BANNER_DUPLICATE,0,
f_44087_,SHIELD_DECORATION,0,
f_44088_,SHULKER_BOX_COLORING,0,
f_44089_,SUSPICIOUS_STEW,0,
f_44090_,REPAIR_ITEM,0,
f_44091_,SMELTING_RECIPE,0,
f_44092_,BLASTING_RECIPE,0,
f_44093_,SMOKING_RECIPE,0,
f_44094_,CAMPFIRE_COOKING_RECIPE,0,
f_44095_,STONECUTTER,0,
f_44107_,CRAFTING,0,
f_44108_,SMELTING,0,
f_44109_,BLASTING,0,
f_44110_,SMOKING,0,
f_44111_,CAMPFIRE_COOKING,0,
f_44112_,STONECUTTING,0,
f_44113_,SMITHING,0,
f_44121_,val$name,0,
f_44149_,result,0,
f_44151_,group,0,
f_44242_,group,0,
f_44243_,result,0,
f_44244_,ingredients,0,
f_44328_,factory,0,
f_44409_,ingredient,0,
f_44410_,result,0,
f_44412_,group,0,
f_44413_,type,0,
f_44414_,serializer,0,
f_44433_,factory,0,
f_44673_,descriptionId,0,
f_44947_,enchantment,0,
f_44948_,level,0,
f_44955_,LOYALTY,0,
f_44956_,IMPALING,0,
f_44957_,RIPTIDE,0,
f_44958_,CHANNELING,0,
f_44959_,MULTISHOT,0,
f_44960_,QUICK_CHARGE,0,
f_44961_,PIERCING,0,
f_44962_,MENDING,0,
f_44963_,VANISHING_CURSE,0,
f_44964_,ARMOR_SLOTS,0,
f_44966_,FIRE_PROTECTION,0,
f_44968_,BLAST_PROTECTION,0,
f_44969_,PROJECTILE_PROTECTION,0,
f_44970_,RESPIRATION,0,
f_44971_,AQUA_AFFINITY,0,
f_44972_,THORNS,0,
f_44973_,DEPTH_STRIDER,0,
f_44974_,FROST_WALKER,0,
f_44975_,BINDING_CURSE,0,
f_44976_,SOUL_SPEED,0,
f_44977_,SHARPNESS,0,
f_44978_,SMITE,0,
f_44979_,BANE_OF_ARTHROPODS,0,
f_44980_,KNOCKBACK,0,
f_44981_,FIRE_ASPECT,0,
f_44983_,SWEEPING_EDGE,0,
f_44985_,SILK_TOUCH,0,
f_44986_,UNBREAKING,0,
f_45031_,count,0,
f_45063_,count,0,
f_45124_,type,0,
f_45310_,baseCostA,0,
f_45311_,costB,0,
f_45312_,result,0,
f_45313_,uses,0,
f_45314_,maxUses,0,
f_45315_,rewardExp,0,
f_45316_,specialPriceDiff,0,
f_45317_,demand,0,
f_45318_,priceMultiplier,0,
f_45319_,xp,0,
f_45397_,TIME_FORMAT,0,
f_45398_,DEFAULT_NAME,0,
f_45399_,lastExecution,0,
f_45400_,updateLastExecution,0,
f_45401_,successCount,0,
f_45402_,trackOutput,0,
f_45403_,lastOutput,0,
f_45404_,command,0,
f_45441_,LOGGER,0,
f_45442_,spawnDelay,0,
f_45443_,spawnPotentials,0,
f_45444_,nextSpawnData,0,
f_45445_,spin,0,
f_45446_,oSpin,0,
f_45447_,minSpawnDelay,0,
f_45448_,maxSpawnDelay,0,
f_45449_,spawnCount,0,
f_45450_,displayEntity,0,
f_45451_,maxNearbyEntities,0,
f_45452_,requiredPlayerRange,0,
f_45453_,spawnRange,0,
f_45529_,pos,0,
f_45530_,block,0,
f_45531_,paramA,0,
f_45532_,paramB,0,
f_45577_,INVALID_CHUNK_POS,0,
f_45578_,x,0,
f_45579_,z,0,
f_45617_,val$from,0,
f_45618_,val$to,0,
f_45619_,val$zDiff,0,
f_45620_,val$xDiff,0,
f_45621_,pos,0,
f_45682_,from,0,
f_45683_,to,0,
f_45684_,block,0,
f_45685_,fluid,0,
f_45686_,collisionContext,0,
f_45706_,shapeGetter,0,
f_45724_,canPick,0,
f_45842_,DEFAULT,0,
f_45843_,CODEC,0,
f_45844_,enabled,0,
f_45845_,disabled,0,
f_45892_,source,0,
f_46008_,EXPLOSION_DAMAGE_CALCULATOR,0,
f_46009_,fire,0,
f_46010_,blockInteraction,0,
f_46011_,random,0,
f_46012_,level,0,
f_46013_,x,0,
f_46014_,y,0,
f_46015_,z,0,
f_46016_,source,0,
f_46017_,radius,0,
f_46018_,damageSource,0,
f_46019_,damageCalculator,0,
f_46020_,toBlow,0,
f_46021_,hitPlayers,0,
f_46104_,pixels,0,
f_46114_,chunks,0,
f_46121_,RULE_DROWNING_DAMAGE,0,
f_46122_,RULE_FALL_DAMAGE,0,
f_46123_,RULE_FIRE_DAMAGE,0,
f_46124_,RULE_DO_PATROL_SPAWNING,0,
f_46125_,RULE_DO_TRADER_SPAWNING,0,
f_46126_,RULE_FORGIVE_DEAD_PLAYERS,0,
f_46127_,RULE_UNIVERSAL_ANGER,0,
f_46128_,LOGGER,0,
f_46129_,GAME_RULE_TYPES,0,
f_46130_,rules,0,
f_46131_,RULE_DOFIRETICK,0,
f_46132_,RULE_MOBGRIEFING,0,
f_46133_,RULE_KEEPINVENTORY,0,
f_46134_,RULE_DOMOBSPAWNING,0,
f_46135_,RULE_DOMOBLOOT,0,
f_46136_,RULE_DOBLOCKDROPS,0,
f_46137_,RULE_DOENTITYDROPS,0,
f_46138_,RULE_COMMANDBLOCKOUTPUT,0,
f_46139_,RULE_NATURAL_REGENERATION,0,
f_46140_,RULE_DAYLIGHT,0,
f_46141_,RULE_LOGADMINCOMMANDS,0,
f_46142_,RULE_SHOWDEATHMESSAGES,0,
f_46143_,RULE_RANDOMTICKING,0,
f_46144_,RULE_SENDCOMMANDFEEDBACK,0,
f_46145_,RULE_REDUCEDDEBUGINFO,0,
f_46146_,RULE_SPECTATORSGENERATECHUNKS,0,
f_46147_,RULE_SPAWN_RADIUS,0,
f_46148_,RULE_DISABLE_ELYTRA_MOVEMENT_CHECK,0,
f_46149_,RULE_MAX_ENTITY_CRAMMING,0,
f_46150_,RULE_WEATHER_CYCLE,0,
f_46151_,RULE_LIMITED_CRAFTING,0,
f_46152_,RULE_MAX_COMMAND_CHAIN_LENGTH,0,
f_46153_,RULE_ANNOUNCE_ADVANCEMENTS,0,
f_46154_,RULE_DISABLE_RAIDS,0,
f_46155_,RULE_DOINSOMNIA,0,
f_46156_,RULE_DO_IMMEDIATE_RESPAWN,0,
f_46219_,value,0,
f_46267_,descriptionId,0,
f_46284_,value,0,
f_46323_,id,0,
f_46324_,category,0,
f_46337_,argument,0,
f_46338_,constructor,0,
f_46339_,callback,0,
f_46340_,visitorCaller,0,
f_46360_,type,0,
f_46378_,NOT_SET,0,
f_46383_,id,0,
f_46384_,name,0,
f_46413_,pixels,0,
f_46420_,biomeManager,0,
f_46421_,dimension,0,
f_46423_,thread,0,
f_46424_,isDebug,0,
f_46425_,skyDarken,0,
f_46427_,RESOURCE_KEY_CODEC,0,
f_46428_,OVERWORLD,0,
f_46429_,NETHER,0,
f_46430_,END,0,
f_46435_,randValue,0,
f_46436_,addend,0,
f_46437_,oRainLevel,0,
f_46438_,rainLevel,0,
f_46439_,oThunderLevel,0,
f_46440_,thunderLevel,0,
f_46441_,random,0,
f_46442_,levelData,0,
f_46443_,isClientSide,0,
f_46446_,profiler,0,
f_46447_,worldBorder,0,
f_46887_,victims,0,
f_46888_,uniqueEntityTypes,0,
f_46902_,levelName,0,
f_46903_,gameType,0,
f_46904_,hardcore,0,
f_46905_,difficulty,0,
f_46906_,allowCommands,0,
f_46907_,gameRules,0,
f_46977_,LOGGER,0,
f_46978_,MAGIC_NUMBER,0,
f_46979_,SPAWNING_CATEGORIES,0,
f_47110_,spawnableChunkCount,0,
f_47111_,mobCategoryCounts,0,
f_47112_,spawnPotential,0,
f_47113_,unmodifiableMobCategoryCounts,0,
f_47114_,lastCheckedPos,0,
f_47115_,lastCheckedType,0,
f_47116_,lastCharge,0,
f_47149_,column,0,
f_47158_,centerX,0,
f_47159_,centerZ,0,
f_47160_,chunks,0,
f_47161_,allEmpty,0,
f_47162_,level,0,
f_47190_,charges,0,
f_47198_,pos,0,
f_47199_,charge,0,
f_47371_,CODEC,0,
f_47372_,soundEvent,0,
f_47373_,tickChance,0,
f_47386_,CODEC,0,
f_47387_,LEGACY_CAVE_SETTINGS,0,
f_47388_,soundEvent,0,
f_47389_,tickDelay,0,
f_47390_,blockSearchExtent,0,
f_47391_,soundPositionOffset,0,
f_47412_,CODEC,0,
f_47413_,options,0,
f_47414_,probability,0,
f_47429_,DIRECT_CODEC,0,
f_47430_,NETWORK_CODEC,0,
f_47431_,CODEC,0,
f_47432_,LIST_CODEC,0,
f_47433_,BIOME_INFO_NOISE,0,
f_47435_,TEMPERATURE_NOISE,0,
f_47436_,FROZEN_TEMPERATURE_NOISE,0,
f_47437_,climateSettings,0,
f_47438_,generationSettings,0,
f_47439_,mobSettings,0,
f_47443_,specialEffects,0,
f_47444_,temperatureCache,0,
f_47574_,this$0,0,
f_47585_,temperature,0,
f_47586_,temperatureModifier,0,
f_47587_,downfall,0,
f_47588_,specialEffects,0,
f_47589_,mobSpawnSettings,0,
f_47590_,generationSettings,0,
f_47679_,CODEC,0,
f_47681_,temperature,0,
f_47682_,temperatureModifier,0,
f_47683_,downfall,0,
f_47737_,CODEC,0,
f_47738_,name,0,
f_47776_,LOGGER,0,
f_47777_,EMPTY,0,
f_47778_,CODEC,0,
f_47780_,carvers,0,
f_47781_,features,0,
f_47783_,flowerFeatures,0,
f_47862_,noiseBiomeSource,0,
f_47863_,biomeZoomSeed,0,
f_47888_,CODEC,0,
f_47891_,possibleBiomes,0,
f_47926_,CODEC,0,
f_47927_,fogColor,0,
f_47928_,waterColor,0,
f_47929_,waterFogColor,0,
f_47930_,skyColor,0,
f_47931_,foliageColorOverride,0,
f_47932_,grassColorOverride,0,
f_47933_,grassColorModifier,0,
f_47934_,ambientParticleSettings,0,
f_47935_,ambientLoopSoundEvent,0,
f_47936_,ambientMoodSettings,0,
f_47937_,ambientAdditionsSettings,0,
f_47938_,backgroundMusic,0,
f_48005_,fogColor,0,
f_48006_,waterColor,0,
f_48007_,waterFogColor,0,
f_48008_,skyColor,0,
f_48009_,foliageColorOverride,0,
f_48010_,grassColorOverride,0,
f_48011_,grassColorModifier,0,
f_48012_,ambientParticle,0,
f_48013_,ambientLoopSoundEvent,0,
f_48014_,ambientMoodSettings,0,
f_48015_,ambientAdditionsSettings,0,
f_48016_,backgroundMusic,0,
f_48050_,CODEC,0,
f_48051_,name,0,
f_48123_,entityPredicate,0,
f_48124_,killingBlow,0,
f_48148_,SNOWY_BEACH,0,
f_48149_,BIRCH_FOREST,0,
f_48151_,DARK_FOREST,0,
f_48152_,SNOWY_TAIGA,0,
f_48157_,SAVANNA,0,
f_48158_,SAVANNA_PLATEAU,0,
f_48159_,BADLANDS,0,
f_48162_,SMALL_END_ISLANDS,0,
f_48163_,END_MIDLANDS,0,
f_48164_,END_HIGHLANDS,0,
f_48165_,END_BARRENS,0,
f_48166_,WARM_OCEAN,0,
f_48167_,LUKEWARM_OCEAN,0,
f_48168_,COLD_OCEAN,0,
f_48170_,DEEP_LUKEWARM_OCEAN,0,
f_48171_,DEEP_COLD_OCEAN,0,
f_48172_,DEEP_FROZEN_OCEAN,0,
f_48173_,THE_VOID,0,
f_48174_,OCEAN,0,
f_48175_,BASALT_DELTAS,0,
f_48176_,SUNFLOWER_PLAINS,0,
f_48179_,FLOWER_FOREST,0,
f_48182_,ICE_SPIKES,0,
f_48194_,ERODED_BADLANDS,0,
f_48197_,BAMBOO_JUNGLE,0,
f_48199_,SOUL_SAND_VALLEY,0,
f_48200_,CRIMSON_FOREST,0,
f_48201_,WARPED_FOREST,0,
f_48202_,PLAINS,0,
f_48203_,DESERT,0,
f_48205_,FOREST,0,
f_48206_,TAIGA,0,
f_48207_,SWAMP,0,
f_48208_,RIVER,0,
f_48209_,NETHER_WASTES,0,
f_48210_,THE_END,0,
f_48211_,FROZEN_OCEAN,0,
f_48212_,FROZEN_RIVER,0,
f_48215_,MUSHROOM_FIELDS,0,
f_48217_,BEACH,0,
f_48222_,JUNGLE,0,
f_48225_,DEEP_OCEAN,0,
f_48230_,CODEC,0,
f_48231_,allowedBiomes,0,
f_48232_,bitShift,0,
f_48233_,size,0,
f_48251_,CODEC,0,
f_48252_,biome,0,
f_48325_,LOGGER,0,
f_48326_,EMPTY,0,
f_48327_,CODEC,0,
f_48328_,creatureGenerationProbability,0,
f_48329_,spawners,0,
f_48330_,mobSpawnCosts,0,
f_48362_,spawners,0,
f_48363_,mobSpawnCosts,0,
f_48364_,creatureGenerationProbability,0,
f_48384_,CODEC,0,
f_48385_,energyBudget,0,
f_48386_,charge,0,
f_48403_,CODEC,0,
f_48404_,type,0,
f_48405_,minCount,0,
f_48406_,maxCount,0,
f_48424_,DIRECT_CODEC,0,
f_48425_,CODEC,0,
f_48435_,parameters,0,
f_48617_,CODEC,0,
f_48621_,end,0,
f_48622_,highlands,0,
f_48623_,midlands,0,
f_48624_,islands,0,
f_48625_,barrens,0,
f_48657_,color,0,
f_48675_,blockEntityType,0,
f_48683_,FACING,0,
f_48684_,LIT,0,
f_48743_,type,0,
f_48764_,FACING,0,
f_48765_,BASE,0,
f_48766_,X_LEG1,0,
f_48767_,X_LEG2,0,
f_48768_,X_TOP,0,
f_48769_,Z_LEG1,0,
f_48770_,Z_LEG2,0,
f_48771_,Z_TOP,0,
f_48772_,X_AXIS_AABB,0,
f_48773_,Z_AXIS_AABB,0,
f_48774_,CONTAINER_TITLE,0,
f_48830_,FACING,0,
f_48831_,fruit,0,
f_48832_,AABBS,0,
f_48954_,SAPLING_SHAPE,0,
f_49007_,ROTATION,0,
f_49008_,BY_COLOR,0,
f_49009_,SHAPE,0,
f_49042_,FACING,0,
f_49043_,OPEN,0,
f_49103_,AABB,0,
f_49134_,distance,0,
f_49135_,duration,0,
f_49148_,SHAPE,0,
f_49157_,AABB,0,
f_49158_,WATERLOGGED,0,
f_49192_,FACING,0,
f_49193_,SHAPES,0,
f_49237_,DOWN_AABB,0,
f_49238_,fireDamage,0,
f_49285_,PRESSED_AABB,0,
f_49286_,AABB,0,
f_49287_,TOUCH_AABB,0,
f_49355_,FLAT_AABB,0,
f_49356_,HALF_BLOCK_AABB,0,
f_49357_,isStraight,0,
f_49418_,$SwitchMap$net$minecraft$world$level$block$state$properties$RailShape,0,
f_49440_,PART,0,
f_49441_,OCCUPIED,0,
f_49442_,BASE,0,
f_49443_,LEG_NORTH_WEST,0,
f_49444_,LEG_SOUTH_WEST,0,
f_49445_,LEG_NORTH_EAST,0,
f_49446_,LEG_SOUTH_EAST,0,
f_49447_,NORTH_SHAPE,0,
f_49448_,SOUTH_SHAPE,0,
f_49449_,WEST_SHAPE,0,
f_49450_,EAST_SHAPE,0,
f_49451_,color,0,
f_49561_,$SwitchMap$net$minecraft$core$Direction,0,
f_49563_,FACING,0,
f_49564_,HONEY_LEVEL,0,
f_49657_,AGE,0,
f_49658_,SHAPE_BY_AGE,0,
f_49679_,FACING,0,
f_49680_,ATTACHMENT,0,
f_49681_,POWERED,0,
f_49682_,NORTH_SOUTH_FLOOR_SHAPE,0,
f_49683_,EAST_WEST_FLOOR_SHAPE,0,
f_49684_,BELL_TOP_SHAPE,0,
f_49685_,BELL_BOTTOM_SHAPE,0,
f_49686_,BELL_SHAPE,0,
f_49687_,NORTH_SOUTH_BETWEEN,0,
f_49688_,EAST_WEST_BETWEEN,0,
f_49689_,TO_WEST,0,
f_49690_,TO_EAST,0,
f_49691_,TO_NORTH,0,
f_49692_,TO_SOUTH,0,
f_49693_,CEILING_SHAPE,0,
f_49770_,$SwitchMap$net$minecraft$world$level$block$state$properties$BellAttachType,0,
f_49785_,SHAPE_FULL_BLOCK_CACHE,0,
f_49786_,defaultBlockState,0,
f_49787_,descriptionId,0,
f_49788_,item,0,
f_49789_,OCCLUSION_CACHE,0,
f_49790_,LOGGER,0,
f_49791_,BLOCK_STATE_REGISTRY,0,
f_49792_,stateDefinition,0,
f_49980_,first,0,
f_49981_,second,0,
f_49982_,direction,0,
f_49990_,WATER,0,
f_49991_,LAVA,0,
f_49992_,SAND,0,
f_49993_,RED_SAND,0,
f_49994_,GRAVEL,0,
f_49995_,GOLD_ORE,0,
f_49996_,IRON_ORE,0,
f_49997_,COAL_ORE,0,
f_49998_,NETHER_GOLD_ORE,0,
f_49999_,OAK_LOG,0,
f_50000_,SPRUCE_LOG,0,
f_50001_,BIRCH_LOG,0,
f_50002_,JUNGLE_LOG,0,
f_50003_,ACACIA_LOG,0,
f_50004_,DARK_OAK_LOG,0,
f_50005_,STRIPPED_SPRUCE_LOG,0,
f_50006_,STRIPPED_BIRCH_LOG,0,
f_50007_,STRIPPED_JUNGLE_LOG,0,
f_50008_,STRIPPED_ACACIA_LOG,0,
f_50009_,STRIPPED_DARK_OAK_LOG,0,
f_50010_,STRIPPED_OAK_LOG,0,
f_50011_,OAK_WOOD,0,
f_50012_,SPRUCE_WOOD,0,
f_50013_,BIRCH_WOOD,0,
f_50014_,JUNGLE_WOOD,0,
f_50015_,ACACIA_WOOD,0,
f_50016_,AIR,0,
f_50017_,LIGHT_BLUE_BED,0,
f_50018_,YELLOW_BED,0,
f_50019_,LIME_BED,0,
f_50020_,PINK_BED,0,
f_50021_,GRAY_BED,0,
f_50022_,LIGHT_GRAY_BED,0,
f_50023_,CYAN_BED,0,
f_50024_,PURPLE_BED,0,
f_50025_,BLUE_BED,0,
f_50026_,BROWN_BED,0,
f_50027_,GREEN_BED,0,
f_50028_,RED_BED,0,
f_50029_,BLACK_BED,0,
f_50030_,POWERED_RAIL,0,
f_50031_,DETECTOR_RAIL,0,
f_50032_,STICKY_PISTON,0,
f_50033_,COBWEB,0,
f_50035_,FERN,0,
f_50036_,DEAD_BUSH,0,
f_50037_,SEAGRASS,0,
f_50038_,TALL_SEAGRASS,0,
f_50039_,PISTON,0,
f_50040_,PISTON_HEAD,0,
f_50041_,WHITE_WOOL,0,
f_50042_,ORANGE_WOOL,0,
f_50043_,DARK_OAK_WOOD,0,
f_50044_,STRIPPED_OAK_WOOD,0,
f_50045_,STRIPPED_SPRUCE_WOOD,0,
f_50046_,STRIPPED_BIRCH_WOOD,0,
f_50047_,STRIPPED_JUNGLE_WOOD,0,
f_50048_,STRIPPED_ACACIA_WOOD,0,
f_50049_,STRIPPED_DARK_OAK_WOOD,0,
f_50050_,OAK_LEAVES,0,
f_50051_,SPRUCE_LEAVES,0,
f_50052_,BIRCH_LEAVES,0,
f_50053_,JUNGLE_LEAVES,0,
f_50054_,ACACIA_LEAVES,0,
f_50055_,DARK_OAK_LEAVES,0,
f_50056_,SPONGE,0,
f_50057_,WET_SPONGE,0,
f_50058_,GLASS,0,
f_50059_,LAPIS_ORE,0,
f_50060_,LAPIS_BLOCK,0,
f_50061_,DISPENSER,0,
f_50062_,SANDSTONE,0,
f_50063_,CHISELED_SANDSTONE,0,
f_50064_,CUT_SANDSTONE,0,
f_50065_,NOTE_BLOCK,0,
f_50066_,WHITE_BED,0,
f_50067_,ORANGE_BED,0,
f_50068_,MAGENTA_BED,0,
f_50069_,STONE,0,
f_50070_,WITHER_ROSE,0,
f_50071_,LILY_OF_THE_VALLEY,0,
f_50072_,BROWN_MUSHROOM,0,
f_50073_,RED_MUSHROOM,0,
f_50074_,GOLD_BLOCK,0,
f_50075_,IRON_BLOCK,0,
f_50076_,BRICKS,0,
f_50077_,TNT,0,
f_50078_,BOOKSHELF,0,
f_50079_,MOSSY_COBBLESTONE,0,
f_50080_,OBSIDIAN,0,
f_50081_,TORCH,0,
f_50082_,WALL_TORCH,0,
f_50083_,FIRE,0,
f_50084_,SOUL_FIRE,0,
f_50085_,SPAWNER,0,
f_50086_,OAK_STAIRS,0,
f_50087_,CHEST,0,
f_50088_,REDSTONE_WIRE,0,
f_50089_,DIAMOND_ORE,0,
f_50090_,DIAMOND_BLOCK,0,
f_50091_,CRAFTING_TABLE,0,
f_50092_,WHEAT,0,
f_50093_,FARMLAND,0,
f_50094_,FURNACE,0,
f_50095_,OAK_SIGN,0,
f_50096_,MAGENTA_WOOL,0,
f_50097_,LIGHT_BLUE_WOOL,0,
f_50098_,YELLOW_WOOL,0,
f_50099_,LIME_WOOL,0,
f_50100_,PINK_WOOL,0,
f_50101_,GRAY_WOOL,0,
f_50102_,LIGHT_GRAY_WOOL,0,
f_50103_,CYAN_WOOL,0,
f_50104_,PURPLE_WOOL,0,
f_50105_,BLUE_WOOL,0,
f_50106_,BROWN_WOOL,0,
f_50107_,GREEN_WOOL,0,
f_50108_,RED_WOOL,0,
f_50109_,BLACK_WOOL,0,
f_50110_,MOVING_PISTON,0,
f_50111_,DANDELION,0,
f_50112_,POPPY,0,
f_50113_,BLUE_ORCHID,0,
f_50114_,ALLIUM,0,
f_50115_,AZURE_BLUET,0,
f_50116_,RED_TULIP,0,
f_50117_,ORANGE_TULIP,0,
f_50118_,WHITE_TULIP,0,
f_50119_,PINK_TULIP,0,
f_50120_,OXEYE_DAISY,0,
f_50121_,CORNFLOWER,0,
f_50122_,GRANITE,0,
f_50123_,REDSTONE_WALL_TORCH,0,
f_50124_,STONE_BUTTON,0,
f_50125_,SNOW,0,
f_50126_,ICE,0,
f_50127_,SNOW_BLOCK,0,
f_50128_,CACTUS,0,
f_50129_,CLAY,0,
f_50130_,SUGAR_CANE,0,
f_50131_,JUKEBOX,0,
f_50132_,OAK_FENCE,0,
f_50133_,PUMPKIN,0,
f_50134_,NETHERRACK,0,
f_50135_,SOUL_SAND,0,
f_50136_,SOUL_SOIL,0,
f_50137_,BASALT,0,
f_50138_,POLISHED_BASALT,0,
f_50139_,SOUL_TORCH,0,
f_50140_,SOUL_WALL_TORCH,0,
f_50141_,GLOWSTONE,0,
f_50142_,NETHER_PORTAL,0,
f_50143_,CARVED_PUMPKIN,0,
f_50144_,JACK_O_LANTERN,0,
f_50145_,CAKE,0,
f_50146_,REPEATER,0,
f_50147_,WHITE_STAINED_GLASS,0,
f_50148_,ORANGE_STAINED_GLASS,0,
f_50149_,SPRUCE_SIGN,0,
f_50150_,BIRCH_SIGN,0,
f_50151_,ACACIA_SIGN,0,
f_50152_,JUNGLE_SIGN,0,
f_50153_,DARK_OAK_SIGN,0,
f_50154_,OAK_DOOR,0,
f_50155_,LADDER,0,
f_50156_,RAIL,0,
f_50157_,COBBLESTONE_STAIRS,0,
f_50158_,OAK_WALL_SIGN,0,
f_50159_,SPRUCE_WALL_SIGN,0,
f_50160_,BIRCH_WALL_SIGN,0,
f_50161_,ACACIA_WALL_SIGN,0,
f_50162_,JUNGLE_WALL_SIGN,0,
f_50163_,DARK_OAK_WALL_SIGN,0,
f_50164_,LEVER,0,
f_50165_,STONE_PRESSURE_PLATE,0,
f_50166_,IRON_DOOR,0,
f_50167_,OAK_PRESSURE_PLATE,0,
f_50168_,SPRUCE_PRESSURE_PLATE,0,
f_50169_,BIRCH_PRESSURE_PLATE,0,
f_50170_,JUNGLE_PRESSURE_PLATE,0,
f_50171_,ACACIA_PRESSURE_PLATE,0,
f_50172_,DARK_OAK_PRESSURE_PLATE,0,
f_50173_,REDSTONE_ORE,0,
f_50174_,REDSTONE_TORCH,0,
f_50175_,POLISHED_GRANITE,0,
f_50176_,INFESTED_STONE_BRICKS,0,
f_50177_,INFESTED_MOSSY_STONE_BRICKS,0,
f_50178_,INFESTED_CRACKED_STONE_BRICKS,0,
f_50179_,INFESTED_CHISELED_STONE_BRICKS,0,
f_50180_,BROWN_MUSHROOM_BLOCK,0,
f_50181_,RED_MUSHROOM_BLOCK,0,
f_50182_,MUSHROOM_STEM,0,
f_50183_,IRON_BARS,0,
f_50184_,CHAIN,0,
f_50185_,GLASS_PANE,0,
f_50186_,MELON,0,
f_50187_,ATTACHED_PUMPKIN_STEM,0,
f_50188_,ATTACHED_MELON_STEM,0,
f_50189_,PUMPKIN_STEM,0,
f_50190_,MELON_STEM,0,
f_50191_,VINE,0,
f_50192_,OAK_FENCE_GATE,0,
f_50193_,BRICK_STAIRS,0,
f_50194_,STONE_BRICK_STAIRS,0,
f_50195_,MYCELIUM,0,
f_50196_,LILY_PAD,0,
f_50197_,NETHER_BRICKS,0,
f_50198_,NETHER_BRICK_FENCE,0,
f_50199_,NETHER_BRICK_STAIRS,0,
f_50200_,NETHER_WART,0,
f_50201_,ENCHANTING_TABLE,0,
f_50202_,MAGENTA_STAINED_GLASS,0,
f_50203_,LIGHT_BLUE_STAINED_GLASS,0,
f_50204_,YELLOW_STAINED_GLASS,0,
f_50205_,LIME_STAINED_GLASS,0,
f_50206_,PINK_STAINED_GLASS,0,
f_50207_,GRAY_STAINED_GLASS,0,
f_50208_,LIGHT_GRAY_STAINED_GLASS,0,
f_50209_,CYAN_STAINED_GLASS,0,
f_50210_,PURPLE_STAINED_GLASS,0,
f_50211_,BLUE_STAINED_GLASS,0,
f_50212_,BROWN_STAINED_GLASS,0,
f_50213_,GREEN_STAINED_GLASS,0,
f_50214_,RED_STAINED_GLASS,0,
f_50215_,BLACK_STAINED_GLASS,0,
f_50216_,OAK_TRAPDOOR,0,
f_50217_,SPRUCE_TRAPDOOR,0,
f_50218_,BIRCH_TRAPDOOR,0,
f_50219_,JUNGLE_TRAPDOOR,0,
f_50220_,ACACIA_TRAPDOOR,0,
f_50221_,DARK_OAK_TRAPDOOR,0,
f_50222_,STONE_BRICKS,0,
f_50223_,MOSSY_STONE_BRICKS,0,
f_50224_,CRACKED_STONE_BRICKS,0,
f_50225_,CHISELED_STONE_BRICKS,0,
f_50226_,INFESTED_STONE,0,
f_50227_,INFESTED_COBBLESTONE,0,
f_50228_,DIORITE,0,
f_50229_,POTTED_ACACIA_SAPLING,0,
f_50230_,POTTED_DARK_OAK_SAPLING,0,
f_50231_,POTTED_FERN,0,
f_50232_,POTTED_DANDELION,0,
f_50233_,POTTED_POPPY,0,
f_50234_,POTTED_BLUE_ORCHID,0,
f_50235_,POTTED_ALLIUM,0,
f_50236_,POTTED_AZURE_BLUET,0,
f_50237_,POTTED_RED_TULIP,0,
f_50238_,POTTED_ORANGE_TULIP,0,
f_50239_,POTTED_WHITE_TULIP,0,
f_50240_,POTTED_PINK_TULIP,0,
f_50241_,POTTED_OXEYE_DAISY,0,
f_50242_,POTTED_CORNFLOWER,0,
f_50243_,POTTED_LILY_OF_THE_VALLEY,0,
f_50244_,POTTED_WITHER_ROSE,0,
f_50245_,POTTED_RED_MUSHROOM,0,
f_50246_,POTTED_BROWN_MUSHROOM,0,
f_50247_,POTTED_DEAD_BUSH,0,
f_50248_,POTTED_CACTUS,0,
f_50249_,CARROTS,0,
f_50250_,POTATOES,0,
f_50251_,OAK_BUTTON,0,
f_50252_,SPRUCE_BUTTON,0,
f_50253_,BIRCH_BUTTON,0,
f_50254_,JUNGLE_BUTTON,0,
f_50255_,BREWING_STAND,0,
f_50256_,CAULDRON,0,
f_50257_,END_PORTAL,0,
f_50258_,END_PORTAL_FRAME,0,
f_50259_,END_STONE,0,
f_50260_,DRAGON_EGG,0,
f_50261_,REDSTONE_LAMP,0,
f_50262_,COCOA,0,
f_50263_,SANDSTONE_STAIRS,0,
f_50264_,EMERALD_ORE,0,
f_50265_,ENDER_CHEST,0,
f_50266_,TRIPWIRE_HOOK,0,
f_50267_,TRIPWIRE,0,
f_50268_,EMERALD_BLOCK,0,
f_50269_,SPRUCE_STAIRS,0,
f_50270_,BIRCH_STAIRS,0,
f_50271_,JUNGLE_STAIRS,0,
f_50272_,COMMAND_BLOCK,0,
f_50273_,BEACON,0,
f_50274_,COBBLESTONE_WALL,0,
f_50275_,MOSSY_COBBLESTONE_WALL,0,
f_50276_,FLOWER_POT,0,
f_50277_,POTTED_OAK_SAPLING,0,
f_50278_,POTTED_SPRUCE_SAPLING,0,
f_50279_,POTTED_BIRCH_SAPLING,0,
f_50280_,POTTED_JUNGLE_SAPLING,0,
f_50281_,POLISHED_DIORITE,0,
f_50282_,CHISELED_QUARTZ_BLOCK,0,
f_50283_,QUARTZ_PILLAR,0,
f_50284_,QUARTZ_STAIRS,0,
f_50285_,ACTIVATOR_RAIL,0,
f_50286_,DROPPER,0,
f_50287_,WHITE_TERRACOTTA,0,
f_50288_,ORANGE_TERRACOTTA,0,
f_50289_,MAGENTA_TERRACOTTA,0,
f_50290_,LIGHT_BLUE_TERRACOTTA,0,
f_50291_,YELLOW_TERRACOTTA,0,
f_50292_,LIME_TERRACOTTA,0,
f_50293_,PINK_TERRACOTTA,0,
f_50294_,GRAY_TERRACOTTA,0,
f_50295_,LIGHT_GRAY_TERRACOTTA,0,
f_50296_,CYAN_TERRACOTTA,0,
f_50297_,PURPLE_TERRACOTTA,0,
f_50298_,BLUE_TERRACOTTA,0,
f_50299_,BROWN_TERRACOTTA,0,
f_50300_,GREEN_TERRACOTTA,0,
f_50301_,RED_TERRACOTTA,0,
f_50302_,BLACK_TERRACOTTA,0,
f_50303_,WHITE_STAINED_GLASS_PANE,0,
f_50304_,ORANGE_STAINED_GLASS_PANE,0,
f_50305_,MAGENTA_STAINED_GLASS_PANE,0,
f_50306_,LIGHT_BLUE_STAINED_GLASS_PANE,0,
f_50307_,YELLOW_STAINED_GLASS_PANE,0,
f_50308_,ACACIA_BUTTON,0,
f_50309_,DARK_OAK_BUTTON,0,
f_50310_,SKELETON_SKULL,0,
f_50311_,SKELETON_WALL_SKULL,0,
f_50312_,WITHER_SKELETON_SKULL,0,
f_50313_,WITHER_SKELETON_WALL_SKULL,0,
f_50314_,ZOMBIE_HEAD,0,
f_50315_,ZOMBIE_WALL_HEAD,0,
f_50316_,PLAYER_HEAD,0,
f_50317_,PLAYER_WALL_HEAD,0,
f_50318_,CREEPER_HEAD,0,
f_50319_,CREEPER_WALL_HEAD,0,
f_50320_,DRAGON_HEAD,0,
f_50321_,DRAGON_WALL_HEAD,0,
f_50322_,ANVIL,0,
f_50323_,CHIPPED_ANVIL,0,
f_50324_,DAMAGED_ANVIL,0,
f_50325_,TRAPPED_CHEST,0,
f_50326_,LIGHT_WEIGHTED_PRESSURE_PLATE,0,
f_50327_,HEAVY_WEIGHTED_PRESSURE_PLATE,0,
f_50328_,COMPARATOR,0,
f_50329_,DAYLIGHT_DETECTOR,0,
f_50330_,REDSTONE_BLOCK,0,
f_50331_,NETHER_QUARTZ_ORE,0,
f_50332_,HOPPER,0,
f_50333_,QUARTZ_BLOCK,0,
f_50334_,ANDESITE,0,
f_50335_,HAY_BLOCK,0,
f_50336_,WHITE_CARPET,0,
f_50337_,ORANGE_CARPET,0,
f_50338_,MAGENTA_CARPET,0,
f_50339_,LIGHT_BLUE_CARPET,0,
f_50340_,YELLOW_CARPET,0,
f_50341_,LIME_CARPET,0,
f_50342_,PINK_CARPET,0,
f_50343_,GRAY_CARPET,0,
f_50344_,LIGHT_GRAY_CARPET,0,
f_50345_,CYAN_CARPET,0,
f_50346_,PURPLE_CARPET,0,
f_50347_,BLUE_CARPET,0,
f_50348_,BROWN_CARPET,0,
f_50349_,GREEN_CARPET,0,
f_50350_,RED_CARPET,0,
f_50351_,BLACK_CARPET,0,
f_50352_,TERRACOTTA,0,
f_50353_,COAL_BLOCK,0,
f_50354_,PACKED_ICE,0,
f_50355_,SUNFLOWER,0,
f_50356_,LILAC,0,
f_50357_,ROSE_BUSH,0,
f_50358_,PEONY,0,
f_50359_,TALL_GRASS,0,
f_50360_,LARGE_FERN,0,
f_50361_,LIME_STAINED_GLASS_PANE,0,
f_50362_,PINK_STAINED_GLASS_PANE,0,
f_50363_,GRAY_STAINED_GLASS_PANE,0,
f_50364_,LIGHT_GRAY_STAINED_GLASS_PANE,0,
f_50365_,CYAN_STAINED_GLASS_PANE,0,
f_50366_,PURPLE_STAINED_GLASS_PANE,0,
f_50367_,BLUE_STAINED_GLASS_PANE,0,
f_50368_,BROWN_STAINED_GLASS_PANE,0,
f_50369_,GREEN_STAINED_GLASS_PANE,0,
f_50370_,RED_STAINED_GLASS_PANE,0,
f_50371_,BLACK_STAINED_GLASS_PANE,0,
f_50372_,ACACIA_STAIRS,0,
f_50373_,DARK_OAK_STAIRS,0,
f_50374_,SLIME_BLOCK,0,
f_50375_,BARRIER,0,
f_50376_,IRON_TRAPDOOR,0,
f_50377_,PRISMARINE,0,
f_50378_,PRISMARINE_BRICKS,0,
f_50379_,DARK_PRISMARINE,0,
f_50380_,PRISMARINE_STAIRS,0,
f_50381_,PRISMARINE_BRICK_STAIRS,0,
f_50382_,DARK_PRISMARINE_STAIRS,0,
f_50383_,PRISMARINE_SLAB,0,
f_50384_,PRISMARINE_BRICK_SLAB,0,
f_50385_,DARK_PRISMARINE_SLAB,0,
f_50386_,SEA_LANTERN,0,
f_50387_,POLISHED_ANDESITE,0,
f_50388_,PURPLE_WALL_BANNER,0,
f_50389_,BLUE_WALL_BANNER,0,
f_50390_,BROWN_WALL_BANNER,0,
f_50391_,GREEN_WALL_BANNER,0,
f_50392_,RED_WALL_BANNER,0,
f_50393_,BLACK_WALL_BANNER,0,
f_50394_,RED_SANDSTONE,0,
f_50395_,CHISELED_RED_SANDSTONE,0,
f_50396_,CUT_RED_SANDSTONE,0,
f_50397_,RED_SANDSTONE_STAIRS,0,
f_50398_,OAK_SLAB,0,
f_50399_,SPRUCE_SLAB,0,
f_50400_,BIRCH_SLAB,0,
f_50401_,JUNGLE_SLAB,0,
f_50402_,ACACIA_SLAB,0,
f_50403_,DARK_OAK_SLAB,0,
f_50404_,STONE_SLAB,0,
f_50405_,SMOOTH_STONE_SLAB,0,
f_50406_,SANDSTONE_SLAB,0,
f_50407_,CUT_SANDSTONE_SLAB,0,
f_50408_,PETRIFIED_OAK_SLAB,0,
f_50409_,COBBLESTONE_SLAB,0,
f_50410_,BRICK_SLAB,0,
f_50411_,STONE_BRICK_SLAB,0,
f_50412_,NETHER_BRICK_SLAB,0,
f_50413_,QUARTZ_SLAB,0,
f_50414_,WHITE_BANNER,0,
f_50415_,ORANGE_BANNER,0,
f_50416_,MAGENTA_BANNER,0,
f_50417_,LIGHT_BLUE_BANNER,0,
f_50418_,YELLOW_BANNER,0,
f_50419_,LIME_BANNER,0,
f_50420_,PINK_BANNER,0,
f_50421_,GRAY_BANNER,0,
f_50422_,LIGHT_GRAY_BANNER,0,
f_50423_,CYAN_BANNER,0,
f_50424_,PURPLE_BANNER,0,
f_50425_,BLUE_BANNER,0,
f_50426_,BROWN_BANNER,0,
f_50427_,GREEN_BANNER,0,
f_50428_,RED_BANNER,0,
f_50429_,BLACK_BANNER,0,
f_50430_,WHITE_WALL_BANNER,0,
f_50431_,ORANGE_WALL_BANNER,0,
f_50432_,MAGENTA_WALL_BANNER,0,
f_50433_,LIGHT_BLUE_WALL_BANNER,0,
f_50434_,YELLOW_WALL_BANNER,0,
f_50435_,LIME_WALL_BANNER,0,
f_50436_,PINK_WALL_BANNER,0,
f_50437_,GRAY_WALL_BANNER,0,
f_50438_,LIGHT_GRAY_WALL_BANNER,0,
f_50439_,CYAN_WALL_BANNER,0,
f_50440_,GRASS_BLOCK,0,
f_50441_,PURPUR_PILLAR,0,
f_50442_,PURPUR_STAIRS,0,
f_50443_,END_STONE_BRICKS,0,
f_50444_,BEETROOTS,0,
f_50446_,END_GATEWAY,0,
f_50447_,REPEATING_COMMAND_BLOCK,0,
f_50448_,CHAIN_COMMAND_BLOCK,0,
f_50449_,FROSTED_ICE,0,
f_50450_,MAGMA_BLOCK,0,
f_50451_,NETHER_WART_BLOCK,0,
f_50452_,RED_NETHER_BRICKS,0,
f_50453_,BONE_BLOCK,0,
f_50454_,STRUCTURE_VOID,0,
f_50455_,OBSERVER,0,
f_50456_,SHULKER_BOX,0,
f_50457_,WHITE_SHULKER_BOX,0,
f_50458_,ORANGE_SHULKER_BOX,0,
f_50459_,MAGENTA_SHULKER_BOX,0,
f_50460_,LIGHT_BLUE_SHULKER_BOX,0,
f_50461_,YELLOW_SHULKER_BOX,0,
f_50462_,LIME_SHULKER_BOX,0,
f_50463_,PINK_SHULKER_BOX,0,
f_50464_,GRAY_SHULKER_BOX,0,
f_50465_,LIGHT_GRAY_SHULKER_BOX,0,
f_50466_,CYAN_SHULKER_BOX,0,
f_50467_,RED_SANDSTONE_SLAB,0,
f_50468_,CUT_RED_SANDSTONE_SLAB,0,
f_50469_,PURPUR_SLAB,0,
f_50470_,SMOOTH_STONE,0,
f_50471_,SMOOTH_SANDSTONE,0,
f_50472_,SMOOTH_QUARTZ,0,
f_50473_,SMOOTH_RED_SANDSTONE,0,
f_50474_,SPRUCE_FENCE_GATE,0,
f_50475_,BIRCH_FENCE_GATE,0,
f_50476_,JUNGLE_FENCE_GATE,0,
f_50477_,ACACIA_FENCE_GATE,0,
f_50478_,DARK_OAK_FENCE_GATE,0,
f_50479_,SPRUCE_FENCE,0,
f_50480_,BIRCH_FENCE,0,
f_50481_,JUNGLE_FENCE,0,
f_50482_,ACACIA_FENCE,0,
f_50483_,DARK_OAK_FENCE,0,
f_50484_,SPRUCE_DOOR,0,
f_50485_,BIRCH_DOOR,0,
f_50486_,JUNGLE_DOOR,0,
f_50487_,ACACIA_DOOR,0,
f_50488_,DARK_OAK_DOOR,0,
f_50489_,END_ROD,0,
f_50490_,CHORUS_PLANT,0,
f_50491_,CHORUS_FLOWER,0,
f_50492_,PURPUR_BLOCK,0,
f_50493_,DIRT,0,
f_50494_,YELLOW_CONCRETE,0,
f_50495_,LIME_CONCRETE,0,
f_50496_,PINK_CONCRETE,0,
f_50497_,GRAY_CONCRETE,0,
f_50498_,LIGHT_GRAY_CONCRETE,0,
f_50499_,CYAN_CONCRETE,0,
f_50500_,PURPLE_CONCRETE,0,
f_50501_,BLUE_CONCRETE,0,
f_50502_,BROWN_CONCRETE,0,
f_50503_,GREEN_CONCRETE,0,
f_50504_,RED_CONCRETE,0,
f_50505_,BLACK_CONCRETE,0,
f_50506_,WHITE_CONCRETE_POWDER,0,
f_50507_,ORANGE_CONCRETE_POWDER,0,
f_50508_,MAGENTA_CONCRETE_POWDER,0,
f_50509_,LIGHT_BLUE_CONCRETE_POWDER,0,
f_50510_,YELLOW_CONCRETE_POWDER,0,
f_50511_,LIME_CONCRETE_POWDER,0,
f_50512_,PINK_CONCRETE_POWDER,0,
f_50513_,GRAY_CONCRETE_POWDER,0,
f_50514_,LIGHT_GRAY_CONCRETE_POWDER,0,
f_50515_,CYAN_CONCRETE_POWDER,0,
f_50516_,PURPLE_CONCRETE_POWDER,0,
f_50517_,BLUE_CONCRETE_POWDER,0,
f_50518_,BROWN_CONCRETE_POWDER,0,
f_50519_,GREEN_CONCRETE_POWDER,0,
f_50520_,PURPLE_SHULKER_BOX,0,
f_50521_,BLUE_SHULKER_BOX,0,
f_50522_,BROWN_SHULKER_BOX,0,
f_50523_,GREEN_SHULKER_BOX,0,
f_50524_,RED_SHULKER_BOX,0,
f_50525_,BLACK_SHULKER_BOX,0,
f_50526_,WHITE_GLAZED_TERRACOTTA,0,
f_50527_,ORANGE_GLAZED_TERRACOTTA,0,
f_50528_,MAGENTA_GLAZED_TERRACOTTA,0,
f_50529_,LIGHT_BLUE_GLAZED_TERRACOTTA,0,
f_50530_,YELLOW_GLAZED_TERRACOTTA,0,
f_50531_,LIME_GLAZED_TERRACOTTA,0,
f_50532_,PINK_GLAZED_TERRACOTTA,0,
f_50533_,GRAY_GLAZED_TERRACOTTA,0,
f_50534_,LIGHT_GRAY_GLAZED_TERRACOTTA,0,
f_50535_,CYAN_GLAZED_TERRACOTTA,0,
f_50536_,PURPLE_GLAZED_TERRACOTTA,0,
f_50537_,BLUE_GLAZED_TERRACOTTA,0,
f_50538_,BROWN_GLAZED_TERRACOTTA,0,
f_50539_,GREEN_GLAZED_TERRACOTTA,0,
f_50540_,RED_GLAZED_TERRACOTTA,0,
f_50541_,BLACK_GLAZED_TERRACOTTA,0,
f_50542_,WHITE_CONCRETE,0,
f_50543_,ORANGE_CONCRETE,0,
f_50544_,MAGENTA_CONCRETE,0,
f_50545_,LIGHT_BLUE_CONCRETE,0,
f_50546_,COARSE_DIRT,0,
f_50547_,DEAD_TUBE_CORAL_FAN,0,
f_50548_,DEAD_BRAIN_CORAL_FAN,0,
f_50549_,DEAD_BUBBLE_CORAL_FAN,0,
f_50550_,DEAD_FIRE_CORAL_FAN,0,
f_50551_,DEAD_HORN_CORAL_FAN,0,
f_50552_,TUBE_CORAL_FAN,0,
f_50553_,BRAIN_CORAL_FAN,0,
f_50554_,BUBBLE_CORAL_FAN,0,
f_50555_,FIRE_CORAL_FAN,0,
f_50556_,HORN_CORAL_FAN,0,
f_50557_,DEAD_TUBE_CORAL_WALL_FAN,0,
f_50558_,DEAD_BRAIN_CORAL_WALL_FAN,0,
f_50559_,DEAD_BUBBLE_CORAL_WALL_FAN,0,
f_50560_,DEAD_FIRE_CORAL_WALL_FAN,0,
f_50561_,DEAD_HORN_CORAL_WALL_FAN,0,
f_50562_,TUBE_CORAL_WALL_FAN,0,
f_50563_,BRAIN_CORAL_WALL_FAN,0,
f_50564_,BUBBLE_CORAL_WALL_FAN,0,
f_50565_,FIRE_CORAL_WALL_FAN,0,
f_50566_,HORN_CORAL_WALL_FAN,0,
f_50567_,SEA_PICKLE,0,
f_50568_,BLUE_ICE,0,
f_50569_,CONDUIT,0,
f_50570_,BAMBOO_SAPLING,0,
f_50571_,BAMBOO,0,
f_50572_,POTTED_BAMBOO,0,
f_50573_,RED_CONCRETE_POWDER,0,
f_50574_,BLACK_CONCRETE_POWDER,0,
f_50575_,KELP,0,
f_50576_,KELP_PLANT,0,
f_50577_,DRIED_KELP_BLOCK,0,
f_50578_,TURTLE_EGG,0,
f_50579_,DEAD_TUBE_CORAL_BLOCK,0,
f_50580_,DEAD_BRAIN_CORAL_BLOCK,0,
f_50581_,DEAD_BUBBLE_CORAL_BLOCK,0,
f_50582_,DEAD_FIRE_CORAL_BLOCK,0,
f_50583_,DEAD_HORN_CORAL_BLOCK,0,
f_50584_,TUBE_CORAL_BLOCK,0,
f_50585_,BRAIN_CORAL_BLOCK,0,
f_50586_,BUBBLE_CORAL_BLOCK,0,
f_50587_,FIRE_CORAL_BLOCK,0,
f_50588_,HORN_CORAL_BLOCK,0,
f_50589_,DEAD_TUBE_CORAL,0,
f_50590_,DEAD_BRAIN_CORAL,0,
f_50591_,DEAD_BUBBLE_CORAL,0,
f_50592_,DEAD_FIRE_CORAL,0,
f_50593_,DEAD_HORN_CORAL,0,
f_50594_,TUBE_CORAL,0,
f_50595_,BRAIN_CORAL,0,
f_50596_,BUBBLE_CORAL,0,
f_50597_,FIRE_CORAL,0,
f_50598_,HORN_CORAL,0,
f_50599_,PODZOL,0,
f_50600_,ANDESITE_SLAB,0,
f_50601_,RED_NETHER_BRICK_SLAB,0,
f_50602_,POLISHED_ANDESITE_SLAB,0,
f_50603_,DIORITE_SLAB,0,
f_50604_,BRICK_WALL,0,
f_50605_,PRISMARINE_WALL,0,
f_50606_,RED_SANDSTONE_WALL,0,
f_50607_,MOSSY_STONE_BRICK_WALL,0,
f_50608_,GRANITE_WALL,0,
f_50609_,STONE_BRICK_WALL,0,
f_50610_,NETHER_BRICK_WALL,0,
f_50611_,ANDESITE_WALL,0,
f_50612_,RED_NETHER_BRICK_WALL,0,
f_50613_,SANDSTONE_WALL,0,
f_50614_,END_STONE_BRICK_WALL,0,
f_50615_,DIORITE_WALL,0,
f_50616_,SCAFFOLDING,0,
f_50617_,LOOM,0,
f_50618_,BARREL,0,
f_50619_,SMOKER,0,
f_50620_,BLAST_FURNACE,0,
f_50621_,CARTOGRAPHY_TABLE,0,
f_50622_,FLETCHING_TABLE,0,
f_50623_,GRINDSTONE,0,
f_50624_,LECTERN,0,
f_50625_,SMITHING_TABLE,0,
f_50626_,VOID_AIR,0,
f_50627_,CAVE_AIR,0,
f_50628_,BUBBLE_COLUMN,0,
f_50629_,POLISHED_GRANITE_STAIRS,0,
f_50630_,SMOOTH_RED_SANDSTONE_STAIRS,0,
f_50631_,MOSSY_STONE_BRICK_STAIRS,0,
f_50632_,POLISHED_DIORITE_STAIRS,0,
f_50633_,MOSSY_COBBLESTONE_STAIRS,0,
f_50634_,END_STONE_BRICK_STAIRS,0,
f_50635_,STONE_STAIRS,0,
f_50636_,SMOOTH_SANDSTONE_STAIRS,0,
f_50637_,SMOOTH_QUARTZ_STAIRS,0,
f_50638_,GRANITE_STAIRS,0,
f_50639_,ANDESITE_STAIRS,0,
f_50640_,RED_NETHER_BRICK_STAIRS,0,
f_50641_,POLISHED_ANDESITE_STAIRS,0,
f_50642_,DIORITE_STAIRS,0,
f_50643_,POLISHED_GRANITE_SLAB,0,
f_50644_,SMOOTH_RED_SANDSTONE_SLAB,0,
f_50645_,MOSSY_STONE_BRICK_SLAB,0,
f_50646_,POLISHED_DIORITE_SLAB,0,
f_50647_,MOSSY_COBBLESTONE_SLAB,0,
f_50648_,END_STONE_BRICK_SLAB,0,
f_50649_,SMOOTH_SANDSTONE_SLAB,0,
f_50650_,SMOOTH_QUARTZ_SLAB,0,
f_50651_,GRANITE_SLAB,0,
f_50652_,COBBLESTONE,0,
f_50653_,TWISTING_VINES_PLANT,0,
f_50654_,CRIMSON_ROOTS,0,
f_50655_,CRIMSON_PLANKS,0,
f_50656_,WARPED_PLANKS,0,
f_50657_,CRIMSON_SLAB,0,
f_50658_,WARPED_SLAB,0,
f_50659_,CRIMSON_PRESSURE_PLATE,0,
f_50660_,WARPED_PRESSURE_PLATE,0,
f_50661_,CRIMSON_FENCE,0,
f_50662_,WARPED_FENCE,0,
f_50663_,CRIMSON_TRAPDOOR,0,
f_50664_,WARPED_TRAPDOOR,0,
f_50665_,CRIMSON_FENCE_GATE,0,
f_50666_,WARPED_FENCE_GATE,0,
f_50667_,CRIMSON_STAIRS,0,
f_50668_,WARPED_STAIRS,0,
f_50669_,CRIMSON_BUTTON,0,
f_50670_,WARPED_BUTTON,0,
f_50671_,CRIMSON_DOOR,0,
f_50672_,WARPED_DOOR,0,
f_50673_,CRIMSON_SIGN,0,
f_50674_,WARPED_SIGN,0,
f_50675_,CRIMSON_WALL_SIGN,0,
f_50676_,WARPED_WALL_SIGN,0,
f_50677_,STRUCTURE_BLOCK,0,
f_50678_,JIGSAW,0,
f_50679_,STONECUTTER,0,
f_50680_,BELL,0,
f_50681_,LANTERN,0,
f_50682_,SOUL_LANTERN,0,
f_50683_,CAMPFIRE,0,
f_50684_,SOUL_CAMPFIRE,0,
f_50685_,SWEET_BERRY_BUSH,0,
f_50686_,WARPED_STEM,0,
f_50687_,STRIPPED_WARPED_STEM,0,
f_50688_,WARPED_HYPHAE,0,
f_50689_,STRIPPED_WARPED_HYPHAE,0,
f_50690_,WARPED_NYLIUM,0,
f_50691_,WARPED_FUNGUS,0,
f_50692_,WARPED_WART_BLOCK,0,
f_50693_,WARPED_ROOTS,0,
f_50694_,NETHER_SPROUTS,0,
f_50695_,CRIMSON_STEM,0,
f_50696_,STRIPPED_CRIMSON_STEM,0,
f_50697_,CRIMSON_HYPHAE,0,
f_50698_,STRIPPED_CRIMSON_HYPHAE,0,
f_50699_,CRIMSON_NYLIUM,0,
f_50700_,CRIMSON_FUNGUS,0,
f_50701_,SHROOMLIGHT,0,
f_50702_,WEEPING_VINES,0,
f_50703_,WEEPING_VINES_PLANT,0,
f_50704_,TWISTING_VINES,0,
f_50705_,OAK_PLANKS,0,
f_50706_,GILDED_BLACKSTONE,0,
f_50707_,POLISHED_BLACKSTONE_STAIRS,0,
f_50708_,POLISHED_BLACKSTONE_SLAB,0,
f_50709_,POLISHED_BLACKSTONE_PRESSURE_PLATE,0,
f_50710_,POLISHED_BLACKSTONE_BUTTON,0,
f_50711_,POLISHED_BLACKSTONE_WALL,0,
f_50712_,CHISELED_NETHER_BRICKS,0,
f_50713_,CRACKED_NETHER_BRICKS,0,
f_50714_,QUARTZ_BRICKS,0,
f_50715_,COMPOSTER,0,
f_50716_,TARGET,0,
f_50717_,BEE_NEST,0,
f_50718_,BEEHIVE,0,
f_50719_,HONEY_BLOCK,0,
f_50720_,HONEYCOMB_BLOCK,0,
f_50721_,NETHERITE_BLOCK,0,
f_50722_,ANCIENT_DEBRIS,0,
f_50723_,CRYING_OBSIDIAN,0,
f_50724_,RESPAWN_ANCHOR,0,
f_50725_,POTTED_CRIMSON_FUNGUS,0,
f_50726_,POTTED_WARPED_FUNGUS,0,
f_50727_,POTTED_CRIMSON_ROOTS,0,
f_50728_,POTTED_WARPED_ROOTS,0,
f_50729_,LODESTONE,0,
f_50730_,BLACKSTONE,0,
f_50731_,BLACKSTONE_STAIRS,0,
f_50732_,BLACKSTONE_WALL,0,
f_50733_,BLACKSTONE_SLAB,0,
f_50734_,POLISHED_BLACKSTONE,0,
f_50735_,POLISHED_BLACKSTONE_BRICKS,0,
f_50736_,CRACKED_POLISHED_BLACKSTONE_BRICKS,0,
f_50737_,CHISELED_POLISHED_BLACKSTONE,0,
f_50738_,POLISHED_BLACKSTONE_BRICK_SLAB,0,
f_50739_,POLISHED_BLACKSTONE_BRICK_STAIRS,0,
f_50740_,POLISHED_BLACKSTONE_BRICK_WALL,0,
f_50741_,SPRUCE_PLANKS,0,
f_50742_,BIRCH_PLANKS,0,
f_50743_,JUNGLE_PLANKS,0,
f_50744_,ACACIA_PLANKS,0,
f_50745_,DARK_OAK_PLANKS,0,
f_50746_,OAK_SAPLING,0,
f_50747_,SPRUCE_SAPLING,0,
f_50748_,BIRCH_SAPLING,0,
f_50749_,JUNGLE_SAPLING,0,
f_50750_,ACACIA_SAPLING,0,
f_50751_,DARK_OAK_SAPLING,0,
f_50752_,BEDROCK,0,
f_50905_,HAS_BOTTLE,0,
f_50906_,SHAPE,0,
f_50956_,DRAG_DOWN,0,
f_51045_,POWERED,0,
f_51046_,CEILING_AABB_X,0,
f_51047_,CEILING_AABB_Z,0,
f_51048_,FLOOR_AABB_X,0,
f_51049_,FLOOR_AABB_Z,0,
f_51050_,NORTH_AABB,0,
f_51051_,SOUTH_AABB,0,
f_51052_,WEST_AABB,0,
f_51053_,EAST_AABB,0,
f_51054_,PRESSED_CEILING_AABB_X,0,
f_51055_,PRESSED_CEILING_AABB_Z,0,
f_51056_,PRESSED_FLOOR_AABB_X,0,
f_51057_,PRESSED_FLOOR_AABB_Z,0,
f_51058_,PRESSED_NORTH_AABB,0,
f_51059_,PRESSED_SOUTH_AABB,0,
f_51060_,PRESSED_WEST_AABB,0,
f_51061_,PRESSED_EAST_AABB,0,
f_51128_,$SwitchMap$net$minecraft$core$Direction,0,
f_51129_,$SwitchMap$net$minecraft$world$level$block$state$properties$AttachFace,0,
f_51131_,AGE,0,
f_51132_,COLLISION_SHAPE,0,
f_51133_,OUTLINE_SHAPE,0,
f_51180_,BITES,0,
f_51181_,SHAPE_BY_BITE,0,
f_51226_,SHAPE,0,
f_51227_,LIT,0,
f_51228_,SIGNAL_FIRE,0,
f_51229_,WATERLOGGED,0,
f_51230_,FACING,0,
f_51231_,VIRTUAL_FENCE_POST,0,
f_51232_,spawnParticles,0,
f_51233_,fireDamage,0,
f_51325_,SHAPE_BY_AGE,0,
f_51336_,composite,0,
f_51346_,CONTAINER_TITLE,0,
f_51367_,FACING,0,
f_51368_,snowGolemBase,0,
f_51369_,snowGolemFull,0,
f_51370_,ironGolemBase,0,
f_51371_,ironGolemFull,0,
f_51372_,PUMPKINS_PREDICATE,0,
f_51446_,WATERLOGGED,0,
f_51447_,Y_AXIS_AABB,0,
f_51448_,Z_AXIS_AABB,0,
f_51449_,X_AXIS_AABB,0,
f_51476_,$SwitchMap$net$minecraft$core$Direction$Axis,0,
f_51478_,FACING,0,
f_51479_,TYPE,0,
f_51480_,WATERLOGGED,0,
f_51481_,NORTH_AABB,0,
f_51482_,SOUTH_AABB,0,
f_51483_,WEST_AABB,0,
f_51484_,EAST_AABB,0,
f_51485_,AABB,0,
f_51486_,CHEST_COMBINER,0,
f_51487_,MENU_PROVIDER_COMBINER,0,
f_51612_,val$first,0,
f_51613_,val$second,0,
f_51614_,val$container,0,
f_51626_,val$entity,0,
f_51645_,$SwitchMap$net$minecraft$core$Direction,0,
f_51647_,AGE,0,
f_51648_,plant,0,
f_51736_,AGE,0,
f_51737_,EAST_AABB,0,
f_51738_,WEST_AABB,0,
f_51739_,NORTH_AABB,0,
f_51740_,SOUTH_AABB,0,
f_51791_,$SwitchMap$net$minecraft$core$Direction,0,
f_51793_,FACING,0,
f_51794_,CONDITIONAL,0,
f_51795_,LOGGER,0,
f_51854_,MODE,0,
f_51913_,LEVEL,0,
f_51914_,COMPOSTABLES,0,
f_51915_,OUTER_SHAPE,0,
f_51916_,SHAPES,0,
f_52017_,state,0,
f_52018_,level,0,
f_52019_,pos,0,
f_52020_,changed,0,
f_52037_,state,0,
f_52038_,level,0,
f_52039_,pos,0,
f_52040_,changed,0,
f_52058_,concrete,0,
f_52090_,WATERLOGGED,0,
f_52091_,SHAPE,0,
f_52128_,deadBlock,0,
f_52149_,deadBlock,0,
f_52171_,SHAPE,0,
f_52172_,deadBlock,0,
f_52200_,deadBlock,0,
f_52222_,CONTAINER_TITLE,0,
f_52243_,SHAPE_BY_AGE,0,
f_52244_,AGE,0,
f_52309_,NORTH,0,
f_52310_,EAST,0,
f_52311_,SOUTH,0,
f_52312_,WEST,0,
f_52313_,WATERLOGGED,0,
f_52314_,PROPERTY_BY_DIRECTION,0,
f_52315_,collisionShapeByIndex,0,
f_52316_,shapeByIndex,0,
f_52317_,stateToIndex,0,
f_52367_,$SwitchMap$net$minecraft$world$level$block$Rotation,0,
f_52368_,$SwitchMap$net$minecraft$world$level$block$Mirror,0,
f_52377_,POWER,0,
f_52378_,INVERTED,0,
f_52379_,SHAPE,0,
f_52414_,SHAPE,0,
f_52427_,SHAPE,0,
f_52428_,POWERED,0,
f_52491_,$SwitchMap$net$minecraft$world$level$block$state$properties$RailShape,0,
f_52492_,$SwitchMap$net$minecraft$world$level$block$Rotation,0,
f_52493_,$SwitchMap$net$minecraft$world$level$block$Mirror,0,
f_52495_,SHAPE,0,
f_52496_,POWERED,0,
f_52588_,FACING,0,
f_52599_,dimension,0,
f_52600_,smokey,0,
f_52601_,light,0,
f_52602_,block,0,
f_52603_,fluid,0,
f_52640_,x,0,
f_52641_,y,0,
f_52642_,z,0,
f_52645_,dimension,0,
f_52646_,smokey,0,
f_52647_,light,0,
f_52648_,block,0,
f_52649_,fluid,0,
f_52659_,FACING,0,
f_52660_,TRIGGERED,0,
f_52661_,DISPENSER_REGISTRY,0,
f_52726_,FACING,0,
f_52727_,OPEN,0,
f_52728_,HINGE,0,
f_52729_,POWERED,0,
f_52730_,HALF,0,
f_52731_,SOUTH_AABB,0,
f_52732_,NORTH_AABB,0,
f_52733_,WEST_AABB,0,
f_52734_,EAST_AABB,0,
f_52819_,$SwitchMap$net$minecraft$core$Direction,0,
f_52820_,$SwitchMap$net$minecraft$world$level$pathfinder$PathComputationType,0,
f_52846_,first,0,
f_52847_,second,0,
f_52853_,single,0,
f_52858_,HALF,0,
f_52908_,SHAPE,0,
f_52939_,DISPENSE_BEHAVIOUR,0,
f_53014_,SHAPE,0,
f_53042_,FACING,0,
f_53043_,HAS_EYE,0,
f_53044_,BASE_SHAPE,0,
f_53045_,EYE_SHAPE,0,
f_53046_,FULL_SHAPE,0,
f_53047_,portalShape,0,
f_53115_,FACING,0,
f_53116_,WATERLOGGED,0,
f_53117_,SHAPE,0,
f_53118_,CONTAINER_TITLE,0,
f_53179_,FACE,0,
f_53202_,$SwitchMap$net$minecraft$world$level$block$state$properties$AttachFace,0,
f_53243_,MOISTURE,0,
f_53244_,SHAPE,0,
f_53300_,occlusionByIndex,0,
f_53341_,OPEN,0,
f_53342_,POWERED,0,
f_53343_,IN_WALL,0,
f_53344_,Z_SHAPE,0,
f_53345_,X_SHAPE,0,
f_53346_,Z_SHAPE_LOW,0,
f_53347_,X_SHAPE_LOW,0,
f_53348_,Z_COLLISION_SHAPE,0,
f_53349_,X_COLLISION_SHAPE,0,
f_53350_,Z_OCCLUSION_SHAPE,0,
f_53351_,X_OCCLUSION_SHAPE,0,
f_53352_,Z_OCCLUSION_SHAPE_LOW,0,
f_53353_,X_OCCLUSION_SHAPE_LOW,0,
f_53406_,$SwitchMap$net$minecraft$world$level$pathfinder$PathComputationType,0,
f_53408_,AGE,0,
f_53409_,NORTH,0,
f_53410_,EAST,0,
f_53411_,SOUTH,0,
f_53412_,WEST,0,
f_53413_,UP,0,
f_53414_,PROPERTY_BY_DIRECTION,0,
f_53415_,UP_AABB,0,
f_53416_,WEST_AABB,0,
f_53417_,EAST_AABB,0,
f_53418_,NORTH_AABB,0,
f_53419_,SOUTH_AABB,0,
f_53420_,shapesCache,0,
f_53422_,burnOdds,0,
f_53507_,SHAPE,0,
f_53523_,SHAPE,0,
f_53524_,POTTED_BY_CONTENT,0,
f_53561_,AGE,0,
f_53596_,SHAPE,0,
f_53597_,feature,0,
f_53741_,WALL_SOUTH_ALL_LEGS,0,
f_53742_,WALL_SOUTH_GRINDSTONE,0,
f_53743_,WALL_NORTH_LEFT_POST,0,
f_53744_,WALL_NORTH_RIGHT_POST,0,
f_53745_,WALL_NORTH_LEFT_PIVOT,0,
f_53746_,WALL_NORTH_RIGHT_PIVOT,0,
f_53747_,WALL_NORTH_LEFT_LEG,0,
f_53748_,WALL_NORTH_RIGHT_LEG,0,
f_53749_,WALL_NORTH_ALL_LEGS,0,
f_53750_,WALL_NORTH_GRINDSTONE,0,
f_53751_,WALL_WEST_LEFT_POST,0,
f_53752_,WALL_WEST_RIGHT_POST,0,
f_53753_,WALL_WEST_LEFT_PIVOT,0,
f_53754_,WALL_WEST_RIGHT_PIVOT,0,
f_53755_,WALL_WEST_LEFT_LEG,0,
f_53756_,WALL_WEST_RIGHT_LEG,0,
f_53757_,WALL_WEST_ALL_LEGS,0,
f_53758_,WALL_WEST_GRINDSTONE,0,
f_53759_,WALL_EAST_LEFT_POST,0,
f_53760_,WALL_EAST_RIGHT_POST,0,
f_53761_,WALL_EAST_LEFT_PIVOT,0,
f_53762_,WALL_EAST_RIGHT_PIVOT,0,
f_53763_,WALL_EAST_LEFT_LEG,0,
f_53764_,WALL_EAST_RIGHT_LEG,0,
f_53765_,WALL_EAST_ALL_LEGS,0,
f_53766_,WALL_EAST_GRINDSTONE,0,
f_53767_,FLOOR_NORTH_SOUTH_LEFT_POST,0,
f_53768_,CONTAINER_TITLE,0,
f_53769_,CEILING_NORTH_SOUTH_LEFT_POST,0,
f_53770_,CEILING_NORTH_SOUTH_RIGHT_POST,0,
f_53771_,CEILING_NORTH_SOUTH_LEFT_PIVOT,0,
f_53772_,CEILING_NORTH_SOUTH_RIGHT_PIVOT,0,
f_53773_,CEILING_NORTH_SOUTH_LEFT_LEG,0,
f_53774_,CEILING_NORTH_SOUTH_RIGHT_LEG,0,
f_53775_,CEILING_NORTH_SOUTH_ALL_LEGS,0,
f_53776_,CEILING_NORTH_SOUTH_GRINDSTONE,0,
f_53777_,CEILING_EAST_WEST_LEFT_POST,0,
f_53778_,CEILING_EAST_WEST_RIGHT_POST,0,
f_53779_,CEILING_EAST_WEST_LEFT_PIVOT,0,
f_53780_,CEILING_EAST_WEST_RIGHT_PIVOT,0,
f_53781_,CEILING_EAST_WEST_LEFT_LEG,0,
f_53782_,CEILING_EAST_WEST_RIGHT_LEG,0,
f_53783_,CEILING_EAST_WEST_ALL_LEGS,0,
f_53784_,CEILING_EAST_WEST_GRINDSTONE,0,
f_53785_,FLOOR_NORTH_SOUTH_RIGHT_POST,0,
f_53786_,FLOOR_NORTH_SOUTH_LEFT_PIVOT,0,
f_53787_,FLOOR_NORTH_SOUTH_RIGHT_PIVOT,0,
f_53788_,FLOOR_NORTH_SOUTH_LEFT_LEG,0,
f_53789_,FLOOR_NORTH_SOUTH_RIGHT_LEG,0,
f_53790_,FLOOR_NORTH_SOUTH_ALL_LEGS,0,
f_53791_,FLOOR_NORTH_SOUTH_GRINDSTONE,0,
f_53792_,FLOOR_EAST_WEST_LEFT_POST,0,
f_53793_,FLOOR_EAST_WEST_RIGHT_POST,0,
f_53794_,FLOOR_EAST_WEST_LEFT_PIVOT,0,
f_53795_,FLOOR_EAST_WEST_RIGHT_PIVOT,0,
f_53796_,FLOOR_EAST_WEST_LEFT_LEG,0,
f_53797_,FLOOR_EAST_WEST_RIGHT_LEG,0,
f_53798_,FLOOR_EAST_WEST_ALL_LEGS,0,
f_53799_,FLOOR_EAST_WEST_GRINDSTONE,0,
f_53800_,WALL_SOUTH_LEFT_POST,0,
f_53801_,WALL_SOUTH_RIGHT_POST,0,
f_53802_,WALL_SOUTH_LEFT_PIVOT,0,
f_53803_,WALL_SOUTH_RIGHT_PIVOT,0,
f_53804_,WALL_SOUTH_LEFT_LEG,0,
f_53805_,WALL_SOUTH_RIGHT_LEG,0,
f_53857_,$SwitchMap$net$minecraft$world$level$block$state$properties$AttachFace,0,
f_53859_,growthDirection,0,
f_53860_,scheduleFluidTicks,0,
f_53861_,shape,0,
f_53924_,AGE,0,
f_53925_,growPerTickProbability,0,
f_53982_,SHAPE,0,
f_54021_,FACING,0,
f_54022_,ENABLED,0,
f_54023_,TOP,0,
f_54024_,FUNNEL,0,
f_54025_,CONVEX_BASE,0,
f_54026_,BASE,0,
f_54027_,DOWN_SHAPE,0,
f_54028_,EAST_SHAPE,0,
f_54029_,NORTH_SHAPE,0,
f_54030_,SOUTH_SHAPE,0,
f_54031_,WEST_SHAPE,0,
f_54032_,DOWN_INTERACTION_SHAPE,0,
f_54033_,EAST_INTERACTION_SHAPE,0,
f_54034_,NORTH_INTERACTION_SHAPE,0,
f_54035_,SOUTH_INTERACTION_SHAPE,0,
f_54036_,WEST_INTERACTION_SHAPE,0,
f_54115_,$SwitchMap$net$minecraft$core$Direction,0,
f_54117_,FACING,0,
f_54127_,NORTH,0,
f_54128_,EAST,0,
f_54129_,SOUTH,0,
f_54130_,WEST,0,
f_54131_,UP,0,
f_54132_,DOWN,0,
f_54133_,PROPERTY_BY_DIRECTION,0,
f_54174_,hostBlock,0,
f_54175_,BLOCK_BY_HOST_BLOCK,0,
f_54222_,ORIENTATION,0,
f_54254_,HAS_RECORD,0,
f_54297_,SHAPE,0,
f_54337_,FACING,0,
f_54338_,WATERLOGGED,0,
f_54339_,EAST_AABB,0,
f_54340_,WEST_AABB,0,
f_54341_,SOUTH_AABB,0,
f_54342_,NORTH_AABB,0,
f_54378_,$SwitchMap$net$minecraft$core$Direction,0,
f_54418_,DISTANCE,0,
f_54419_,PERSISTENT,0,
f_54465_,FACING,0,
f_54466_,POWERED,0,
f_54467_,HAS_BOOK,0,
f_54468_,SHAPE_BASE,0,
f_54469_,SHAPE_POST,0,
f_54470_,SHAPE_COMMON,0,
f_54471_,SHAPE_TOP_PLATE,0,
f_54472_,SHAPE_COLLISION,0,
f_54473_,SHAPE_WEST,0,
f_54474_,SHAPE_NORTH,0,
f_54475_,SHAPE_EAST,0,
f_54476_,SHAPE_SOUTH,0,
f_54591_,$SwitchMap$net$minecraft$core$Direction,0,
f_54612_,lootTable,0,
f_54622_,POWERED,0,
f_54623_,NORTH_AABB,0,
f_54624_,SOUTH_AABB,0,
f_54625_,WEST_AABB,0,
f_54626_,EAST_AABB,0,
f_54627_,UP_AABB_Z,0,
f_54628_,UP_AABB_X,0,
f_54629_,DOWN_AABB_Z,0,
f_54630_,DOWN_AABB_X,0,
f_54684_,$SwitchMap$net$minecraft$core$Direction$Axis,0,
f_54685_,$SwitchMap$net$minecraft$core$Direction,0,
f_54686_,$SwitchMap$net$minecraft$world$level$block$state$properties$AttachFace,0,
f_54688_,LEVEL,0,
f_54689_,fluid,0,
f_54690_,STABLE_SHAPE,0,
f_54691_,stateCache,0,
f_54774_,CONTAINER_TITLE,0,
f_54835_,rotation,0,
f_54855_,SHAPE,0,
f_54904_,AXIS,0,
f_54905_,X_AXIS_AABB,0,
f_54906_,Z_AXIS_AABB,0,
f_54946_,$SwitchMap$net$minecraft$core$Direction$Axis,0,
f_54947_,$SwitchMap$net$minecraft$world$level$block$Rotation,0,
f_54949_,SHAPE,0,
f_54967_,AGE,0,
f_54968_,SHAPE_BY_AGE,0,
f_55011_,INSTRUMENT,0,
f_55012_,POWERED,0,
f_55013_,NOTE,0,
f_55082_,POWERED,0,
f_55148_,NORTH,0,
f_55149_,EAST,0,
f_55150_,SOUTH,0,
f_55151_,WEST,0,
f_55152_,UP,0,
f_55153_,DOWN,0,
f_55154_,PROPERTY_BY_DIRECTION,0,
f_55155_,shapeByIndex,0,
f_55156_,DIRECTIONS,0,
f_55195_,SHAPE_BY_AGE,0,
f_55214_,SHAPE,0,
f_55215_,POWERED,0,
f_55245_,$SwitchMap$net$minecraft$world$level$block$state$properties$RailShape,0,
f_55246_,$SwitchMap$net$minecraft$world$level$block$Rotation,0,
f_55247_,$SwitchMap$net$minecraft$world$level$block$Mirror,0,
f_55249_,POWERED,0,
f_55297_,ERROR_EMPTY,0,
f_55298_,ERROR_SWAPPED,0,
f_55364_,ANY,0,
f_55365_,minSq,0,
f_55366_,maxSq,0,
f_55392_,SHAPE,0,
f_55410_,$SwitchMap$net$minecraft$world$level$block$state$properties$RailShape,0,
f_55411_,$SwitchMap$net$minecraft$world$level$block$Rotation,0,
f_55412_,$SwitchMap$net$minecraft$world$level$block$Mirror,0,
f_55414_,level,0,
f_55415_,pos,0,
f_55416_,block,0,
f_55417_,state,0,
f_55418_,isStraight,0,
f_55419_,connections,0,
f_55448_,$SwitchMap$net$minecraft$world$level$block$state$properties$RailShape,0,
f_55450_,LIT,0,
f_55496_,NORTH,0,
f_55497_,EAST,0,
f_55498_,SOUTH,0,
f_55499_,WEST,0,
f_55500_,POWER,0,
f_55501_,PROPERTY_BY_DIRECTION,0,
f_55502_,SHAPE_DOT,0,
f_55503_,SHAPES_FLOOR,0,
f_55504_,SHAPES_UP,0,
f_55505_,SHAPES_CACHE,0,
f_55506_,COLORS,0,
f_55507_,crossState,0,
f_55508_,shouldSignal,0,
f_55650_,$SwitchMap$net$minecraft$world$level$block$state$properties$RedstoneSide,0,
f_55651_,$SwitchMap$net$minecraft$world$level$block$Rotation,0,
f_55652_,$SwitchMap$net$minecraft$world$level$block$Mirror,0,
f_55654_,LIT,0,
f_55674_,LIT,0,
f_55675_,RECENT_TOGGLES,0,
f_55731_,pos,0,
f_55732_,when,0,
f_55740_,FACING,0,
f_55741_,LIT,0,
f_55797_,LOCKED,0,
f_55798_,DELAY,0,
f_55833_,CHARGE,0,
f_55834_,RESPAWN_HORIZONTAL_OFFSETS,0,
f_55835_,RESPAWN_OFFSETS,0,
f_55896_,val$pos,0,
f_55897_,val$inWater,0,
f_55909_,SHAPE,0,
f_55923_,AXIS,0,
f_55934_,$SwitchMap$net$minecraft$core$Direction$Axis,0,
f_55935_,$SwitchMap$net$minecraft$world$level$block$Rotation,0,
f_55941_,rotation,0,
f_55973_,STAGE,0,
f_55974_,SHAPE,0,
f_55975_,treeGrower,0,
f_56012_,DISTANCE,0,
f_56013_,WATERLOGGED,0,
f_56014_,BOTTOM,0,
f_56015_,STABLE_SHAPE,0,
f_56016_,UNSTABLE_SHAPE,0,
f_56017_,UNSTABLE_SHAPE_BOTTOM,0,
f_56018_,BELOW_BLOCK,0,
f_56074_,PICKLES,0,
f_56075_,WATERLOGGED,0,
f_56076_,ONE_AABB,0,
f_56077_,TWO_AABB,0,
f_56078_,THREE_AABB,0,
f_56079_,FOUR_AABB,0,
f_56183_,FACING,0,
f_56184_,CONTENTS,0,
f_56185_,color,0,
f_56266_,$SwitchMap$net$minecraft$world$item$DyeColor,0,
f_56268_,WATERLOGGED,0,
f_56269_,SHAPE,0,
f_56270_,type,0,
f_56314_,ROTATION,0,
f_56315_,SHAPE,0,
f_56353_,TYPE,0,
f_56354_,WATERLOGGED,0,
f_56355_,BOTTOM_AABB,0,
f_56356_,TOP_AABB,0,
f_56398_,$SwitchMap$net$minecraft$world$level$block$state$properties$SlabType,0,
f_56399_,$SwitchMap$net$minecraft$world$level$pathfinder$PathComputationType,0,
f_56417_,CONTAINER_TITLE,0,
f_56473_,transformation,0,
f_56474_,name,0,
f_56475_,rotatedDirections,0,
f_56476_,invertX,0,
f_56478_,invertY,0,
f_56479_,invertZ,0,
f_56480_,permutation,0,
f_56481_,cayleyTable,0,
f_56482_,inverseTable,0,
f_56545_,$SwitchMap$net$minecraft$core$Direction$Axis,0,
f_56566_,amplifier,0,
f_56567_,duration,0,
f_56568_,ambient,0,
f_56569_,visible,0,
f_56581_,LAYERS,0,
f_56582_,SHAPE_BY_LAYER,0,
f_56635_,$SwitchMap$net$minecraft$world$level$pathfinder$PathComputationType,0,
f_56637_,SNOWY,0,
f_56669_,SHAPE,0,
f_56710_,NYLIUM,0,
f_56711_,FUNGUS,0,
f_56712_,ROOTS,0,
f_56713_,SHROOMLIGHT,0,
f_56714_,WEEPING_VINES,0,
f_56715_,TWISTING_VINES,0,
f_56716_,SOUL_SAND,0,
f_56717_,SOUL_SOIL,0,
f_56718_,BASALT,0,
f_56719_,WART_BLOCK,0,
f_56720_,NETHERRACK,0,
f_56721_,NETHER_BRICKS,0,
f_56722_,NETHER_SPROUTS,0,
f_56723_,NETHER_ORE,0,
f_56724_,BONE_BLOCK,0,
f_56725_,NETHERITE_BLOCK,0,
f_56726_,ANCIENT_DEBRIS,0,
f_56727_,LODESTONE,0,
f_56728_,CHAIN,0,
f_56729_,NETHER_GOLD_ORE,0,
f_56730_,GILDED_BLACKSTONE,0,
f_56731_,volume,0,
f_56732_,pitch,0,
f_56733_,breakSound,0,
f_56734_,stepSound,0,
f_56735_,placeSound,0,
f_56736_,WOOD,0,
f_56737_,hitSound,0,
f_56738_,fallSound,0,
f_56739_,GRAVEL,0,
f_56740_,GRASS,0,
f_56741_,LILY_PAD,0,
f_56742_,STONE,0,
f_56743_,METAL,0,
f_56744_,GLASS,0,
f_56745_,WOOL,0,
f_56746_,SAND,0,
f_56747_,SNOW,0,
f_56748_,LADDER,0,
f_56749_,ANVIL,0,
f_56750_,SLIME_BLOCK,0,
f_56751_,HONEY_BLOCK,0,
f_56752_,WET_GRASS,0,
f_56753_,CORAL_BLOCK,0,
f_56754_,BAMBOO,0,
f_56755_,BAMBOO_SAPLING,0,
f_56756_,SCAFFOLDING,0,
f_56757_,SWEET_BERRY_BUSH,0,
f_56758_,CROP,0,
f_56759_,HARD_CROP,0,
f_56760_,VINE,0,
f_56761_,NETHER_WART,0,
f_56762_,LANTERN,0,
f_56763_,STEM,0,
f_56831_,color,0,
f_56836_,color,0,
f_56841_,FACING,0,
f_56842_,HALF,0,
f_56843_,SHAPE,0,
f_56844_,WATERLOGGED,0,
f_56845_,TOP_AABB,0,
f_56846_,BOTTOM_AABB,0,
f_56847_,OCTET_NNN,0,
f_56848_,OCTET_NNP,0,
f_56849_,OCTET_NPN,0,
f_56850_,OCTET_NPP,0,
f_56851_,OCTET_PNN,0,
f_56852_,OCTET_PNP,0,
f_56853_,OCTET_PPN,0,
f_56854_,OCTET_PPP,0,
f_56855_,TOP_SHAPES,0,
f_56856_,BOTTOM_SHAPES,0,
f_56857_,SHAPE_BY_STATE,0,
f_56858_,base,0,
f_56859_,baseState,0,
f_56984_,$SwitchMap$net$minecraft$world$level$block$state$properties$StairsShape,0,
f_56985_,$SwitchMap$net$minecraft$world$level$block$Mirror,0,
f_56987_,ROTATION,0,
f_57013_,AGE,0,
f_57014_,SHAPE_BY_AGE,0,
f_57015_,fruit,0,
f_57063_,FACING,0,
f_57064_,SHAPE,0,
f_57065_,CONTAINER_TITLE,0,
f_57110_,MODE,0,
f_57145_,$SwitchMap$net$minecraft$world$level$block$state$properties$StructureMode,0,
f_57147_,SHAPE,0,
f_57164_,AGE,0,
f_57165_,SHAPE,0,
f_57224_,CENTER_SUPPORT_WIDTH,0,
f_57225_,CENTER_SUPPORT_SHAPE,0,
f_57234_,RIGID_SUPPORT_WIDTH,0,
f_57235_,RIGID_SUPPORT_SHAPE,0,
f_57244_,AGE,0,
f_57245_,SAPLING_SHAPE,0,
f_57246_,MID_GROWTH_SHAPE,0,
f_57315_,SHAPE,0,
f_57376_,OUTPUT_POWER,0,
f_57419_,UNSTABLE,0,
f_57472_,tag,0,
f_57488_,flameParticle,0,
f_57514_,OPEN,0,
f_57515_,HALF,0,
f_57516_,POWERED,0,
f_57517_,WATERLOGGED,0,
f_57518_,EAST_OPEN_AABB,0,
f_57519_,WEST_OPEN_AABB,0,
f_57520_,SOUTH_OPEN_AABB,0,
f_57521_,NORTH_OPEN_AABB,0,
f_57522_,BOTTOM_AABB,0,
f_57523_,TOP_AABB,0,
f_57569_,$SwitchMap$net$minecraft$core$Direction,0,
f_57570_,$SwitchMap$net$minecraft$world$level$pathfinder$PathComputationType,0,
f_57590_,POWERED,0,
f_57591_,ATTACHED,0,
f_57592_,DISARMED,0,
f_57593_,NORTH,0,
f_57594_,EAST,0,
f_57595_,SOUTH,0,
f_57596_,WEST,0,
f_57597_,AABB,0,
f_57598_,NOT_ATTACHED_AABB,0,
f_57599_,PROPERTY_BY_DIRECTION,0,
f_57600_,hook,0,
f_57664_,$SwitchMap$net$minecraft$world$level$block$Rotation,0,
f_57665_,$SwitchMap$net$minecraft$world$level$block$Mirror,0,
f_57667_,FACING,0,
f_57668_,POWERED,0,
f_57669_,ATTACHED,0,
f_57670_,NORTH_AABB,0,
f_57671_,SOUTH_AABB,0,
f_57672_,WEST_AABB,0,
f_57673_,EAST_AABB,0,
f_57751_,$SwitchMap$net$minecraft$core$Direction,0,
f_57753_,HATCH,0,
f_57754_,EGGS,0,
f_57755_,ONE_EGG_AABB,0,
f_57756_,MULTIPLE_EGGS_AABB,0,
f_57833_,UP,0,
f_57834_,NORTH,0,
f_57835_,EAST,0,
f_57836_,SOUTH,0,
f_57837_,WEST,0,
f_57838_,PROPERTY_BY_DIRECTION,0,
f_57839_,UP_AABB,0,
f_57840_,WEST_AABB,0,
f_57841_,EAST_AABB,0,
f_57842_,NORTH_AABB,0,
f_57843_,SOUTH_AABB,0,
f_57844_,shapesCache,0,
f_57913_,$SwitchMap$net$minecraft$world$level$block$Rotation,0,
f_57914_,$SwitchMap$net$minecraft$world$level$block$Mirror,0,
f_57916_,FACING,0,
f_57917_,SHAPES,0,
f_57949_,UP,0,
f_57950_,EAST_WALL,0,
f_57951_,NORTH_WALL,0,
f_57952_,SOUTH_WALL,0,
f_57953_,WEST_WALL,0,
f_57954_,WATERLOGGED,0,
f_57955_,shapeByIndex,0,
f_57956_,collisionShapeByIndex,0,
f_57957_,POST_TEST,0,
f_57958_,NORTH_TEST,0,
f_57959_,SOUTH_TEST,0,
f_57960_,WEST_TEST,0,
f_57961_,EAST_TEST,0,
f_58061_,$SwitchMap$net$minecraft$world$level$block$Rotation,0,
f_58062_,$SwitchMap$net$minecraft$world$level$block$Mirror,0,
f_58064_,FACING,0,
f_58065_,AABBS,0,
f_58097_,FACING,0,
f_58098_,AABBS,0,
f_58119_,FACING,0,
f_58120_,AABBS,0,
f_58159_,AABB,0,
f_58198_,POWER,0,
f_58199_,maxWeight,0,
f_58251_,witherPatternFull,0,
f_58252_,witherPatternBase,0,
f_58288_,color,0,
f_58310_,items,0,
f_58311_,dataAccess,0,
f_58313_,SLOTS_FOR_UP,0,
f_58314_,SLOTS_FOR_DOWN,0,
f_58315_,SLOTS_FOR_SIDES,0,
f_58316_,litTime,0,
f_58317_,litDuration,0,
f_58318_,cookingProgress,0,
f_58319_,cookingTotalTime,0,
f_58320_,recipesUsed,0,
f_58426_,this$0,0,
f_58473_,name,0,
f_58474_,baseColor,0,
f_58477_,patterns,0,
f_58591_,items,0,
f_58621_,lockKey,0,
f_58622_,name,0,
f_58646_,BEACON_EFFECTS,0,
f_58647_,VALID_EFFECTS,0,
f_58648_,beamSections,0,
f_58649_,checkingBeamSections,0,
f_58650_,levels,0,
f_58651_,lastCheckY,0,
f_58652_,primaryPower,0,
f_58653_,secondaryPower,0,
f_58654_,name,0,
f_58655_,lockKey,0,
f_58656_,dataAccess,0,
f_58706_,this$0,0,
f_58715_,color,0,
f_58716_,height,0,
f_58724_,color,0,
f_58732_,stored,0,
f_58733_,savedFlowerPos,0,
f_58783_,ticksInHive,0,
f_58813_,ticks,0,
f_58814_,shaking,0,
f_58815_,clickDirection,0,
f_58816_,lastRingTimestamp,0,
f_58817_,nearbyEntities,0,
f_58818_,resonating,0,
f_58819_,resonationTicks,0,
f_58854_,LOGGER,0,
f_58855_,type,0,
f_58856_,blockState,0,
f_58857_,level,0,
f_58858_,worldPosition,0,
f_58859_,remove,0,
f_58906_,SMOKER,0,
f_58907_,BLAST_FURNACE,0,
f_58908_,LECTERN,0,
f_58909_,BELL,0,
f_58910_,JIGSAW,0,
f_58911_,CAMPFIRE,0,
f_58912_,BEEHIVE,0,
f_58913_,LOGGER,0,
f_58914_,factory,0,
f_58915_,validBlocks,0,
f_58916_,dataType,0,
f_58917_,FURNACE,0,
f_58918_,CHEST,0,
f_58919_,TRAPPED_CHEST,0,
f_58920_,ENDER_CHEST,0,
f_58921_,JUKEBOX,0,
f_58922_,DISPENSER,0,
f_58923_,DROPPER,0,
f_58924_,SIGN,0,
f_58925_,MOB_SPAWNER,0,
f_58926_,PISTON,0,
f_58927_,BREWING_STAND,0,
f_58928_,ENCHANTING_TABLE,0,
f_58929_,END_PORTAL,0,
f_58930_,BEACON,0,
f_58931_,SKULL,0,
f_58932_,DAYLIGHT_DETECTOR,0,
f_58933_,HOPPER,0,
f_58934_,COMPARATOR,0,
f_58935_,BANNER,0,
f_58936_,STRUCTURE_BLOCK,0,
f_58937_,END_GATEWAY,0,
f_58938_,COMMAND_BLOCK,0,
f_58939_,SHULKER_BOX,0,
f_58940_,BED,0,
f_58941_,CONDUIT,0,
f_58942_,BARREL,0,
f_58959_,factory,0,
f_58960_,validBlocks,0,
f_58971_,dataAccess,0,
f_58972_,SLOTS_FOR_UP,0,
f_58973_,SLOTS_FOR_DOWN,0,
f_58974_,SLOTS_FOR_SIDES,0,
f_58975_,items,0,
f_58976_,brewTime,0,
f_58977_,lastPotionCount,0,
f_58978_,ingredient,0,
f_58979_,fuel,0,
f_59033_,this$0,0,
f_59042_,items,0,
f_59043_,cookingProgress,0,
f_59044_,cookingTime,0,
f_59073_,items,0,
f_59123_,powered,0,
f_59124_,auto,0,
f_59125_,conditionMet,0,
f_59127_,commandBlock,0,
f_59153_,this$0,0,
f_59173_,output,0,
f_59183_,tickCount,0,
f_59184_,VALID_BLOCKS,0,
f_59185_,activeRotation,0,
f_59186_,isActive,0,
f_59187_,isHunting,0,
f_59188_,effectBlocks,0,
f_59189_,destroyTarget,0,
f_59190_,destroyTargetUUID,0,
f_59191_,nextAmbientSoundActivation,0,
f_59228_,items,0,
f_59301_,items,0,
f_59302_,cooldownTime,0,
f_59303_,tickedGameTime,0,
f_59411_,name,0,
f_59412_,target,0,
f_59413_,pool,0,
f_59414_,joint,0,
f_59415_,finalState,0,
f_59449_,name,0,
f_59525_,bookAccess,0,
f_59526_,dataAccess,0,
f_59527_,book,0,
f_59528_,page,0,
f_59529_,pageCount,0,
f_59572_,this$0,0,
f_59595_,this$0,0,
f_59605_,lootTable,0,
f_59606_,lootTableSeed,0,
f_59644_,SLOTS,0,
f_59645_,itemStacks,0,
f_59646_,openCount,0,
f_59647_,animationStatus,0,
f_59648_,progress,0,
f_59649_,progressOld,0,
f_59650_,color,0,
f_59722_,playerWhoMayEdit,0,
f_59757_,owner,0,
f_59788_,spawner,0,
f_59812_,structureName,0,
f_59813_,author,0,
f_59814_,metaData,0,
f_59815_,structurePos,0,
f_59816_,structureSize,0,
f_59817_,mirror,0,
f_59818_,rotation,0,
f_59819_,mode,0,
f_59820_,ignoreEntities,0,
f_59821_,powered,0,
f_59822_,showAir,0,
f_59823_,showBoundingBox,0,
f_59824_,integrity,0,
f_59825_,seed,0,
f_59925_,LOGGER,0,
f_59926_,age,0,
f_59927_,teleportCooldown,0,
f_59928_,exitPortal,0,
f_59929_,exactTeleport,0,
f_60046_,FACING,0,
f_60047_,TYPE,0,
f_60136_,damage,0,
f_60137_,entity,0,
f_60153_,EXTENDED,0,
f_60154_,EAST_AABB,0,
f_60155_,WEST_AABB,0,
f_60156_,SOUTH_AABB,0,
f_60157_,NORTH_AABB,0,
f_60158_,UP_AABB,0,
f_60159_,DOWN_AABB,0,
f_60160_,isSticky,0,
f_60232_,$SwitchMap$net$minecraft$core$Direction,0,
f_60233_,$SwitchMap$net$minecraft$world$level$material$PushReaction,0,
f_60235_,TYPE,0,
f_60236_,SHORT,0,
f_60237_,EAST_AABB,0,
f_60238_,WEST_AABB,0,
f_60239_,SOUTH_AABB,0,
f_60240_,NORTH_AABB,0,
f_60241_,UP_AABB,0,
f_60242_,DOWN_AABB,0,
f_60243_,UP_ARM_AABB,0,
f_60244_,DOWN_ARM_AABB,0,
f_60245_,SOUTH_ARM_AABB,0,
f_60246_,NORTH_ARM_AABB,0,
f_60247_,EAST_ARM_AABB,0,
f_60248_,WEST_ARM_AABB,0,
f_60249_,SHORT_UP_ARM_AABB,0,
f_60250_,SHORT_DOWN_ARM_AABB,0,
f_60251_,SHORT_SOUTH_ARM_AABB,0,
f_60252_,SHORT_NORTH_ARM_AABB,0,
f_60253_,SHORT_EAST_ARM_AABB,0,
f_60254_,SHORT_WEST_ARM_AABB,0,
f_60255_,SHAPES_SHORT,0,
f_60256_,SHAPES_LONG,0,
f_60326_,$SwitchMap$net$minecraft$core$Direction,0,
f_60332_,$SwitchMap$net$minecraft$core$Direction,0,
f_60334_,movedState,0,
f_60335_,direction,0,
f_60336_,extending,0,
f_60337_,isSourcePiston,0,
f_60338_,NOCLIP,0,
f_60339_,progress,0,
f_60340_,progressO,0,
f_60341_,lastTicked,0,
f_60342_,deathTicks,0,
f_60406_,$SwitchMap$net$minecraft$core$Direction$Axis,0,
f_60407_,$SwitchMap$net$minecraft$core$Direction,0,
f_60409_,level,0,
f_60410_,pistonPos,0,
f_60411_,extending,0,
f_60412_,startPos,0,
f_60413_,pushDirection,0,
f_60414_,toPush,0,
f_60415_,toDestroy,0,
f_60416_,pistonDirection,0,
f_60438_,dynamicShape,0,
f_60439_,properties,0,
f_60440_,drops,0,
f_60441_,UPDATE_SHAPE_ORDER,0,
f_60443_,hasCollision,0,
f_60444_,explosionResistance,0,
f_60445_,isRandomlyTicking,0,
f_60446_,soundType,0,
f_60447_,friction,0,
f_60448_,speedFactor,0,
f_60449_,jumpFactor,0,
f_60591_,$SwitchMap$net$minecraft$world$level$pathfinder$PathComputationType,0,
f_60593_,cache,0,
f_60594_,lightEmission,0,
f_60595_,useShapeForLightOcclusion,0,
f_60596_,isAir,0,
f_60599_,destroySpeed,0,
f_60600_,requiresCorrectToolForDrops,0,
f_60601_,canOcclude,0,
f_60602_,isRedstoneConductor,0,
f_60603_,isSuffocating,0,
f_60604_,isViewBlocking,0,
f_60605_,hasPostProcess,0,
f_60606_,emissiveRendering,0,
f_60841_,solidRender,0,
f_60842_,collisionShape,0,
f_60843_,largeCollisionShape,0,
f_60844_,isCollisionShapeFullBlock,0,
f_60845_,DIRECTIONS,0,
f_60846_,SUPPORT_TYPE_COUNT,0,
f_60847_,propagatesSkylightDown,0,
f_60848_,lightBlock,0,
f_60849_,occlusionShapes,0,
f_60850_,faceSturdy,0,
f_60884_,hasCollision,0,
f_60885_,soundType,0,
f_60886_,lightEmission,0,
f_60887_,explosionResistance,0,
f_60888_,destroyTime,0,
f_60889_,requiresCorrectToolForDrops,0,
f_60890_,isRandomlyTicking,0,
f_60891_,friction,0,
f_60892_,speedFactor,0,
f_60893_,jumpFactor,0,
f_60894_,drops,0,
f_60895_,canOcclude,0,
f_60896_,isAir,0,
f_60897_,isValidSpawn,0,
f_60898_,isRedstoneConductor,0,
f_60899_,isSuffocating,0,
f_60900_,isViewBlocking,0,
f_60901_,hasPostProcess,0,
f_60902_,emissiveRendering,0,
f_60903_,dynamicShape,0,
f_61039_,CODEC,0,
f_61046_,NAME_PATTERN,0,
f_61047_,owner,0,
f_61048_,propertiesByName,0,
f_61049_,states,0,
f_61095_,owner,0,
f_61096_,properties,0,
f_61110_,PROPERTY_ENTRY_TO_STRING_FUNCTION,0,
f_61111_,values,0,
f_61112_,owner,0,
f_61113_,propertiesCodec,0,
f_61114_,neighbours,0,
f_61158_,level,0,
f_61159_,pos,0,
f_61160_,loadChunks,0,
f_61161_,state,0,
f_61162_,entity,0,
f_61163_,cachedEntity,0,
f_61177_,pattern,0,
f_61178_,depth,0,
f_61179_,height,0,
f_61180_,width,0,
f_61204_,level,0,
f_61205_,loadChunks,0,
f_61213_,frontTopLeft,0,
f_61214_,forwards,0,
f_61215_,up,0,
f_61216_,cache,0,
f_61217_,width,0,
f_61218_,height,0,
f_61219_,depth,0,
f_61236_,COMMA_JOINED,0,
f_61237_,pattern,0,
f_61238_,lookup,0,
f_61239_,height,0,
f_61240_,width,0,
f_61272_,block,0,
f_61281_,ANY,0,
f_61282_,definition,0,
f_61283_,properties,0,
f_61305_,name,0,
f_61319_,name,0,
f_61333_,name,0,
f_61349_,name,0,
f_61360_,TRIGGERED,0,
f_61361_,UNSTABLE,0,
f_61362_,WATERLOGGED,0,
f_61364_,HORIZONTAL_AXIS,0,
f_61365_,AXIS,0,
f_61366_,UP,0,
f_61367_,DOWN,0,
f_61368_,NORTH,0,
f_61369_,EAST,0,
f_61370_,SOUTH,0,
f_61371_,WEST,0,
f_61372_,FACING,0,
f_61373_,FACING_HOPPER,0,
f_61374_,HORIZONTAL_FACING,0,
f_61375_,ORIENTATION,0,
f_61376_,ATTACH_FACE,0,
f_61377_,BELL_ATTACHMENT,0,
f_61378_,EAST_WALL,0,
f_61379_,NORTH_WALL,0,
f_61380_,SOUTH_WALL,0,
f_61381_,WEST_WALL,0,
f_61382_,EAST_REDSTONE,0,
f_61383_,NORTH_REDSTONE,0,
f_61384_,SOUTH_REDSTONE,0,
f_61385_,WEST_REDSTONE,0,
f_61386_,ATTACHED,0,
f_61387_,STAGE,0,
f_61388_,STABILITY_DISTANCE,0,
f_61389_,RESPAWN_ANCHOR_CHARGES,0,
f_61390_,ROTATION_16,0,
f_61391_,BED_PART,0,
f_61392_,CHEST_TYPE,0,
f_61393_,MODE_COMPARATOR,0,
f_61394_,DOOR_HINGE,0,
f_61395_,NOTEBLOCK_INSTRUMENT,0,
f_61396_,PISTON_TYPE,0,
f_61397_,SLAB_TYPE,0,
f_61398_,STAIRS_SHAPE,0,
f_61399_,STRUCTUREBLOCK_MODE,0,
f_61400_,BAMBOO_LEAVES,0,
f_61401_,DOUBLE_BLOCK_HALF,0,
f_61402_,HALF,0,
f_61403_,RAIL_SHAPE,0,
f_61404_,RAIL_SHAPE_STRAIGHT,0,
f_61405_,AGE_1,0,
f_61406_,AGE_2,0,
f_61407_,AGE_3,0,
f_61408_,AGE_5,0,
f_61409_,AGE_7,0,
f_61410_,AGE_15,0,
f_61411_,AGE_25,0,
f_61412_,BITES,0,
f_61413_,DELAY,0,
f_61414_,DISTANCE,0,
f_61415_,EGGS,0,
f_61416_,HATCH,0,
f_61417_,LAYERS,0,
f_61418_,LEVEL_CAULDRON,0,
f_61419_,LEVEL_COMPOSTER,0,
f_61420_,LEVEL_FLOWING,0,
f_61421_,LEVEL_HONEY,0,
f_61422_,LEVEL,0,
f_61423_,MOISTURE,0,
f_61424_,NOTE,0,
f_61425_,PICKLES,0,
f_61426_,POWER,0,
f_61427_,BOTTOM,0,
f_61428_,CONDITIONAL,0,
f_61429_,DISARMED,0,
f_61430_,DRAG,0,
f_61431_,ENABLED,0,
f_61432_,EXTENDED,0,
f_61433_,EYE,0,
f_61434_,FALLING,0,
f_61435_,HANGING,0,
f_61436_,HAS_BOTTLE_0,0,
f_61437_,HAS_BOTTLE_1,0,
f_61438_,HAS_BOTTLE_2,0,
f_61439_,HAS_RECORD,0,
f_61440_,HAS_BOOK,0,
f_61441_,INVERTED,0,
f_61442_,IN_WALL,0,
f_61443_,LIT,0,
f_61444_,LOCKED,0,
f_61445_,OCCUPIED,0,
f_61446_,OPEN,0,
f_61447_,PERSISTENT,0,
f_61448_,POWERED,0,
f_61449_,SHORT,0,
f_61450_,SIGNAL_FIRE,0,
f_61451_,SNOWY,0,
f_61457_,values,0,
f_61476_,name,0,
f_61511_,item,0,
f_61512_,entity,0,
f_61528_,name,0,
f_61576_,values,0,
f_61577_,names,0,
f_61609_,name,0,
f_61621_,values,0,
f_61656_,name,0,
f_61657_,soundEvent,0,
f_61674_,name,0,
f_61686_,clazz,0,
f_61687_,name,0,
f_61688_,hashCode,0,
f_61689_,codec,0,
f_61690_,valueCodec,0,
f_61712_,property,0,
f_61713_,value,0,
f_61737_,name,0,
f_61753_,name,0,
f_61769_,name,0,
f_61786_,name,0,
f_61802_,name,0,
f_61803_,displayName,0,
f_61818_,name,0,
f_61830_,OAK,0,
f_61831_,SPRUCE,0,
f_61832_,BIRCH,0,
f_61833_,ACACIA,0,
f_61834_,JUNGLE,0,
f_61835_,DARK_OAK,0,
f_61836_,CRIMSON,0,
f_61837_,WARPED,0,
f_61839_,name,0,
f_61864_,worldBorder,0,
f_61894_,color,0,
f_61905_,listeners,0,
f_61906_,damagePerBlock,0,
f_61907_,DEFAULT_SETTINGS,0,
f_61908_,damageSafeZone,0,
f_61909_,warningTime,0,
f_61910_,warningBlocks,0,
f_61911_,centerX,0,
f_61912_,centerZ,0,
f_61913_,absoluteMaxSize,0,
f_61914_,extent,0,
f_61971_,this$0,0,
f_61972_,from,0,
f_61973_,to,0,
f_61974_,lerpEnd,0,
f_61975_,lerpBegin,0,
f_61976_,lerpDuration,0,
f_62001_,centerX,0,
f_62002_,centerZ,0,
f_62003_,damagePerBlock,0,
f_62004_,safeZone,0,
f_62005_,warningBlocks,0,
f_62006_,warningTime,0,
f_62007_,size,0,
f_62008_,sizeLerpTime,0,
f_62009_,sizeLerpTarget,0,
f_62050_,this$0,0,
f_62051_,size,0,
f_62052_,minX,0,
f_62053_,minZ,0,
f_62054_,maxX,0,
f_62055_,maxZ,0,
f_62056_,shape,0,
f_62136_,CODEC,0,
f_62137_,biomeSource,0,
f_62245_,level,0,
f_62246_,gameType,0,
f_62247_,stats,0,
f_62248_,recipes,0,
f_62249_,advancements,0,
f_62291_,criterions,0,
f_62299_,state,0,
f_62307_,level,0,
f_62308_,gameType,0,
f_62309_,stats,0,
f_62310_,recipes,0,
f_62311_,advancements,0,
f_62551_,data,0,
f_62639_,registry,0,
f_62657_,registry,0,
f_62658_,values,0,
f_62659_,resizeHandler,0,
f_62662_,bits,0,
f_62685_,wrapped,0,
f_62771_,LOGGER,0,
f_62775_,loaded,0,
f_62776_,level,0,
f_62784_,blockTicks,0,
f_62790_,fullStatus,0,
f_62791_,postLoad,0,
f_62969_,nonEmptyBlockCount,0,
f_62970_,tickingBlockCount,0,
f_62971_,tickingFluidCount,0,
f_62972_,states,0,
f_63025_,registry,0,
f_63026_,values,0,
f_63027_,resizeHandler,0,
f_63029_,bits,0,
f_63030_,size,0,
f_63070_,dummyPaletteResize,0,
f_63071_,registry,0,
f_63151_,lightEngine,0,
f_63153_,status,0,
f_63157_,entities,0,
f_63163_,blockTicks,0,
f_63166_,carvingMasks,0,
f_63320_,EMPTY,0,
f_63321_,LOGGER,0,
f_63322_,DIRECTIONS,0,
f_63323_,sides,0,
f_63324_,index,0,
f_63325_,MAP,0,
f_63326_,CHUNKY_FIXERS,0,
f_63363_,DIRECTIONS,0,
f_63422_,queue,0,
f_63449_,LOGGER,0,
f_63495_,worker,0,
f_63496_,fixerUpper,0,
f_63497_,legacyStructureHandler,0,
f_63515_,LOGGER,0,
f_63516_,shutdownRequested,0,
f_63517_,mailbox,0,
f_63518_,storage,0,
f_63519_,pendingWrites,0,
f_63565_,data,0,
f_63566_,result,0,
f_63608_,used,0,
f_63618_,usedSectors,0,
f_63619_,LOGGER,0,
f_63620_,PADDING_BUFFER,0,
f_63621_,file,0,
f_63622_,externalFileDir,0,
f_63623_,version,0,
f_63624_,header,0,
f_63625_,offsets,0,
f_63626_,timestamps,0,
f_63692_,this$0,0,
f_63693_,pos,0,
f_63699_,regionCache,0,
f_63700_,folder,0,
f_63701_,sync,0,
f_63735_,recipe,0,
f_63743_,VERSION_GZIP,0,
f_63744_,VERSION_DEFLATE,0,
f_63745_,VERSION_NONE,0,
f_63746_,VERSIONS,0,
f_63747_,id,0,
f_63748_,inputWrapper,0,
f_63749_,outputWrapper,0,
f_63772_,LOGGER,0,
f_63774_,storage,0,
f_63775_,dirty,0,
f_63776_,codec,0,
f_63777_,factory,0,
f_63836_,infiniburn,0,
f_63837_,effectsLocation,0,
f_63838_,ambientLight,0,
f_63843_,DIRECT_CODEC,0,
f_63844_,MOON_BRIGHTNESS_PER_PHASE,0,
f_63853_,CODEC,0,
f_63854_,fixedTime,0,
f_63856_,hasCeiling,0,
f_63857_,ultraWarm,0,
f_63858_,natural,0,
f_63859_,coordinateScale,0,
f_63862_,bedWorks,0,
f_63863_,respawnAnchorWorks,0,
f_63865_,logicalHeight,0,
f_63970_,CODEC,0,
f_63971_,OVERWORLD,0,
f_63972_,NETHER,0,
f_63973_,END,0,
f_63975_,type,0,
f_63976_,generator,0,
f_64058_,LOGGER,0,
f_64060_,dragonEvent,0,
f_64061_,level,0,
f_64062_,gateways,0,
f_64063_,exitPortalPattern,0,
f_64064_,ticksSinceDragonSeen,0,
f_64065_,crystalsAlive,0,
f_64066_,ticksSinceCrystalsScanned,0,
f_64067_,ticksSinceLastPlayerScan,0,
f_64068_,dragonKilled,0,
f_64069_,previouslyKilled,0,
f_64070_,dragonUUID,0,
f_64071_,needsStateScanning,0,
f_64072_,portalLocation,0,
f_64073_,respawnStage,0,
f_64074_,respawnTime,0,
f_64075_,respawnCrystals,0,
f_64111_,CODEC,0,
f_64112_,AIR,0,
f_64113_,BARRIER,0,
f_64114_,ALL_BLOCKS,0,
f_64115_,GRID_WIDTH,0,
f_64116_,GRID_HEIGHT,0,
f_64164_,CODEC,0,
f_64165_,settings,0,
f_64194_,CODEC,0,
f_64196_,name,0,
f_64230_,NOT_AIR,0,
f_64231_,MATERIAL_MOTION_BLOCKING,0,
f_64232_,data,0,
f_64233_,isOpaque,0,
f_64234_,chunk,0,
f_64274_,CODEC,0,
f_64275_,serializationKey,0,
f_64276_,usage,0,
f_64277_,isOpaque,0,
f_64314_,CODEC,0,
f_64318_,settings,0,
f_64321_,AIR,0,
f_64430_,DIRECT_CODEC,0,
f_64431_,CODEC,0,
f_64432_,OVERWORLD,0,
f_64433_,AMPLIFIED,0,
f_64434_,NETHER,0,
f_64435_,END,0,
f_64436_,CAVES,0,
f_64437_,FLOATING_ISLANDS,0,
f_64439_,noiseSettings,0,
f_64440_,defaultBlock,0,
f_64441_,defaultFluid,0,
f_64444_,seaLevel,0,
f_64445_,disableMobGeneration,0,
f_64507_,CODEC,0,
f_64508_,height,0,
f_64512_,noiseSizeHorizontal,0,
f_64513_,noiseSizeVertical,0,
f_64562_,nextTick,0,
f_64573_,nextTick,0,
f_64600_,CODEC,0,
f_64605_,dimensions,0,
f_64676_,count,0,
f_64846_,DIRECT_CODEC,0,
f_64847_,CODEC,0,
f_64848_,LIST_CODEC,0,
f_64849_,worldCarver,0,
f_64850_,config,0,
f_64974_,CAVE,0,
f_64975_,NETHER_CAVE,0,
f_64976_,CANYON,0,
f_64979_,AIR,0,
f_64980_,CAVE_AIR,0,
f_64981_,WATER,0,
f_64982_,LAVA,0,
f_64984_,liquids,0,
f_64986_,configuredCodec,0,
f_65131_,BAMBOO_TRUNK,0,
f_65132_,BAMBOO_FINAL_LARGE,0,
f_65133_,BAMBOO_TOP_LARGE,0,
f_65134_,BAMBOO_TOP_SMALL,0,
f_65150_,CANNOT_PLACE_ON,0,
f_65373_,DIRECT_CODEC,0,
f_65374_,CODEC,0,
f_65375_,LIST_CODEC,0,
f_65377_,feature,0,
f_65378_,config,0,
f_65477_,item,0,
f_65546_,CANNOT_REPLACE,0,
f_65547_,DIRECTIONS,0,
f_65593_,IS_SAND,0,
f_65594_,sandSlab,0,
f_65595_,sandstone,0,
f_65596_,water,0,
f_65714_,END_PODIUM_LOCATION,0,
f_65715_,active,0,
f_65731_,ORE,0,
f_65732_,END_SPIKE,0,
f_65733_,END_ISLAND,0,
f_65734_,END_GATEWAY,0,
f_65735_,SEAGRASS,0,
f_65736_,KELP,0,
f_65737_,CORAL_TREE,0,
f_65738_,CORAL_MUSHROOM,0,
f_65739_,CORAL_CLAW,0,
f_65740_,SEA_PICKLE,0,
f_65741_,SIMPLE_BLOCK,0,
f_65742_,BAMBOO,0,
f_65743_,HUGE_FUNGUS,0,
f_65744_,NETHER_FOREST_VEGETATION,0,
f_65745_,WEEPING_VINES,0,
f_65746_,TWISTING_VINES,0,
f_65747_,BASALT_COLUMNS,0,
f_65748_,DELTA_FEATURE,0,
f_65749_,REPLACE_BLOBS,0,
f_65750_,FILL_LAYER,0,
f_65751_,BONUS_CHEST,0,
f_65752_,BASALT_PILLAR,0,
f_65754_,RANDOM_SELECTOR,0,
f_65755_,SIMPLE_RANDOM_SELECTOR,0,
f_65756_,RANDOM_BOOLEAN_SELECTOR,0,
f_65757_,configuredCodec,0,
f_65759_,NO_OP,0,
f_65760_,TREE,0,
f_65761_,FLOWER,0,
f_65762_,NO_BONEMEAL_FLOWER,0,
f_65763_,RANDOM_PATCH,0,
f_65764_,BLOCK_PILE,0,
f_65765_,SPRING,0,
f_65766_,CHORUS_PLANT,0,
f_65768_,VOID_START_PLATFORM,0,
f_65769_,DESERT_WELL,0,
f_65770_,FOSSIL,0,
f_65771_,HUGE_RED_MUSHROOM,0,
f_65772_,HUGE_BROWN_MUSHROOM,0,
f_65773_,ICE_SPIKE,0,
f_65774_,GLOWSTONE_BLOB,0,
f_65775_,FREEZE_TOP_LAYER,0,
f_65776_,VINES,0,
f_65777_,MONSTER_ROOM,0,
f_65778_,BLUE_ICE,0,
f_65779_,ICEBERG,0,
f_65780_,FOREST_ROCK,0,
f_65781_,DISK,0,
f_65783_,LAKE,0,
f_65892_,CODEC,0,
f_65897_,validBaseState,0,
f_65898_,stemState,0,
f_65899_,hatState,0,
f_65900_,decorState,0,
f_65901_,planted,0,
f_66232_,players,0,
f_66256_,AIR,0,
f_66340_,LOGGER,0,
f_66341_,MOBS,0,
f_66342_,AIR,0,
f_66849_,SPIKE_CACHE,0,
f_66872_,CODEC,0,
f_66873_,centerX,0,
f_66874_,centerZ,0,
f_66875_,radius,0,
f_66876_,height,0,
f_66877_,guarded,0,
f_66878_,topBoundingBox,0,
f_67000_,block,0,
f_67001_,state,0,
f_67351_,PLATFORM_ORIGIN_CHUNK,0,
f_67372_,DIRECTIONS,0,
f_67539_,CODEC,0,
f_67540_,stateProvider,0,
f_67546_,CODEC,0,
f_67547_,state,0,
f_67553_,CODEC,0,
f_67554_,reach,0,
f_67555_,height,0,
f_67568_,CODEC,0,
f_67569_,count,0,
f_67593_,CODEC,0,
f_67594_,contents,0,
f_67595_,rim,0,
f_67596_,size,0,
f_67597_,rimSize,0,
f_67618_,CODEC,0,
f_67620_,radius,0,
f_67621_,halfHeight,0,
f_67639_,CODEC,0,
f_67640_,exit,0,
f_67641_,exact,0,
f_67659_,properties,0,
f_67691_,matchers,0,
f_67715_,name,0,
f_67737_,NONE,0,
f_67739_,CODEC,0,
f_67740_,capProvider,0,
f_67741_,stemProvider,0,
f_67742_,foliageRadius,0,
f_67767_,CODEC,0,
f_67768_,height,0,
f_67769_,state,0,
f_67815_,CODEC,0,
f_67816_,INSTANCE,0,
f_67837_,CODEC,0,
f_67839_,size,0,
f_67858_,CODEC,0,
f_67859_,probability,0,
f_67867_,CODEC,0,
f_67868_,featureTrue,0,
f_67869_,featureFalse,0,
f_67881_,CODEC,0,
f_67882_,features,0,
f_67883_,defaultFeature,0,
f_67902_,CODEC,0,
f_67907_,tries,0,
f_68023_,CODEC,0,
f_68036_,CODEC,0,
f_68037_,targetState,0,
f_68038_,replaceState,0,
f_68039_,radius,0,
f_68068_,CODEC,0,
f_68069_,toPlace,0,
f_68089_,CODEC,0,
f_68090_,features,0,
f_68099_,CODEC,0,
f_68100_,crystalInvulnerable,0,
f_68101_,spikes,0,
f_68102_,crystalBeamTarget,0,
f_68123_,CODEC,0,
f_68124_,state,0,
f_68125_,requiresBlockBelow,0,
f_68126_,rockCount,0,
f_68127_,holeCount,0,
f_68128_,validBlocks,0,
f_68184_,CODEC,0,
f_68185_,trunkProvider,0,
f_68187_,decorators,0,
f_68189_,foliagePlacer,0,
f_68190_,trunkPlacer,0,
f_68191_,minimumSize,0,
f_68193_,ignoreVines,0,
f_68229_,trunkProvider,0,
f_68231_,foliagePlacer,0,
f_68232_,trunkPlacer,0,
f_68233_,minimumSize,0,
f_68234_,decorators,0,
f_68236_,ignoreVines,0,
f_68271_,entity,0,
f_68281_,CODEC,0,
f_68282_,minClippedHeight,0,
f_68296_,TWO_LAYERS_FEATURE_SIZE,0,
f_68297_,THREE_LAYERS_FEATURE_SIZE,0,
f_68298_,codec,0,
f_68306_,CODEC,0,
f_68307_,limit,0,
f_68308_,upperLimit,0,
f_68309_,lowerSize,0,
f_68310_,middleSize,0,
f_68311_,upperSize,0,
f_68336_,CODEC,0,
f_68337_,limit,0,
f_68338_,lowerSize,0,
f_68339_,upperSize,0,
f_68362_,CODEC,0,
f_68392_,CODEC,0,
f_68393_,height,0,
f_68428_,CODEC,0,
f_68455_,CODEC,0,
f_68492_,CODEC,0,
f_68519_,CODEC,0,
f_68520_,radius,0,
f_68521_,offset,0,
f_68582_,radiusOffset,0,
f_68583_,doubleTrunk,0,
f_68591_,BLOB_FOLIAGE_PLACER,0,
f_68592_,SPRUCE_FOLIAGE_PLACER,0,
f_68593_,PINE_FOLIAGE_PLACER,0,
f_68594_,ACACIA_FOLIAGE_PLACER,0,
f_68595_,BUSH_FOLIAGE_PLACER,0,
f_68596_,FANCY_FOLIAGE_PLACER,0,
f_68597_,MEGA_JUNGLE_FOLIAGE_PLACER,0,
f_68598_,MEGA_PINE_FOLIAGE_PLACER,0,
f_68599_,DARK_OAK_FOLIAGE_PLACER,0,
f_68600_,codec,0,
f_68608_,CODEC,0,
f_68609_,height,0,
f_68642_,CODEC,0,
f_68643_,crownHeight,0,
f_68676_,CODEC,0,
f_68677_,height,0,
f_68713_,CODEC,0,
f_68714_,trunkHeight,0,
f_68747_,CODEC,0,
f_68752_,SIMPLE_STATE_PROVIDER,0,
f_68753_,WEIGHTED_STATE_PROVIDER,0,
f_68756_,ROTATED_BLOCK_PROVIDER,0,
f_68757_,codec,0,
f_68786_,CODEC,0,
f_68787_,block,0,
f_68797_,CODEC,0,
f_68798_,state,0,
f_68808_,CODEC,0,
f_68809_,weightedList,0,
f_68844_,entity,0,
f_69302_,CODEC,0,
f_69303_,provider,0,
f_69954_,CODEC,0,
f_69955_,probability,0,
f_69972_,CODEC,0,
f_69973_,probability,0,
f_69996_,CODEC,0,
f_70021_,CODEC,0,
f_70042_,TRUNK_VINE,0,
f_70043_,LEAVE_VINE,0,
f_70044_,COCOA,0,
f_70045_,BEEHIVE,0,
f_70046_,ALTER_GROUND,0,
f_70047_,codec,0,
f_70055_,CODEC,0,
f_70056_,INSTANCE,0,
f_70074_,CODEC,0,
f_70091_,CODEC,0,
f_70137_,attachment,0,
f_70138_,branchBase,0,
f_70145_,CODEC,0,
f_70162_,CODEC,0,
f_70190_,CODEC,0,
f_70230_,signalStrength,0,
f_70231_,projectile,0,
f_70245_,CODEC,0,
f_70262_,CODEC,0,
f_70263_,baseHeight,0,
f_70264_,heightRandA,0,
f_70265_,heightRandB,0,
f_70315_,STRAIGHT_TRUNK_PLACER,0,
f_70316_,FORKING_TRUNK_PLACER,0,
f_70317_,GIANT_TRUNK_PLACER,0,
f_70318_,MEGA_JUNGLE_TRUNK_PLACER,0,
f_70319_,DARK_OAK_TRUNK_PLACER,0,
f_70320_,FANCY_TRUNK_PLACER,0,
f_70321_,codec,0,
f_70329_,CODEC,0,
f_70331_,height,0,
f_70347_,CODEC,0,
f_70348_,LOGGER,0,
f_70352_,layersInfo,0,
f_70353_,biome,0,
f_70354_,layers,0,
f_70355_,voidGen,0,
f_70356_,decoration,0,
f_70357_,addLakes,0,
f_70976_,villager,0,
f_70977_,item,0,
f_71062_,$SwitchMap$net$minecraft$core$Direction,0,
f_71299_,CURRENT_TO_LEGACY_MAP,0,
f_71300_,LEGACY_TO_CURRENT_MAP,0,
f_71301_,hasLegacyData,0,
f_71302_,dataMap,0,
f_71303_,indexMap,0,
f_71304_,legacyKeys,0,
f_71305_,currentKeys,0,
f_72597_,element,0,
f_72598_,position,0,
f_72599_,rotation,0,
f_72600_,LOGGER,0,
f_72601_,groundLevelDelta,0,
f_72602_,junctions,0,
f_72787_,width,0,
f_72788_,height,0,
f_72789_,depth,0,
f_72790_,heightPosition,0,
f_73360_,all,0,
f_73361_,remaining,0,
f_73377_,orientation,0,
f_73378_,mirror,0,
f_73379_,rotation,0,
f_73380_,type,0,
f_73381_,SHAPE_CHECK_BLOCKS,0,
f_73382_,CAVE_AIR,0,
f_73383_,boundingBox,0,
f_73384_,genDepth,0,
f_73551_,$SwitchMap$net$minecraft$core$Direction,0,
f_73553_,next,0,
f_73561_,INVALID_START,0,
f_73568_,references,0,
f_73656_,template,0,
f_73657_,placeSettings,0,
f_73658_,templatePosition,0,
f_73659_,LOGGER,0,
f_73953_,CODEC,0,
f_73954_,INSTANCE,0,
f_73962_,CODEC,0,
f_73963_,minChance,0,
f_73964_,maxChance,0,
f_73965_,minDist,0,
f_73966_,maxDist,0,
f_73967_,axis,0,
f_73993_,CODEC,0,
f_73994_,INSTANCE,0,
f_73995_,replacements,0,
f_74009_,CODEC,0,
f_74010_,mossiness,0,
f_74045_,CODEC,0,
f_74046_,STRUCTURE_BLOCK,0,
f_74047_,AIR,0,
f_74048_,STRUCTURE_AND_AIR,0,
f_74049_,toIgnore,0,
f_74063_,CODEC,0,
f_74064_,block,0,
f_74074_,CODEC,0,
f_74075_,integrity,0,
f_74089_,CODEC,0,
f_74090_,blockState,0,
f_74100_,CODEC,0,
f_74101_,heightmap,0,
f_74102_,offset,0,
f_74121_,CODEC,0,
f_74122_,INSTANCE,0,
f_74134_,CODEC,0,
f_74135_,INSTANCE,0,
f_74147_,CODEC,0,
f_74148_,minChance,0,
f_74149_,maxChance,0,
f_74150_,minDist,0,
f_74151_,maxDist,0,
f_74174_,CODEC,0,
f_74175_,INSTANCE,0,
f_74187_,CODEC,0,
f_74188_,INSTANCE,0,
f_74198_,CODEC,0,
f_74205_,ALWAYS_TRUE_TEST,0,
f_74206_,LINEAR_POS_TEST,0,
f_74207_,AXIS_ALIGNED_LINEAR_POS_TEST,0,
f_74215_,CODEC,0,
f_74216_,inputPredicate,0,
f_74217_,locPredicate,0,
f_74218_,posPredicate,0,
f_74219_,outputState,0,
f_74258_,CODEC,0,
f_74259_,block,0,
f_74260_,probability,0,
f_74275_,CODEC,0,
f_74276_,blockState,0,
f_74277_,probability,0,
f_74292_,CODEC,0,
f_74293_,rules,0,
f_74307_,CODEC,0,
f_74312_,ALWAYS_TRUE_TEST,0,
f_74313_,BLOCK_TEST,0,
f_74314_,BLOCKSTATE_TEST,0,
f_74315_,TAG_TEST,0,
f_74316_,RANDOM_BLOCK_TEST,0,
f_74317_,RANDOM_BLOCKSTATE_TEST,0,
f_74361_,mirror,0,
f_74362_,rotation,0,
f_74363_,rotationPivot,0,
f_74364_,ignoreEntities,0,
f_74366_,boundingBox,0,
f_74367_,keepLiquids,0,
f_74368_,random,0,
f_74369_,palette,0,
f_74370_,processors,0,
f_74371_,knownShape,0,
f_74372_,finalizeEntities,0,
f_74422_,list,0,
f_74446_,item,0,
f_74456_,BLOCK_IGNORE,0,
f_74457_,BLOCK_ROT,0,
f_74458_,GRAVITY,0,
f_74459_,JIGSAW_REPLACEMENT,0,
f_74460_,RULE,0,
f_74461_,NOP,0,
f_74462_,BLOCK_AGE,0,
f_74463_,BLACKSTONE_REPLACE,0,
f_74464_,LAVA_SUBMERGED_BLOCK,0,
f_74465_,SINGLE_CODEC,0,
f_74466_,LIST_OBJECT_CODEC,0,
f_74467_,DIRECT_CODEC,0,
f_74468_,LIST_CODEC,0,
f_74482_,palettes,0,
f_74483_,entityInfoList,0,
f_74484_,size,0,
f_74485_,author,0,
f_74642_,$SwitchMap$net$minecraft$world$level$block$Rotation,0,
f_74643_,$SwitchMap$net$minecraft$world$level$block$Mirror,0,
f_74645_,blocks,0,
f_74646_,cache,0,
f_74660_,DEFAULT_BLOCK_STATE,0,
f_74661_,ids,0,
f_74662_,lastId,0,
f_74675_,pos,0,
f_74676_,state,0,
f_74677_,nbt,0,
f_74683_,pos,0,
f_74684_,blockPos,0,
f_74685_,nbt,0,
f_74690_,CODEC,0,
f_74691_,tag,0,
f_75321_,xo,0,
f_75322_,yo,0,
f_75323_,zo,0,
f_75324_,p,0,
f_75350_,ANY,0,
f_75351_,ERROR_INTS_ONLY,0,
f_75352_,min,0,
f_75353_,max,0,
f_75373_,valueFactor,0,
f_75374_,first,0,
f_75375_,second,0,
f_75390_,noiseLevels,0,
f_75391_,amplitudes,0,
f_75392_,lowestFreqValueFactor,0,
f_75393_,lowestFreqInputFactor,0,
f_75432_,noiseLevels,0,
f_75433_,highestFreqValueFactor,0,
f_75434_,highestFreqInputFactor,0,
f_75453_,GRADIENT,0,
f_75454_,xo,0,
f_75455_,yo,0,
f_75456_,zo,0,
f_75457_,SQRT_3,0,
f_75458_,F2,0,
f_75459_,G2,0,
f_75460_,p,0,
f_75489_,mutablePos,0,
f_75518_,map,0,
f_75519_,lastSectionKeys,0,
f_75520_,lastSections,0,
f_75521_,cacheEnabled,0,
f_75537_,levelCount,0,
f_75539_,computedLevels,0,
f_75541_,hasWork,0,
f_75604_,this$0,0,
f_75731_,visibleSectionData,0,
f_75732_,updatingSectionData,0,
f_75733_,changedSections,0,
f_75734_,sectionsAffectedByLightUpdates,0,
f_75735_,queuedSections,0,
f_75738_,layer,0,
f_75739_,chunkSource,0,
f_75741_,columnsToRetainQueuedDataFor,0,
f_75742_,toRemove,0,
f_75802_,blockEngine,0,
f_75803_,skyEngine,0,
f_75900_,currentLowestY,0,
f_75901_,topSections,0,
f_75947_,FALLING,0,
f_75948_,LEVEL,0,
f_75949_,OCCLUSION_CACHE,0,
f_75950_,shapes,0,
f_76103_,defaultFluidState,0,
f_76104_,FLUID_STATE_REGISTRY,0,
f_76105_,stateDefinition,0,
f_76146_,CODEC,0,
f_76191_,EMPTY,0,
f_76192_,FLOWING_WATER,0,
f_76193_,WATER,0,
f_76194_,FLOWING_LAVA,0,
f_76195_,LAVA,0,
f_77078_,heap,0,
f_77079_,size,0,
f_77128_,DISPATCHER_PARSE_EXCEPTION,0,
f_77129_,DOUBLE_TOO_SMALL,0,
f_77130_,DOUBLE_TOO_BIG,0,
f_77131_,FLOAT_TOO_SMALL,0,
f_77132_,FLOAT_TOO_BIG,0,
f_77133_,INTEGER_TOO_SMALL,0,
f_77134_,INTEGER_TOO_BIG,0,
f_77135_,LONG_TOO_SMALL,0,
f_77136_,LONG_TOO_BIG,0,
f_77137_,LITERAL_INCORRECT,0,
f_77138_,READER_EXPECTED_START_OF_QUOTE,0,
f_77139_,READER_EXPECTED_END_OF_QUOTE,0,
f_77140_,READER_INVALID_ESCAPE,0,
f_77141_,READER_INVALID_BOOL,0,
f_77142_,READER_INVALID_INT,0,
f_77143_,READER_EXPECTED_INT,0,
f_77144_,READER_INVALID_LONG,0,
f_77145_,READER_EXPECTED_LONG,0,
f_77146_,READER_INVALID_DOUBLE,0,
f_77147_,READER_EXPECTED_DOUBLE,0,
f_77148_,READER_INVALID_FLOAT,0,
f_77149_,READER_EXPECTED_FLOAT,0,
f_77150_,READER_EXPECTED_BOOL,0,
f_77151_,READER_EXPECTED_SYMBOL,0,
f_77152_,DISPATCHER_UNKNOWN_COMMAND,0,
f_77153_,DISPATCHER_UNKNOWN_ARGUMENT,0,
f_77154_,DISPATCHER_EXPECTED_ARGUMENT_SEPARATOR,0,
f_77271_,x,0,
f_77272_,y,0,
f_77273_,z,0,
f_77274_,heapIdx,0,
f_77275_,g,0,
f_77276_,h,0,
f_77277_,f,0,
f_77278_,cameFrom,0,
f_77279_,closed,0,
f_77280_,walkedDistance,0,
f_77281_,costMalus,0,
f_77282_,type,0,
f_77283_,hash,0,
f_77313_,mob,0,
f_77314_,nodes,0,
f_77315_,entityWidth,0,
f_77316_,entityHeight,0,
f_77317_,entityDepth,0,
f_77318_,canPassDoors,0,
f_77319_,canOpenDoors,0,
f_77320_,canFloat,0,
f_77362_,nodes,0,
f_77366_,nextNodeIndex,0,
f_77367_,target,0,
f_77368_,distToTarget,0,
f_77369_,reached,0,
f_77420_,neighbors,0,
f_77421_,maxVisitedNodes,0,
f_77422_,nodeEvaluator,0,
f_77423_,openSet,0,
f_77455_,allowBreaching,0,
f_77494_,bestHeuristic,0,
f_77495_,bestNode,0,
f_77496_,reached,0,
f_77546_,collisionCache,0,
f_77648_,level,0,
f_77676_,pos,0,
f_77677_,speed,0,
f_77678_,yRot,0,
f_77679_,xRot,0,
f_77685_,FRAME,0,
f_77686_,level,0,
f_77687_,axis,0,
f_77688_,rightDir,0,
f_77689_,numPortalBlocks,0,
f_77690_,bottomLeft,0,
f_77691_,height,0,
f_77692_,width,0,
f_77751_,LOGGER,0,
f_77753_,dirty,0,
f_77766_,pos,0,
f_77767_,color,0,
f_77768_,name,0,
f_77789_,$SwitchMap$net$minecraft$world$item$DyeColor,0,
f_77791_,type,0,
f_77792_,x,0,
f_77793_,y,0,
f_77794_,rot,0,
f_77795_,name,0,
f_77862_,pos,0,
f_77863_,rotation,0,
f_77864_,entityId,0,
f_77878_,usedAuxIds,0,
f_77887_,dimension,0,
f_77888_,trackingPosition,0,
f_77889_,unlimitedTracking,0,
f_77890_,scale,0,
f_77891_,colors,0,
f_77892_,locked,0,
f_77893_,carriedBy,0,
f_77894_,decorations,0,
f_77895_,LOGGER,0,
f_77896_,carriedByPlayers,0,
f_77897_,bannerMarkers,0,
f_77898_,frameMarkers,0,
f_77959_,player,0,
f_77960_,step,0,
f_77961_,this$0,0,
f_77962_,dirtyData,0,
f_77963_,minDirtyX,0,
f_77964_,minDirtyY,0,
f_77965_,maxDirtyX,0,
f_77966_,maxDirtyY,0,
f_77967_,tick,0,
f_78032_,namespaces,0,
f_78033_,storage,0,
f_78055_,storage,0,
f_78076_,worldData,0,
f_78077_,wrapped,0,
f_78143_,LOGGER,0,
f_78144_,cache,0,
f_78145_,fixerUpper,0,
f_78146_,dataFolder,0,
f_78174_,PLAYER_ADVANCEMENTS_DIR,0,
f_78175_,PLAYER_STATS_DIR,0,
f_78176_,PLAYER_DATA_DIR,0,
f_78177_,PLAYER_OLD_DATA_DIR,0,
f_78178_,LEVEL_DATA_FILE,0,
f_78179_,GENERATED_DIR,0,
f_78180_,DATAPACK_DIR,0,
f_78181_,MAP_RESOURCE_FILE,0,
f_78182_,ROOT,0,
f_78183_,id,0,
f_78191_,LOGGER,0,
f_78192_,FORMATTER,0,
f_78194_,baseDir,0,
f_78195_,backupDir,0,
f_78196_,fixerUpper,0,
f_78269_,this$0,0,
f_78270_,lock,0,
f_78272_,levelId,0,
f_78273_,resources,0,
f_78314_,val$lockPath,0,
f_78315_,this$1,0,
f_78331_,val$rootPath,0,
f_78332_,val$stream,0,
f_78333_,this$1,0,
f_78344_,settings,0,
f_78345_,levelVersion,0,
f_78346_,levelId,0,
f_78348_,locked,0,
f_78349_,icon,0,
f_78350_,info,0,
f_78378_,levelDataVersion,0,
f_78379_,lastPlayed,0,
f_78380_,minecraftVersionName,0,
f_78381_,minecraftVersion,0,
f_78382_,snapshot,0,
f_78425_,fixerUpper,0,
f_78426_,LOGGER,0,
f_78427_,playerDir,0,
f_78437_,wanderingTraderSpawnChance,0,
f_78438_,wanderingTraderId,0,
f_78439_,knownServerBrands,0,
f_78440_,wasModded,0,
f_78441_,scheduledEvents,0,
f_78442_,LOGGER,0,
f_78443_,settings,0,
f_78445_,worldGenSettingsLifecycle,0,
f_78449_,spawnAngle,0,
f_78450_,gameTime,0,
f_78451_,dayTime,0,
f_78455_,loadedPlayerTag,0,
f_78456_,version,0,
f_78457_,clearWeatherTime,0,
f_78458_,raining,0,
f_78459_,rainTime,0,
f_78460_,thundering,0,
f_78461_,thunderTime,0,
f_78462_,initialized,0,
f_78463_,difficultyLocked,0,
f_78464_,worldBorder,0,
f_78465_,endDragonFightData,0,
f_78466_,customBossEvents,0,
f_78467_,wanderingTraderSpawnDelay,0,
f_78686_,JUNGLE_TEMPLE,0,
f_78687_,JUNGLE_TEMPLE_DISPENSER,0,
f_78688_,IGLOO_CHEST,0,
f_78689_,WOODLAND_MANSION,0,
f_78690_,UNDERWATER_RUIN_SMALL,0,
f_78691_,UNDERWATER_RUIN_BIG,0,
f_78692_,BURIED_TREASURE,0,
f_78693_,SHIPWRECK_MAP,0,
f_78694_,SHIPWRECK_SUPPLY,0,
f_78695_,SHIPWRECK_TREASURE,0,
f_78696_,PILLAGER_OUTPOST,0,
f_78697_,BASTION_TREASURE,0,
f_78698_,BASTION_OTHER,0,
f_78699_,BASTION_BRIDGE,0,
f_78700_,BASTION_HOGLIN_STABLE,0,
f_78701_,RUINED_PORTAL,0,
f_78702_,SHEEP_WHITE,0,
f_78703_,SHEEP_ORANGE,0,
f_78704_,SHEEP_MAGENTA,0,
f_78705_,SHEEP_LIGHT_BLUE,0,
f_78706_,SHEEP_YELLOW,0,
f_78707_,SHEEP_LIME,0,
f_78708_,SHEEP_PINK,0,
f_78709_,SHEEP_GRAY,0,
f_78710_,SHEEP_LIGHT_GRAY,0,
f_78711_,SHEEP_CYAN,0,
f_78712_,EMPTY,0,
f_78713_,IMMUTABLE_LOCATIONS,0,
f_78714_,SHEEP_PURPLE,0,
f_78715_,SHEEP_BLUE,0,
f_78716_,SHEEP_BROWN,0,
f_78717_,SHEEP_GREEN,0,
f_78718_,SHEEP_RED,0,
f_78719_,SHEEP_BLACK,0,
f_78720_,FISHING,0,
f_78721_,FISHING_JUNK,0,
f_78722_,FISHING_TREASURE,0,
f_78723_,FISHING_FISH,0,
f_78724_,CAT_MORNING_GIFT,0,
f_78725_,ARMORER_GIFT,0,
f_78726_,BUTCHER_GIFT,0,
f_78727_,CARTOGRAPHER_GIFT,0,
f_78728_,CLERIC_GIFT,0,
f_78729_,FARMER_GIFT,0,
f_78730_,FISHERMAN_GIFT,0,
f_78731_,FLETCHER_GIFT,0,
f_78732_,LEATHERWORKER_GIFT,0,
f_78733_,LIBRARIAN_GIFT,0,
f_78734_,MASON_GIFT,0,
f_78735_,SHEPHERD_GIFT,0,
f_78736_,TOOLSMITH_GIFT,0,
f_78737_,WEAPONSMITH_GIFT,0,
f_78738_,PIGLIN_BARTERING,0,
f_78739_,LOCATIONS,0,
f_78740_,SPAWN_BONUS_CHEST,0,
f_78741_,END_CITY_TREASURE,0,
f_78742_,SIMPLE_DUNGEON,0,
f_78743_,VILLAGE_WEAPONSMITH,0,
f_78744_,VILLAGE_TOOLSMITH,0,
f_78745_,VILLAGE_ARMORER,0,
f_78746_,VILLAGE_CARTOGRAPHER,0,
f_78747_,VILLAGE_MASON,0,
f_78748_,VILLAGE_SHEPHERD,0,
f_78749_,VILLAGE_BUTCHER,0,
f_78750_,VILLAGE_FLETCHER,0,
f_78751_,VILLAGE_FISHER,0,
f_78752_,VILLAGE_TANNERY,0,
f_78753_,VILLAGE_TEMPLE,0,
f_78754_,VILLAGE_DESERT_HOUSE,0,
f_78755_,VILLAGE_PLAINS_HOUSE,0,
f_78756_,VILLAGE_TAIGA_HOUSE,0,
f_78757_,VILLAGE_SNOWY_HOUSE,0,
f_78758_,VILLAGE_SAVANNA_HOUSE,0,
f_78759_,ABANDONED_MINESHAFT,0,
f_78760_,NETHER_BRIDGE,0,
f_78761_,STRONGHOLD_LIBRARY,0,
f_78762_,STRONGHOLD_CROSSING,0,
f_78763_,STRONGHOLD_CORRIDOR,0,
f_78764_,DESERT_PYRAMID,0,
f_78907_,random,0,
f_78914_,params,0,
f_78956_,params,0,
f_78958_,random,0,
f_78994_,name,0,
f_78995_,param,0,
f_79023_,entries,0,
f_79024_,conditions,0,
f_79025_,compositeCondition,0,
f_79026_,functions,0,
f_79027_,compositeFunction,0,
f_79028_,rolls,0,
f_79029_,bonusRolls,0,
f_79067_,entries,0,
f_79068_,conditions,0,
f_79069_,functions,0,
f_79070_,rolls,0,
f_79071_,bonusRolls,0,
f_79105_,EMPTY,0,
f_79106_,DEFAULT_PARAM_SET,0,
f_79107_,LOGGER,0,
f_79108_,paramSet,0,
f_79109_,pools,0,
f_79110_,functions,0,
f_79111_,compositeFunction,0,
f_79156_,pools,0,
f_79157_,functions,0,
f_79158_,paramSet,0,
f_79334_,params,0,
f_79397_,entries,0,
f_79405_,ALWAYS_FALSE,0,
f_79406_,ALWAYS_TRUE,0,
f_79428_,children,0,
f_79429_,composedChildren,0,
f_79463_,name,0,
f_79564_,item,0,
f_79619_,EMPTY,0,
f_79620_,ITEM,0,
f_79622_,DYNAMIC,0,
f_79623_,TAG,0,
f_79624_,ALTERNATIVES,0,
f_79625_,SEQUENCE,0,
f_79626_,GROUP,0,
f_79635_,compositeCondition,0,
f_79636_,conditions,0,
f_79642_,conditions,0,
f_79675_,weight,0,
f_79676_,quality,0,
f_79677_,functions,0,
f_79678_,compositeFunction,0,
f_79679_,entry,0,
f_79696_,this$0,0,
f_79702_,weight,0,
f_79703_,quality,0,
f_79704_,functions,0,
f_79715_,constructor,0,
f_79721_,this$0,0,
f_79821_,tag,0,
f_79822_,expand,0,
f_79863_,val$item,0,
f_79898_,FORMULAS,0,
f_79899_,enchantment,0,
f_79900_,formula,0,
f_79947_,TYPE,0,
f_79948_,extraRounds,0,
f_79949_,probability,0,
f_79973_,TYPE,0,
f_80012_,TYPE,0,
f_80013_,bonusMultiplier,0,
f_80047_,block,0,
f_80048_,properties,0,
f_80076_,block,0,
f_80077_,properties,0,
f_80164_,NULL,0,
f_80175_,source,0,
f_80199_,name,0,
f_80200_,param,0,
f_80414_,LOGGER,0,
f_80415_,enchantments,0,
f_80441_,enchantments,0,
f_80471_,levels,0,
f_80472_,treasure,0,
f_80492_,levels,0,
f_80493_,treasure,0,
f_80522_,DEFAULT_DECORATION,0,
f_80524_,destination,0,
f_80525_,mapDecoration,0,
f_80526_,zoom,0,
f_80527_,searchRadius,0,
f_80528_,skipKnownStructures,0,
f_80562_,destination,0,
f_80563_,mapDecoration,0,
f_80564_,zoom,0,
f_80565_,searchRadius,0,
f_80566_,skipKnownStructures,0,
f_80602_,entityTarget,0,
f_80635_,limiter,0,
f_80675_,compositePredicates,0,
f_80676_,predicates,0,
f_80691_,conditions,0,
f_80700_,constructor,0,
f_80735_,IDENTITY,0,
f_80736_,SET_COUNT,0,
f_80737_,ENCHANT_WITH_LEVELS,0,
f_80738_,ENCHANT_RANDOMLY,0,
f_80740_,FURNACE_SMELT,0,
f_80741_,LOOTING_ENCHANT,0,
f_80742_,SET_DAMAGE,0,
f_80743_,SET_ATTRIBUTES,0,
f_80744_,SET_NAME,0,
f_80745_,EXPLORATION_MAP,0,
f_80746_,SET_STEW_EFFECT,0,
f_80747_,COPY_NAME,0,
f_80748_,SET_CONTENTS,0,
f_80749_,LIMIT_COUNT,0,
f_80750_,APPLY_BONUS,0,
f_80751_,SET_LOOT_TABLE,0,
f_80752_,EXPLOSION_DECAY,0,
f_80753_,SET_LORE,0,
f_80754_,FILL_PLAYER_HEAD,0,
f_80756_,COPY_STATE,0,
f_80776_,value,0,
f_80777_,limit,0,
f_80801_,count,0,
f_80802_,limit,0,
f_80831_,modifiers,0,
f_80847_,name,0,
f_80848_,attribute,0,
f_80849_,operation,0,
f_80850_,amount,0,
f_80851_,id,0,
f_80852_,slots,0,
f_80902_,entries,0,
f_80927_,entries,0,
f_80955_,name,0,
f_80956_,seed,0,
f_80997_,value,0,
f_81037_,LOGGER,0,
f_81038_,damage,0,
f_81080_,lore,0,
f_81081_,resolutionContext,0,
f_81122_,LOGGER,0,
f_81123_,name,0,
f_81124_,resolutionContext,0,
f_81260_,LOGGER,0,
f_81281_,name,0,
f_81286_,ERROR_NOT_PLAYER,0,
f_81287_,ERROR_NOT_ENTITY,0,
f_81288_,source,0,
f_81289_,worldPosition,0,
f_81290_,level,0,
f_81291_,permissionLevel,0,
f_81292_,textName,0,
f_81293_,displayName,0,
f_81294_,server,0,
f_81295_,silent,0,
f_81296_,entity,0,
f_81298_,anchor,0,
f_81299_,rotation,0,
f_81385_,required,0,
f_81386_,all,0,
f_81402_,required,0,
f_81403_,optional,0,
f_81410_,EMPTY,0,
f_81411_,CHEST,0,
f_81412_,COMMAND,0,
f_81413_,SELECTOR,0,
f_81414_,FISHING,0,
f_81415_,ENTITY,0,
f_81416_,GIFT,0,
f_81417_,PIGLIN_BARTER,0,
f_81418_,ADVANCEMENT_REWARD,0,
f_81419_,ADVANCEMENT_ENTITY,0,
f_81420_,ALL_PARAMS,0,
f_81421_,BLOCK,0,
f_81422_,REGISTRY,0,
f_81455_,THIS_ENTITY,0,
f_81456_,LAST_DAMAGE_PLAYER,0,
f_81457_,DAMAGE_SOURCE,0,
f_81458_,KILLER_ENTITY,0,
f_81459_,DIRECT_KILLER_ENTITY,0,
f_81460_,ORIGIN,0,
f_81461_,BLOCK_STATE,0,
f_81462_,BLOCK_ENTITY,0,
f_81463_,TOOL,0,
f_81464_,EXPLOSION_RADIUS,0,
f_81507_,enchantment,0,
f_81508_,values,0,
f_81549_,LOGGER,0,
f_81550_,name,0,
f_81582_,predicate,0,
f_81615_,scores,0,
f_81616_,entityTarget,0,
f_81654_,INSTANCE,0,
f_81681_,term,0,
f_81716_,predicate,0,
f_81717_,offset,0,
f_81759_,block,0,
f_81760_,properties,0,
f_81780_,block,0,
f_81781_,properties,0,
f_81811_,INVERTED,0,
f_81813_,RANDOM_CHANCE,0,
f_81814_,RANDOM_CHANCE_WITH_LOOTING,0,
f_81815_,ENTITY_PROPERTIES,0,
f_81816_,KILLED_BY_PLAYER,0,
f_81817_,ENTITY_SCORES,0,
f_81818_,BLOCK_STATE_PROPERTY,0,
f_81819_,MATCH_TOOL,0,
f_81820_,TABLE_BONUS,0,
f_81821_,SURVIVES_EXPLOSION,0,
f_81822_,DAMAGE_SOURCE_PROPERTIES,0,
f_81823_,LOCATION_CHECK,0,
f_81824_,WEATHER_CHECK,0,
f_81825_,REFERENCE,0,
f_81826_,TIME_CHECK,0,
f_81846_,predicate,0,
f_81847_,entityTarget,0,
f_81894_,INSTANCE,0,
f_8190_,criteria,0,
f_8191_,requirements,0,
f_81921_,probability,0,
f_81953_,percent,0,
f_81954_,lootingMultiplier,0,
f_81993_,predicate,0,
f_82023_,period,0,
f_82024_,value,0,
f_82056_,isRaining,0,
f_82057_,isThundering,0,
f_82089_,LOGGER,0,
f_82090_,dispatcher,0,
f_82144_,includeIntegrated,0,
f_82145_,includeDedicated,0,
f_82162_,functionId,0,
f_82189_,tagId,0,
f_82216_,id,0,
f_82217_,cls,0,
f_82226_,SERVER_CALLBACKS,0,
f_82227_,LOGGER,0,
f_82228_,idToSerializer,0,
f_82229_,classToSerializer,0,
f_82240_,LOGGER,0,
f_82241_,callbacksRegistry,0,
f_82242_,queue,0,
f_82243_,sequentialId,0,
f_82244_,events,0,
f_82273_,triggerTime,0,
f_82274_,sequentialId,0,
f_82275_,id,0,
f_82276_,callback,0,
f_82288_,minX,0,
f_82289_,minY,0,
f_82290_,minZ,0,
f_82291_,maxX,0,
f_82292_,maxY,0,
f_82293_,maxZ,0,
f_82410_,direction,0,
f_82411_,blockPos,0,
f_82412_,miss,0,
f_82413_,inside,0,
f_8241_,players,0,
f_82437_,entity,0,
f_82445_,location,0,
f_82462_,ZERO,0,
f_82463_,ONE,0,
f_82464_,UNIT_X,0,
f_82465_,NEG_UNIT_X,0,
f_82466_,UNIT_Y,0,
f_82467_,NEG_UNIT_Y,0,
f_82468_,MAX,0,
f_82469_,MIN,0,
f_82470_,x,0,
f_82471_,y,0,
f_82478_,ZERO,0,
f_82479_,x,0,
f_82480_,y,0,
f_82481_,z,0,
f_82563_,xs,0,
f_82564_,ys,0,
f_82565_,zs,0,
f_82578_,$SwitchMap$net$minecraft$core$Direction$Axis,0,
f_82580_,storage,0,
f_82581_,xMin,0,
f_82582_,yMin,0,
f_82583_,zMin,0,
f_82584_,xMax,0,
f_82585_,yMax,0,
f_82586_,zMax,0,
f_82681_,FALSE,0,
f_82682_,NOT_OR,0,
f_82683_,ONLY_SECOND,0,
f_82684_,NOT_FIRST,0,
f_82685_,ONLY_FIRST,0,
f_82686_,NOT_SECOND,0,
f_82687_,NOT_SAME,0,
f_82688_,NOT_AND,0,
f_82689_,AND,0,
f_82690_,SAME,0,
f_82691_,SECOND,0,
f_82692_,CAUSES,0,
f_82693_,FIRST,0,
f_82694_,CAUSED_BY,0,
f_82695_,OR,0,
f_82696_,TRUE,0,
f_82758_,parts,0,
f_82771_,result,0,
f_82781_,xSize,0,
f_82782_,ySize,0,
f_82783_,zSize,0,
f_82784_,AXIS_VALUES,0,
f_82865_,EMPTY,0,
f_82866_,descending,0,
f_82867_,entityBottom,0,
f_82868_,heldItem,0,
f_82869_,canStandOnFluid,0,
f_82901_,coords,0,
f_8296_,players,0,
f_8297_,unmodifiablePlayers,0,
f_82987_,DEFAULT_LOCAL,0,
f_82988_,DEFAULT_GLOBAL,0,
f_82989_,x,0,
f_8298_,visible,0,
f_82990_,y,0,
f_82991_,z,0,
f_82997_,result,0,
f_82998_,firstIndices,0,
f_82999_,secondIndices,0,
f_83008_,lower,0,
f_83009_,upper,0,
f_83010_,swap,0,
f_83028_,delegate,0,
f_83029_,offset,0,
f_83036_,INFINITY,0,
f_83037_,BLOCK,0,
f_83038_,EMPTY,0,
f_83168_,delegate,0,
f_83169_,axis,0,
f_83170_,SLICE_COORDS,0,
f_83182_,parent,0,
f_83183_,startX,0,
f_83184_,startY,0,
f_83185_,startZ,0,
f_83186_,endX,0,
f_83187_,endY,0,
f_83188_,endZ,0,
f_83211_,shape,0,
f_83212_,faces,0,
f_8325_,chunkMap,0,
f_8326_,CHUNK_STATUSES,0,
f_8327_,distanceManager,0,
f_8329_,level,0,
f_83301_,scoreboard,0,
f_83302_,name,0,
f_83303_,criteria,0,
f_83304_,displayName,0,
f_83305_,formattedDisplayName,0,
f_83306_,renderType,0,
f_8330_,mainThread,0,
f_8331_,lightEngine,0,
f_83326_,scoreboard,0,
f_83327_,name,0,
f_83328_,players,0,
f_83329_,displayName,0,
f_8332_,mainThreadProcessor,0,
f_83330_,playerPrefix,0,
f_83331_,playerSuffix,0,
f_83332_,allowFriendlyFire,0,
f_83333_,seeFriendlyInvisibles,0,
f_83334_,nameTagVisibility,0,
f_83335_,deathMessageVisibility,0,
f_83336_,color,0,
f_83337_,collisionRule,0,
f_83338_,displayNameStyle,0,
f_8333_,dataStorage,0,
f_8334_,lastInhabitedUpdate,0,
f_8335_,spawnEnemies,0,
f_8336_,spawnFriendlies,0,
f_8337_,lastChunkPos,0,
f_83385_,locked,0,
f_8338_,lastChunkStatus,0,
f_8339_,lastChunk,0,
f_83408_,objectivesByName,0,
f_83409_,objectivesByCriteria,0,
f_8340_,lastSpawnState,0,
f_83410_,playerScores,0,
f_83411_,displayObjectives,0,
f_83412_,teamsByName,0,
f_83413_,teamsByPlayer,0,
f_83509_,scoreboard,0,
f_83543_,name,0,
f_83544_,id,0,
f_83545_,BY_NAME,0,
f_83567_,name,0,
f_83568_,id,0,
f_83569_,BY_NAME,0,
f_83588_,DUMMY,0,
f_83589_,TRIGGER,0,
f_83590_,DEATH_COUNT,0,
f_83591_,KILL_COUNT_PLAYERS,0,
f_83592_,KILL_COUNT_ALL,0,
f_83593_,HEALTH,0,
f_83594_,FOOD,0,
f_83595_,AIR,0,
f_83596_,ARMOR,0,
f_83597_,EXPERIENCE,0,
f_83598_,LEVEL,0,
f_83599_,TEAM_KILL,0,
f_83600_,KILLED_BY_TEAM,0,
f_83601_,name,0,
f_83602_,readOnly,0,
f_83603_,renderType,0,
f_83625_,id,0,
f_83641_,LOGGER,0,
f_83642_,source,0,
f_83643_,initialized,0,
f_83644_,streamingBufferSize,0,
f_83645_,stream,0,
f_83685_,LOGGER,0,
f_83687_,context,0,
f_83688_,EMPTY,0,
f_83689_,staticChannels,0,
f_83690_,streamingChannels,0,
f_83691_,listener,0,
f_83713_,limit,0,
f_83714_,activeChannels,0,
f_83733_,gain,0,
f_83780_,LOGGER,0,
f_83793_,data,0,
f_83794_,format,0,
f_83795_,hasAlBuffer,0,
f_83796_,alBuffer,0,
f_83803_,ERROR_NOT_COMPLETE,0,
f_83804_,EXAMPLES,0,
f_83816_,angle,0,
f_83817_,isRelative,0,
f_83837_,fontMemory,0,
f_83839_,oversample,0,
f_83840_,skip,0,
f_83873_,this$0,0,
f_83874_,width,0,
f_83875_,height,0,
f_83876_,bearingX,0,
f_83877_,bearingY,0,
f_83878_,advance,0,
f_83879_,index,0,
f_83910_,renderCalls,0,
f_83911_,recordingBuffer,0,
f_83912_,processedBuffer,0,
f_83913_,renderingBuffer,0,
f_83915_,width,0,
f_83916_,height,0,
f_83917_,viewWidth,0,
f_83918_,viewHeight,0,
f_83919_,useDepth,0,
f_83920_,frameBufferId,0,
f_83921_,clearChannels,0,
f_83922_,filterMode,0,
f_83923_,colorTextureId,0,
f_83924_,depthBufferId,0,
f_83986_,clipboardScratchBuffer,0,
f_83998_,UNTRACK,0,
f_84005_,width,0,
f_84006_,height,0,
f_84007_,fullscreenWidth,0,
f_84008_,fullscreenHeight,0,
f_84009_,isFullscreen,0,
f_84028_,LOGGER,0,
f_84032_,DEBUG_LEVELS,0,
f_84033_,DEBUG_LEVELS_ARB,0,
f_84577_,mode,0,
f_84578_,srcRgb,0,
f_84579_,dstRgb,0,
f_84580_,srcAlpha,0,
f_84581_,dstAlpha,0,
f_84585_,state,0,
f_84586_,enabled,0,
f_84603_,enable,0,
f_84604_,op,0,
f_84608_,red,0,
f_84609_,green,0,
f_84610_,blue,0,
f_84611_,alpha,0,
f_84621_,enable,0,
f_84622_,mode,0,
f_84626_,mode,0,
f_84627_,mask,0,
f_84628_,func,0,
f_84715_,value,0,
f_84725_,fill,0,
f_84726_,line,0,
f_84727_,factor,0,
f_84728_,units,0,
f_84732_,mode,0,
f_84761_,func,0,
f_84762_,ref,0,
f_84763_,mask,0,
f_84767_,func,0,
f_84768_,mask,0,
f_84769_,fail,0,
f_84770_,zfail,0,
f_84771_,zpass,0,
f_84801_,binding,0,
f_84806_,x,0,
f_84807_,y,0,
f_84808_,width,0,
f_84809_,height,0,
f_84822_,UNKNOWN,0,
f_84824_,GLFW_RAW_MOUSE_MOTION,0,
f_84853_,name,0,
f_84854_,type,0,
f_84855_,value,0,
f_84856_,displayName,0,
f_84857_,NAME_MAP,0,
f_84885_,map,0,
f_84886_,defaultPrefix,0,
f_84887_,displayTextSupplier,0,
f_84919_,DIFFUSE_LIGHT_0,0,
f_8491_,this$0,0,
f_84920_,DIFFUSE_LIGHT_1,0,
f_84921_,NETHER_DIFFUSE_LIGHT_0,0,
f_84922_,NETHER_DIFFUSE_LIGHT_1,0,
f_84936_,monitor,0,
f_84937_,videoModes,0,
f_84938_,currentMode,0,
f_84939_,x,0,
f_84940_,y,0,
f_84958_,LOGGER,0,
f_84959_,OPEN_OPTIONS,0,
f_84960_,format,0,
f_84961_,width,0,
f_84962_,height,0,
f_84963_,useStbFree,0,
f_84964_,pixels,0,
f_84965_,size,0,
f_8508_,LOGGER,0,
f_8509_,level,0,
f_8510_,entity,0,
f_8511_,updateInterval,0,
f_8512_,trackDelta,0,
f_85130_,components,0,
f_85131_,glFormat,0,
f_85132_,hasRed,0,
f_85133_,hasGreen,0,
f_85134_,hasBlue,0,
f_85135_,hasLuminance,0,
f_85136_,hasAlpha,0,
f_85137_,redOffset,0,
f_85138_,greenOffset,0,
f_85139_,blueOffset,0,
f_8513_,broadcast,0,
f_85140_,luminanceOffset,0,
f_85141_,alphaOffset,0,
f_85142_,supportedByStb,0,
f_8517_,yRotp,0,
f_85184_,glFormat,0,
f_8518_,xRotp,0,
f_85195_,output,0,
f_85196_,exception,0,
f_8519_,yHeadRotp,0,
f_8520_,ap,0,
f_8521_,tickCount,0,
f_8522_,teleportDelay,0,
f_8523_,lastPassengers,0,
f_8524_,wasRiding,0,
f_8525_,wasOnGround,0,
f_85262_,monitors,0,
f_85263_,monitorCreator,0,
f_85313_,width,0,
f_85314_,height,0,
f_85315_,redBits,0,
f_85316_,greenBits,0,
f_85317_,blueBits,0,
f_85318_,refreshRate,0,
f_85319_,PATTERN,0,
f_85345_,LOGGER,0,
f_85346_,defaultErrorCallback,0,
f_85347_,eventHandler,0,
f_85348_,screenManager,0,
f_85349_,window,0,
f_85350_,windowedX,0,
f_85351_,windowedY,0,
f_85352_,windowedWidth,0,
f_85353_,windowedHeight,0,
f_85354_,preferredFullscreenVideoMode,0,
f_85355_,fullscreen,0,
f_85356_,actuallyFullscreen,0,
f_85357_,x,0,
f_85358_,y,0,
f_85359_,width,0,
f_85360_,height,0,
f_85361_,framebufferWidth,0,
f_85362_,framebufferHeight,0,
f_85363_,guiScaledWidth,0,
f_85364_,guiScaledHeight,0,
f_85365_,guiScale,0,
f_85366_,errorSection,0,
f_85367_,dirty,0,
f_85368_,framerateLimit,0,
f_85369_,vsync,0,
f_85459_,ERROR_INVALID_VALUE,0,
f_85460_,EXAMPLES,0,
f_8546_,players,0,
f_8547_,chunkSource,0,
f_8548_,server,0,
f_85499_,lastApplied,0,
f_8549_,serverLevelData,0,
f_85500_,srcColorFactor,0,
f_85501_,srcAlphaFactor,0,
f_85502_,dstColorFactor,0,
f_85503_,dstAlphaFactor,0,
f_85504_,blendFunc,0,
f_85505_,separateBlend,0,
f_85506_,opaque,0,
f_8551_,emptyTime,0,
f_8552_,portalForcer,0,
f_85535_,type,0,
f_85536_,name,0,
f_85537_,id,0,
f_8553_,blockTicks,0,
f_85554_,name,0,
f_85555_,extension,0,
f_85556_,glType,0,
f_85557_,programs,0,
f_8556_,blockEvents,0,
f_85575_,LOGGER,0,
f_8557_,handlingTick,0,
f_85584_,LOGGER,0,
f_85585_,location,0,
f_85586_,count,0,
f_85587_,type,0,
f_85588_,intValues,0,
f_85589_,floatValues,0,
f_8558_,customSpawners,0,
f_85590_,name,0,
f_85591_,dirty,0,
f_85592_,parent,0,
f_8559_,dragonFight,0,
f_8561_,tickTime,0,
f_8562_,END_SPAWN_POINT,0,
f_85647_,LOGGER,0,
f_85648_,buffer,0,
f_8564_,noSave,0,
f_85652_,nextElementByte,0,
f_85654_,vertices,0,
f_85655_,currentElement,0,
f_85656_,elementIndex,0,
f_85657_,mode,0,
f_85658_,format,0,
f_85659_,fastFormat,0,
f_8565_,raids,0,
f_85660_,fullFormat,0,
f_85661_,building,0,
f_8566_,LOGGER,0,
f_85733_,format,0,
f_85734_,vertexCount,0,
f_85735_,mode,0,
f_85804_,ELEMENT_POSITION,0,
f_85805_,ELEMENT_COLOR,0,
f_85806_,ELEMENT_UV0,0,
f_85807_,ELEMENT_UV1,0,
f_85808_,ELEMENT_UV2,0,
f_85809_,ELEMENT_NORMAL,0,
f_85810_,ELEMENT_PADDING,0,
f_85811_,BLOCK,0,
f_85812_,NEW_ENTITY,0,
f_85813_,PARTICLE,0,
f_85814_,POSITION,0,
f_85815_,POSITION_COLOR,0,
f_85816_,POSITION_COLOR_LIGHTMAP,0,
f_85817_,POSITION_TEX,0,
f_85818_,POSITION_COLOR_TEX,0,
f_85819_,POSITION_TEX_COLOR,0,
f_85820_,POSITION_COLOR_TEX_LIGHTMAP,0,
f_85821_,POSITION_TEX_LIGHTMAP_COLOR,0,
f_85822_,POSITION_TEX_COLOR_NORMAL,0,
f_85824_,defaultColorSet,0,
f_85825_,defaultR,0,
f_85826_,defaultG,0,
f_85827_,defaultB,0,
f_85828_,defaultA,0,
f_85834_,poseStack,0,
f_85852_,pose,0,
f_85853_,normal,0,
f_85867_,delegate,0,
f_85868_,cameraInversePose,0,
f_85869_,normalInversePose,0,
f_85870_,x,0,
f_85871_,y,0,
f_85872_,z,0,
f_85873_,overlayU,0,
f_85874_,overlayV,0,
f_85875_,lightCoords,0,
f_85876_,nx,0,
f_85877_,ny,0,
f_85878_,nz,0,
f_85907_,builder,0,
f_85917_,format,0,
f_86012_,elements,0,
f_86013_,offsets,0,
f_86014_,vertexSize,0,
f_86030_,type,0,
f_86031_,usage,0,
f_86032_,index,0,
f_86033_,count,0,
f_86034_,byteSize,0,
f_86063_,size,0,
f_86064_,name,0,
f_86065_,glType,0,
f_86086_,name,0,
f_86087_,setupState,0,
f_86088_,clearState,0,
f_86171_,first,0,
f_86172_,second,0,
f_86238_,SERVER_UNITIALIZED_TEXT,0,
f_86239_,SUBSCRIPTION_EXPIRED_TEXT,0,
f_86240_,SUBSCRIPTION_RENEW_TEXT,0,
f_86241_,TRIAL_EXPIRED_TEXT,0,
f_86245_,SERVER_EXPIRED_TOOLTIP,0,
f_86246_,SERVER_EXPIRES_SOON_TOOLTIP,0,
f_86247_,SERVER_EXPIRES_IN_DAY_TOOLTIP,0,
f_86248_,SERVER_OPEN_TOOLTIP,0,
f_86249_,SERVER_CLOSED_TOOLTIP,0,
f_86257_,LOGGER,0,
f_86259_,newsLink,0,
f_86269_,pendingInvitesButton,0,
f_86270_,newsButton,0,
f_86279_,regionsPinged,0,
f_86280_,inviteNarrationLimiter,0,
f_86282_,lastScreen,0,
f_86283_,realmSelectionList,0,
f_86285_,playButton,0,
f_86286_,backButton,0,
f_86287_,renewButton,0,
f_86288_,configureButton,0,
f_86289_,leaveButton,0,
f_86297_,trialsAvailable,0,
f_86308_,LOGO_LOCATION,0,
f_86733_,this$0,0,
f_86781_,this$0,0,
f_86822_,this$0,0,
f_86852_,this$0,0,
f_86853_,serverData,0,
f_86953_,LOGGER,0,
f_86954_,cancelled,0,
f_86955_,finished,0,
f_86956_,error,0,
f_86957_,extracting,0,
f_86958_,tempFile,0,
f_86959_,resourcePackPath,0,
f_86960_,request,0,
f_86961_,currentThread,0,
f_86962_,requestConfig,0,
f_86963_,INVALID_FILE_NAMES,0,
f_87012_,listener,0,
f_87020_,this$0,0,
f_87021_,worldName,0,
f_87022_,tempFile,0,
f_87023_,levelStorageSource,0,
f_87024_,downloadStatus,0,
f_87040_,this$0,0,
f_87041_,tempFile,0,
f_87042_,downloadStatus,0,
f_87043_,worldDownload,0,
f_87057_,LOGGER,0,
f_87058_,file,0,
f_87060_,slotId,0,
f_87061_,uploadInfo,0,
f_87062_,sessionId,0,
f_87063_,username,0,
f_87064_,clientVersion,0,
f_87065_,uploadStatus,0,
f_87066_,cancelled,0,
f_87067_,uploadTask,0,
f_87068_,requestConfig,0,
f_87101_,length,0,
f_87102_,content,0,
f_87103_,uploadStatus,0,
f_87110_,ERROR_INVALID_JSON,0,
f_87111_,EXAMPLES,0,
f_87141_,name,0,
f_87142_,endpoint,0,
f_87159_,LOGGER,0,
f_87160_,sessionId,0,
f_87161_,username,0,
f_87162_,minecraft,0,
f_87163_,GSON,0,
f_87279_,baseUrl,0,
f_87280_,protocol,0,
f_87291_,proxy,0,
f_87295_,LOGGER,0,
f_87306_,connection,0,
f_87307_,url,0,
f_87308_,connected,0,
f_87370_,content,0,
f_87378_,content,0,
f_87386_,bytesWritten,0,
f_87387_,totalBytes,0,
f_87389_,backupId,0,
f_87390_,lastModifiedDate,0,
f_87391_,size,0,
f_87392_,metadata,0,
f_87393_,changeList,0,
f_87394_,LOGGER,0,
f_87395_,uploadedVersion,0,
f_87405_,backups,0,
f_87406_,LOGGER,0,
f_87411_,gson,0,
f_87418_,ops,0,
f_87422_,invitationId,0,
f_87426_,date,0,
f_87427_,LOGGER,0,
f_87432_,pendingInvites,0,
f_87433_,LOGGER,0,
f_87438_,pingResults,0,
f_87441_,name,0,
f_87442_,uuid,0,
f_87443_,operator,0,
f_87444_,accepted,0,
f_87445_,online,0,
f_87462_,name,0,
f_87463_,description,0,
f_87467_,newsLink,0,
f_87468_,LOGGER,0,
f_87473_,id,0,
f_87474_,remoteSubscriptionId,0,
f_87475_,name,0,
f_87476_,motd,0,
f_87477_,state,0,
f_87478_,owner,0,
f_87479_,ownerUUID,0,
f_87480_,players,0,
f_87481_,slots,0,
f_87482_,expired,0,
f_87483_,expiredTrial,0,
f_87484_,daysLeft,0,
f_87485_,worldType,0,
f_87486_,activeSlot,0,
f_87487_,minigameName,0,
f_87488_,minigameId,0,
f_87489_,minigameImage,0,
f_87490_,serverPing,0,
f_87491_,LOGGER,0,
f_87532_,refOwner,0,
f_87565_,address,0,
f_87566_,resourcePackUrl,0,
f_87567_,resourcePackHash,0,
f_87568_,LOGGER,0,
f_87573_,servers,0,
f_87574_,LOGGER,0,
f_87579_,nrOfPlayers,0,
f_87580_,playerList,0,
f_87582_,serverId,0,
f_87583_,players,0,
f_87584_,LOGGER,0,
f_87592_,servers,0,
f_87593_,LOGGER,0,
f_87598_,pvp,0,
f_87599_,spawnAnimals,0,
f_87600_,spawnMonsters,0,
f_87601_,spawnNPCs,0,
f_87602_,spawnProtection,0,
f_87603_,commandBlocks,0,
f_87604_,forceGameMode,0,
f_87605_,difficulty,0,
f_87606_,gameMode,0,
f_87607_,slotName,0,
f_87608_,templateId,0,
f_87609_,templateImage,0,
f_87611_,empty,0,
f_87612_,DEFAULT_TEMPLATE_IMAGE,0,
f_87638_,seed,0,
f_87639_,worldTemplateId,0,
f_87640_,levelType,0,
f_87641_,generateStructures,0,
f_87647_,regionName,0,
f_87648_,ping,0,
f_87654_,EXAMPLES,0,
f_87666_,startDate,0,
f_87667_,daysLeft,0,
f_87668_,type,0,
f_87669_,LOGGER,0,
f_87686_,LOGGER,0,
f_87687_,URI_SCHEMA_PATTERN,0,
f_87688_,worldClosed,0,
f_87689_,token,0,
f_87690_,uploadEndpoint,0,
f_87718_,downloadLink,0,
f_87719_,resourcePackUrl,0,
f_87720_,resourcePackHash,0,
f_87721_,LOGGER,0,
f_87726_,id,0,
f_87727_,name,0,
f_87728_,version,0,
f_87729_,author,0,
f_87730_,link,0,
f_87731_,image,0,
f_87732_,trailer,0,
f_87733_,recommendedPlayers,0,
f_87734_,type,0,
f_87735_,LOGGER,0,
f_87753_,templates,0,
f_87754_,page,0,
f_87755_,size,0,
f_87756_,total,0,
f_87757_,LOGGER,0,
f_87764_,logger,0,
f_87787_,delaySeconds,0,
f_87797_,serverListUpdateTask,0,
f_87799_,trialAvailabilityTask,0,
f_87914_,slotIndex,0,
f_87916_,state,0,
f_87918_,EMPTY_SLOT_LOCATION,0,
f_87919_,DEFAULT_WORLD_SLOT_1,0,
f_87920_,DEFAULT_WORLD_SLOT_2,0,
f_87921_,DEFAULT_WORLD_SLOT_3,0,
f_87922_,SLOT_ACTIVE_TOOLTIP,0,
f_87923_,SWITCH_TO_MINIGAME_SLOT_TOOLTIP,0,
f_87924_,SWITCH_TO_WORLD_SLOT_TOOLTIP,0,
f_87980_,empty,0,
f_87981_,minigame,0,
f_87982_,action,0,
f_87983_,isCurrentlyActiveSlot,0,
f_87984_,slotName,0,
f_87985_,imageId,0,
f_87986_,image,0,
f_88007_,width,0,
f_88008_,height,0,
f_88009_,xOffset,0,
f_88010_,yOffset,0,
f_88044_,lastScreen,0,
f_88045_,backup,0,
f_88046_,backupInfoList,0,
f_88079_,this$0,0,
f_88086_,this$0,0,
f_88087_,key,0,
f_88088_,value,0,
f_88104_,downloadButton,0,
f_88107_,noBackups,0,
f_88108_,serverData,0,
f_88110_,LOGGER,0,
f_88113_,RESTORE_TOOLTIP,0,
f_88114_,HAS_CHANGES_TOOLTIP,0,
f_88115_,TITLE,0,
f_88116_,NO_BACKUPS_LABEL,0,
f_88118_,lastScreen,0,
f_88119_,backups,0,
f_88123_,slotId,0,
f_88210_,this$0,0,
f_88217_,this$0,0,
f_88246_,this$0,0,
f_88247_,backup,0,
f_88283_,LOGGER,0,
f_88284_,lastScreen,0,
f_88286_,serverData,0,
f_88287_,serverId,0,
f_88289_,message,0,
f_88290_,leftX,0,
f_88292_,slotsThatHasBeenDownloaded,0,
f_88293_,animTick,0,
f_88360_,INCOMPATIBLE_TITLE,0,
f_88362_,lastScreen,0,
f_88380_,lastScreen,0,
f_88381_,serverData,0,
f_88382_,serverId,0,
f_88383_,leftX,0,
f_88384_,rightX,0,
f_88385_,playersButton,0,
f_88386_,settingsButton,0,
f_88387_,subscriptionButton,0,
f_88388_,optionsButton,0,
f_88389_,backupButton,0,
f_88390_,resetWorldButton,0,
f_88391_,switchMinigameButton,0,
f_88392_,stateChanged,0,
f_88395_,LOGGER,0,
f_88400_,TITLE,0,
f_88403_,SERVER_EXPIRED_TOOLTIP,0,
f_88404_,SERVER_EXPIRING_SOON_TOOLTIP,0,
f_88405_,SERVER_EXPIRING_IN_DAY_TOOLTIP,0,
f_88406_,SERVER_OPEN_TOOLTIP,0,
f_88407_,SERVER_CLOSED_TOOLTIP,0,
f_88408_,toolTip,0,
f_88543_,$SwitchMap$com$mojang$realmsclient$gui$RealmsWorldSlotButton$Action,0,
f_88545_,callback,0,
f_88546_,title1,0,
f_88547_,title2,0,
f_88564_,NAME_LABEL,0,
f_88565_,DESCRIPTION_LABEL,0,
f_88567_,lastScreen,0,
f_88568_,nameBox,0,
f_88569_,descriptionBox,0,
f_88599_,finished,0,
f_88600_,extracting,0,
f_88601_,previousWrittenBytes,0,
f_88602_,previousTimeSnapshot,0,
f_88603_,bytesPersSecond,0,
f_88604_,animTick,0,
f_88605_,DOTS,0,
f_88606_,dotIndex,0,
f_88607_,checked,0,
f_88608_,callback,0,
f_88609_,LOGGER,0,
f_88610_,DOWNLOAD_LOCK,0,
f_88611_,lastScreen,0,
f_88612_,worldDownload,0,
f_88613_,downloadTitle,0,
f_88614_,narrationRateLimiter,0,
f_88615_,cancelButton,0,
f_88616_,worldName,0,
f_88617_,downloadStatus,0,
f_88618_,errorMessage,0,
f_88619_,status,0,
f_88620_,progress,0,
f_88621_,cancelled,0,
f_88622_,showDots,0,
f_88660_,bytesWritten,0,
f_88661_,totalBytes,0,
f_88665_,nextScreen,0,
f_88693_,LOGGER,0,
f_88694_,NAME_LABEL,0,
f_88695_,NO_SUCH_PLAYER_ERROR_TEXT,0,
f_88696_,profileName,0,
f_88697_,serverData,0,
f_88698_,configureScreen,0,
f_88699_,lastScreen,0,
f_88725_,callback,0,
f_88726_,type,0,
f_88727_,line2,0,
f_88728_,line3,0,
f_88729_,yesNoQuestion,0,
f_88754_,colorCode,0,
f_88755_,text,0,
f_88767_,LOGGER,0,
f_88768_,lastScreen,0,
f_88769_,title,0,
f_88801_,EXAMPLES,0,
f_88802_,ERROR_INVALID_VALUE,0,
f_88825_,numberOfPendingInvites,0,
f_88827_,trialAvailable,0,
f_88828_,validClient,0,
f_88829_,hasUnreadNews,0,
f_88851_,this$0,0,
f_88856_,MESSAGE,0,
f_88874_,LOGGER,0,
f_88877_,NO_PENDING_INVITES_TEXT,0,
f_88880_,lastScreen,0,
f_88881_,toolTip,0,
f_88883_,pendingInvitationSelectionList,0,
f_88885_,selectedInvite,0,
f_88886_,acceptButton,0,
f_88887_,rejectButton,0,
f_88991_,this$0,0,
f_88992_,pendingInvite,0,
f_88993_,rowButtons,0,
f_89025_,this$1,0,
f_89035_,this$1,0,
f_89045_,this$0,0,
f_8906_,connection,0,
f_89070_,stateChanged,0,
f_89073_,LOGGER,0,
f_8907_,LOGGER,0,
f_89083_,lastScreen,0,
f_89084_,serverData,0,
f_8909_,advancements,0,
f_8910_,stats,0,
f_8911_,lastRecordedHealthAndAbsorption,0,
f_8912_,lastRecordedFoodLevel,0,
f_8913_,lastRecordedAirLevel,0,
f_8914_,lastRecordedArmor,0,
f_8915_,lastRecordedLevel,0,
f_8916_,lastRecordedExperience,0,
f_8917_,lastSentHealth,0,
f_8918_,lastSentFood,0,
f_8919_,lastFoodSaturationZero,0,
f_89200_,this$0,0,
f_89201_,playerInfo,0,
f_8920_,lastSentExp,0,
f_8921_,spawnInvulnerableTime,0,
f_89226_,this$0,0,
f_8922_,chatVisibility,0,
f_8923_,canChatColor,0,
f_8924_,server,0,
f_8925_,lastActionTime,0,
f_89266_,SEED_LABEL,0,
f_8926_,camera,0,
f_89270_,seedEdit,0,
f_89271_,generateStructures,0,
f_89273_,buttonTitle,0,
f_8927_,isChangingDimension,0,
f_8928_,seenCredits,0,
f_8929_,recipeBook,0,
f_89300_,NEW_WORLD_LOCATION,0,
f_89301_,EXPERIENCE_LOCATION,0,
f_89302_,INSPIRATION_LOCATION,0,
f_89303_,templates,0,
f_89304_,adventuremaps,0,
f_89305_,experiences,0,
f_89306_,inspirations,0,
f_8930_,levitationStartPos,0,
f_89311_,resetWorldRunnable,0,
f_89313_,slot,0,
f_89314_,LOGGER,0,
f_89315_,lastScreen,0,
f_89316_,serverData,0,
f_8931_,levitationStartTime,0,
f_89320_,subtitle,0,
f_89322_,subtitleColor,0,
f_89324_,UPLOAD_LOCATION,0,
f_89325_,ADVENTURE_MAP_LOCATION,0,
f_89326_,SURVIVAL_SPAWN_LOCATION,0,
f_8932_,disconnected,0,
f_8933_,enteredNetherPosition,0,
f_8934_,lastSectionPos,0,
f_8935_,respawnDimension,0,
f_8936_,respawnPosition,0,
f_8937_,respawnForced,0,
f_8938_,respawnAngle,0,
f_8939_,textFilter,0,
f_8940_,containerCounter,0,
f_8941_,gameMode,0,
f_89422_,this$0,0,
f_89435_,this$0,0,
f_89436_,image,0,
f_8944_,wonGame,0,
f_89482_,LOGGER,0,
f_89483_,WORLD_TEXT,0,
f_89485_,HARDCORE_TEXT,0,
f_89487_,DATE_FORMAT,0,
f_89488_,lastScreen,0,
f_89490_,slotId,0,
f_89491_,uploadButton,0,
f_89492_,levelList,0,
f_89493_,selectedWorld,0,
f_89494_,worldSelectionList,0,
f_89553_,this$0,0,
f_89554_,levelSummary,0,
f_89555_,name,0,
f_89556_,id,0,
f_89557_,info,0,
f_89582_,this$0,0,
f_89597_,currentLink,0,
f_89598_,worldType,0,
f_89600_,warning,0,
f_89604_,noTemplatesMessage,0,
f_89605_,LOGGER,0,
f_89613_,selectedTemplate,0,
f_89615_,selectButton,0,
f_89616_,trailerButton,0,
f_89617_,publisherButton,0,
f_89740_,val$startPage,0,
f_89741_,this$0,0,
f_89749_,this$0,0,
f_89750_,template,0,
f_89819_,NAME_LABEL,0,
f_89820_,DESCRIPTION_LABEL,0,
f_89821_,configureWorldScreen,0,
f_89822_,serverData,0,
f_89824_,descEdit,0,
f_89825_,nameEdit,0,
f_89852_,difficulty,0,
f_89853_,gameMode,0,
f_89854_,pvp,0,
f_89855_,spawnNPCs,0,
f_89856_,spawnAnimals,0,
f_89857_,spawnMonsters,0,
f_89858_,spawnProtection,0,
f_89859_,commandBlocks,0,
f_89860_,forceGameMode,0,
f_89865_,spawnProtectionButton,0,
f_89870_,DIFFICULTIES,0,
f_89871_,GAME_MODES,0,
f_89872_,parent,0,
f_89876_,NAME_LABEL,0,
f_89877_,nameEdit,0,
f_89878_,column1X,0,
f_89879_,columnWidth,0,
f_89881_,options,0,
f_89882_,worldType,0,
f_89941_,this$0,0,
f_89942_,minValue,0,
f_89943_,maxValue,0,
f_89960_,daysLeft,0,
f_89961_,startDate,0,
f_89962_,type,0,
f_89963_,LOGGER,0,
f_89964_,SUBSCRIPTION_TITLE,0,
f_89965_,SUBSCRIPTION_START_LABEL,0,
f_89966_,TIME_LEFT_LABEL,0,
f_89967_,DAYS_LEFT_LABEL,0,
f_89968_,SUBSCRIPTION_EXPIRED_TEXT,0,
f_89969_,SUBSCRIPTION_LESS_THAN_A_DAY_TEXT,0,
f_89974_,lastScreen,0,
f_89975_,serverData,0,
f_89976_,mainScreen,0,
f_90016_,this$0,0,
f_90022_,LOGGER,0,
f_90023_,TITLE,0,
f_90024_,TERMS_STATIC_TEXT,0,
f_90025_,TERMS_LINK_TEXT,0,
f_90026_,lastScreen,0,
f_90028_,realmsServer,0,
f_90029_,onLink,0,
f_90057_,uploadFinished,0,
f_90058_,showDots,0,
f_90059_,uploadStarted,0,
f_90060_,backButton,0,
f_90061_,cancelButton,0,
f_90062_,tickCount,0,
f_90063_,previousWrittenBytes,0,
f_90064_,previousTimeSnapshot,0,
f_90065_,bytesPersSecond,0,
f_90067_,LOGGER,0,
f_90068_,UPLOAD_LOCK,0,
f_90069_,DOTS,0,
f_90070_,VERIFYING_TEXT,0,
f_90071_,lastScreen,0,
f_90072_,selectedLevel,0,
f_90074_,slotId,0,
f_90075_,uploadStatus,0,
f_90076_,narrationRateLimiter,0,
f_90077_,errorMessage,0,
f_90078_,status,0,
f_90079_,progress,0,
f_90080_,cancelled,0,
f_90133_,statusCode,0,
f_90134_,errorMessage,0,
f_90142_,statusCode,0,
f_90143_,errorMessage,0,
f_90169_,GSON,0,
f_90175_,newsLink,0,
f_90176_,hasUnreadNews,0,
f_90178_,TEXTURES,0,
f_90181_,LOGGER,0,
f_90182_,TEMPLATE_ICON_LOCATION,0,
f_90205_,image,0,
f_90206_,textureId,0,
f_90262_,segments,0,
f_90269_,fullText,0,
f_90270_,linkTitle,0,
f_90271_,linkUrl,0,
f_90290_,TOKEN_CACHE,0,
f_90299_,serverData,0,
f_90300_,configureScreen,0,
f_90305_,realmsConnect,0,
f_90306_,server,0,
f_90307_,address,0,
f_90316_,slot,0,
f_90317_,lastScreen,0,
f_90318_,downloadName,0,
f_90327_,server,0,
f_90328_,lastScreen,0,
f_90346_,EXAMPLES,0,
f_90347_,ERROR_INVALID,0,
f_90366_,BY_NAME,0,
f_90367_,name,0,
f_90368_,transform,0,
f_90394_,LOGGER,0,
f_90413_,serverData,0,
f_90414_,returnScreen,0,
f_90415_,join,0,
f_90427_,serverId,0,
f_90428_,title,0,
f_90429_,callback,0,
f_90439_,backup,0,
f_90441_,lastScreen,0,
f_90448_,worldTemplate,0,
f_90449_,lastScreen,0,
f_90456_,slot,0,
f_90457_,callback,0,
f_90498_,BY_ID,0,
f_90499_,id,0,
f_90500_,key,0,
f_90549_,initialized,0,
f_90550_,level,0,
f_90551_,entity,0,
f_90552_,position,0,
f_90553_,blockPosition,0,
f_90554_,forwards,0,
f_90555_,up,0,
f_90556_,left,0,
f_90557_,xRot,0,
f_90558_,yRot,0,
f_90559_,rotation,0,
f_90560_,detached,0,
f_90562_,eyeHeight,0,
f_90563_,eyeHeightOld,0,
f_90602_,VALUES,0,
f_90603_,firstPerson,0,
f_90604_,mirrored,0,
f_90618_,LOGGER,0,
f_90619_,collectionsByTab,0,
f_90620_,allCollections,0,
f_90655_,key,0,
f_90672_,parts,0,
f_90697_,connection,0,
f_90698_,transactionId,0,
f_90699_,callback,0,
f_90763_,BY_ID,0,
f_90764_,id,0,
f_90765_,key,0,
f_90786_,addedTime,0,
f_90796_,LOGGER,0,
f_90797_,optionsFile,0,
f_90798_,fixerUpper,0,
f_90799_,hotbars,0,
f_90800_,loaded,0,
f_90809_,ALL,0,
f_90810_,MAP,0,
f_90811_,CATEGORIES,0,
f_90812_,CATEGORY_SORT_ORDER,0,
f_90813_,name,0,
f_90814_,defaultKey,0,
f_90815_,category,0,
f_90816_,key,0,
f_90817_,isDown,0,
f_90818_,clickCount,0,
f_90867_,minecraft,0,
f_90869_,clipboardManager,0,
f_90870_,debugCrashKeyTime,0,
f_90871_,debugCrashKeyReportedTime,0,
f_90872_,debugCrashKeyReportedCount,0,
f_90873_,handledDebugKey,0,
f_90963_,$SwitchMap$net$minecraft$world$phys$HitResult$Type,0,
f_90977_,fpsString,0,
f_90980_,smartCull,0,
f_90981_,instance,0,
f_90982_,LOGGER,0,
f_90983_,RESOURCE_RELOAD_INITIAL_TASK,0,
f_90984_,SOCIAL_INTERACTIONS_NOT_AVAILABLE,0,
f_90985_,resourcePackDirectory,0,
f_90987_,textureManager,0,
f_90988_,fixerUpper,0,
f_90989_,virtualScreen,0,
f_90990_,window,0,
f_90991_,timer,0,
f_90993_,renderBuffers,0,
f_90994_,entityRenderDispatcher,0,
f_90995_,itemRenderer,0,
f_90997_,searchRegistry,0,
f_90998_,user,0,
f_90999_,progressListener,0,
f_91000_,hotbarManager,0,
f_91001_,launchedVersion,0,
f_91002_,ON_OSX,0,
f_91003_,toast,0,
f_91005_,tutorial,0,
f_91006_,playerSocialManager,0,
f_91007_,singleplayerServer,0,
f_91009_,pendingConnection,0,
f_91010_,isLocalServer,0,
f_91011_,rightClickDelay,0,
f_91012_,pause,0,
f_91013_,pausePartialTick,0,
f_91014_,lastNanoTime,0,
f_91015_,lastTime,0,
f_91016_,frames,0,
f_91018_,gameThread,0,
f_91019_,running,0,
f_91020_,delayedCrash,0,
f_91021_,fps,0,
f_91022_,windowActive,0,
f_91023_,progressTasks,0,
f_91024_,pendingReload,0,
f_91025_,socialInteractionsToast,0,
f_91026_,profiler,0,
f_91027_,fpsPieRenderTicks,0,
f_91028_,fpsPieProfiler,0,
f_91029_,versionType,0,
f_91030_,proxy,0,
f_91031_,levelSource,0,
f_91033_,demo,0,
f_91034_,allowsMultiplayer,0,
f_91035_,allowsChat,0,
f_91036_,resourceManager,0,
f_91038_,resourcePackRepository,0,
f_91039_,languageManager,0,
f_91040_,blockColors,0,
f_91041_,itemColors,0,
f_91042_,mainRenderTarget,0,
f_91043_,soundManager,0,
f_91044_,musicManager,0,
f_91045_,fontManager,0,
f_91046_,splashManager,0,
f_91047_,gpuWarnlistManager,0,
f_91048_,minecraftSessionService,0,
f_91050_,skinManager,0,
f_91051_,modelManager,0,
f_91052_,blockRenderer,0,
f_91053_,paintingTextures,0,
f_91054_,mobEffectTextures,0,
f_91055_,DEFAULT_FONT,0,
f_91056_,fpsPieResults,0,
f_91057_,debugPath,0,
f_91058_,UNIFORM_FONT,0,
f_91059_,ALT_FONT,0,
f_91060_,levelRenderer,0,
f_91061_,particleEngine,0,
f_91062_,font,0,
f_91063_,gameRenderer,0,
f_91064_,debugRenderer,0,
f_91065_,gui,0,
f_91066_,options,0,
f_91067_,mouseHandler,0,
f_91068_,keyboardHandler,0,
f_91069_,gameDirectory,0,
f_91072_,gameMode,0,
f_91073_,level,0,
f_91074_,player,0,
f_91075_,cameraEntity,0,
f_91076_,crosshairPickEntity,0,
f_91077_,hitResult,0,
f_91078_,missTime,0,
f_91079_,noRender,0,
f_91080_,screen,0,
f_91081_,overlay,0,
f_91406_,$SwitchMap$net$minecraft$world$phys$HitResult$Type,0,
f_91436_,ERROR_NOT_SINGLE_ENTITY,0,
f_91437_,ERROR_NOT_SINGLE_PLAYER,0,
f_91438_,ERROR_ONLY_PLAYERS_ALLOWED,0,
f_91439_,NO_ENTITIES_FOUND,0,
f_91440_,NO_PLAYERS_FOUND,0,
f_91441_,ERROR_SELECTORS_NOT_ALLOWED,0,
f_91442_,EXAMPLES,0,
f_91443_,single,0,
f_91444_,playersOnly,0,
f_91503_,minecraft,0,
f_91504_,isLeftPressed,0,
f_91505_,isMiddlePressed,0,
f_91506_,isRightPressed,0,
f_91507_,xpos,0,
f_91508_,ypos,0,
f_91509_,fakeRightMouse,0,
f_91510_,activeButton,0,
f_91511_,ignoreFirstMove,0,
f_91512_,clickDepth,0,
f_91513_,mousePressedTime,0,
f_91514_,smoothTurnX,0,
f_91515_,smoothTurnY,0,
f_91516_,accumulatedDX,0,
f_91517_,accumulatedDY,0,
f_91520_,mouseGrabbed,0,
f_91608_,BY_ID,0,
f_91609_,id,0,
f_91610_,name,0,
f_92027_,mipmapLevels,0,
f_92028_,useNativeTransport,0,
f_92029_,attackIndicator,0,
f_92030_,tutorialStep,0,
f_92031_,joinedFirstServer,0,
f_92032_,biomeBlendRadius,0,
f_92033_,mouseWheelSensitivity,0,
f_92034_,rawMouseInput,0,
f_92035_,glDebugVerbosity,0,
f_92036_,autoJump,0,
f_92037_,autoSuggestions,0,
f_92038_,chatColors,0,
f_92039_,chatLinks,0,
f_92040_,chatLinksPrompt,0,
f_92041_,enableVsync,0,
f_92042_,entityShadows,0,
f_92043_,forceUnicodeFont,0,
f_92044_,invertYMouse,0,
f_92045_,discreteMouseScroll,0,
f_92046_,realmsNotifications,0,
f_92047_,reducedDebugInfo,0,
f_92049_,showSubtitles,0,
f_92050_,backgroundForChatOnly,0,
f_92051_,touchscreen,0,
f_92052_,fullscreen,0,
f_92053_,sensitivity,0,
f_92054_,keySpectatorOutlines,0,
f_92055_,keyAdvancements,0,
f_92056_,keyHotbarSlots,0,
f_92057_,keySaveHotbarActivator,0,
f_92058_,keyLoadHotbarActivator,0,
f_92059_,keyMappings,0,
f_92060_,minecraft,0,
f_92062_,hideGui,0,
f_92066_,lastMpIp,0,
f_92067_,smoothCamera,0,
f_92068_,fov,0,
f_92069_,screenEffectScale,0,
f_92070_,fovEffectScale,0,
f_92071_,gamma,0,
f_92072_,guiScale,0,
f_92073_,particles,0,
f_92075_,languageCode,0,
f_92076_,syncWrites,0,
f_92077_,LOGGER,0,
f_92078_,GSON,0,
f_92080_,bobView,0,
f_92081_,toggleCrouch,0,
f_92082_,toggleSprint,0,
f_92083_,skipMultiplayerWarning,0,
f_92084_,hideMatchedNames,0,
f_92085_,keyUp,0,
f_92086_,keyLeft,0,
f_92087_,keyDown,0,
f_92088_,keyRight,0,
f_92089_,keyJump,0,
f_92090_,keyShift,0,
f_92091_,keySprint,0,
f_92092_,keyInventory,0,
f_92093_,keySwapOffhand,0,
f_92094_,keyDrop,0,
f_92095_,keyUse,0,
f_92096_,keyAttack,0,
f_92097_,keyPickItem,0,
f_92098_,keyChat,0,
f_92099_,keyPlayerList,0,
f_92100_,keyCommand,0,
f_92101_,keySocialInteractions,0,
f_92102_,keyScreenshot,0,
f_92103_,keyTogglePerspective,0,
f_92104_,keySmoothCamera,0,
f_92105_,keyFullscreen,0,
f_92106_,renderDistance,0,
f_92107_,OPTION_SPLITTER,0,
f_92108_,modelParts,0,
f_92110_,optionsFile,0,
f_92111_,cameraType,0,
f_92112_,entityDistanceScaling,0,
f_92113_,framerateLimit,0,
f_92115_,graphicsMode,0,
f_92116_,ambientOcclusion,0,
f_92117_,resourcePacks,0,
f_92118_,incompatibleResourcePacks,0,
f_92119_,chatVisibility,0,
f_92120_,chatOpacity,0,
f_92121_,chatLineSpacing,0,
f_92122_,textBackgroundOpacity,0,
f_92123_,fullscreenVideoModeString,0,
f_92124_,hideServerAddress,0,
f_92125_,advancedItemTooltips,0,
f_92126_,pauseOnLostFocus,0,
f_92127_,mainHand,0,
f_92128_,overrideWidth,0,
f_92129_,overrideHeight,0,
f_92131_,chatScale,0,
f_92132_,chatWidth,0,
f_92133_,chatHeightUnfocused,0,
f_92134_,chatHeightFocused,0,
f_92135_,chatDelay,0,
f_92185_,BY_ID,0,
f_92186_,id,0,
f_92187_,key,0,
f_92256_,SMOKER_CATEGORIES,0,
f_92257_,BLAST_FURNACE_CATEGORIES,0,
f_92258_,FURNACE_CATEGORIES,0,
f_92259_,CRAFTING_CATEGORIES,0,
f_92260_,AGGREGATE_CATEGORIES,0,
f_92261_,itemIcons,0,
f_92274_,$SwitchMap$net$minecraft$world$inventory$RecipeBookType,0,
f_92276_,LOGGER,0,
f_92333_,widthProvider,0,
f_92436_,val$output,0,
f_92438_,collector,0,
f_92445_,parts,0,
f_92446_,flatParts,0,
f_9244_,level,0,
f_9245_,player,0,
f_92460_,this$0,0,
f_92461_,maxWidth,0,
f_92462_,lineBreak,0,
f_92463_,lineBreakStyle,0,
f_92464_,hadNonZeroWidthChar,0,
f_92465_,width,0,
f_92466_,lastSpace,0,
f_92467_,lastSpaceStyle,0,
f_92468_,nextChar,0,
f_92469_,offset,0,
f_9246_,LOGGER,0,
f_9247_,gameModeForPlayer,0,
f_92485_,contents,0,
f_92486_,style,0,
f_9248_,previousGameModeForPlayer,0,
f_9249_,isDestroyingBlock,0,
f_92503_,this$0,0,
f_92504_,maxWidth,0,
f_92505_,position,0,
f_9250_,destroyProgressStart,0,
f_92518_,partialTick,0,
f_92519_,tickDelta,0,
f_9251_,destroyPos,0,
f_92520_,lastMs,0,
f_92521_,msPerTick,0,
f_92527_,needsToggle,0,
f_9252_,gameTicks,0,
f_92535_,name,0,
f_92536_,uuid,0,
f_92537_,accessToken,0,
f_92538_,type,0,
f_9253_,hasDelayedDestroy,0,
f_9254_,delayedDestroyPos,0,
f_92551_,BY_NAME,0,
f_92552_,name,0,
f_9255_,delayedTickStart,0,
f_9256_,lastSentState,0,
f_92571_,blockColors,0,
f_92572_,coloringStates,0,
f_92650_,latestChunkOnThread,0,
f_92651_,cache,0,
f_92652_,lock,0,
f_92665_,x,0,
f_92666_,z,0,
f_92667_,cache,0,
f_92674_,itemColors,0,
f_92710_,lineHeight,0,
f_92711_,random,0,
f_92712_,SHADOW_OFFSET,0,
f_92713_,fonts,0,
f_92714_,splitter,0,
f_92937_,bufferSource,0,
f_92938_,this$0,0,
f_92939_,dropShadow,0,
f_92940_,dimFactor,0,
f_92941_,r,0,
f_92942_,g,0,
f_92943_,b,0,
f_92944_,a,0,
f_92945_,pose,0,
f_92947_,packedLightCoords,0,
f_92948_,x,0,
f_92949_,y,0,
f_92950_,effects,0,
f_9296_,LOGGER,0,
f_92970_,titleFadeInTime,0,
f_92971_,titleStayTime,0,
f_92972_,titleFadeOutTime,0,
f_92973_,lastHealth,0,
f_92974_,displayHealth,0,
f_92975_,lastHealthTime,0,
f_92976_,healthBlinkTime,0,
f_9297_,taskMailbox,0,
f_92980_,vignetteBrightness,0,
f_92981_,VIGNETTE_LOCATION,0,
f_92983_,PUMPKIN_BLUR_LOCATION,0,
f_92984_,DEMO_EXPIRED_TEXT,0,
f_92985_,random,0,
f_92986_,minecraft,0,
f_92988_,chat,0,
f_92989_,tickCount,0,
f_9298_,lightTasks,0,
f_92990_,overlayMessageString,0,
f_92991_,overlayMessageTime,0,
f_92992_,animateOverlayMessageColor,0,
f_92993_,toolHighlightTimer,0,
f_92994_,lastToolHighlight,0,
f_92996_,subtitleOverlay,0,
f_92997_,spectatorGui,0,
f_92998_,tabList,0,
f_92999_,bossOverlay,0,
f_9299_,chunkMap,0,
f_93000_,titleTime,0,
f_93001_,title,0,
f_93002_,subtitle,0,
f_9300_,sorterMailbox,0,
f_9301_,taskPerBatch,0,
f_9302_,scheduled,0,
f_93255_,textureManager,0,
f_93256_,maps,0,
f_93279_,this$0,0,
f_93280_,data,0,
f_93281_,texture,0,
f_93282_,renderType,0,
f_93310_,NO_TITLE,0,
f_93311_,LOGGER,0,
f_93313_,narrator,0,
f_93377_,options,0,
f_93385_,children,0,
f_93386_,minecraft,0,
f_93387_,itemHeight,0,
f_93394_,centerListVertically,0,
f_93395_,headerHeight,0,
f_93396_,scrollAmount,0,
f_93398_,renderHeader,0,
f_93399_,scrolling,0,
f_93400_,selected,0,
f_93521_,list,0,
f_93549_,this$0,0,
f_93550_,delegate,0,
f_93577_,value,0,
f_93614_,message,0,
f_93616_,focused,0,
f_93618_,width,0,
f_93619_,height,0,
f_93620_,x,0,
f_93621_,y,0,
f_93622_,isHovered,0,
f_93623_,active,0,
f_93624_,visible,0,
f_93625_,alpha,0,
f_93698_,minecraft,0,
f_93699_,events,0,
f_93717_,onPress,0,
f_93757_,LOGGER,0,
f_93758_,minecraft,0,
f_93759_,recentChat,0,
f_93760_,allMessages,0,
f_93761_,trimmedMessages,0,
f_93763_,chatScrollbarPos,0,
f_93764_,newMessageSinceScroll,0,
f_93822_,selected,0,
f_93847_,WHITESPACE_PATTERN,0,
f_93848_,UNPARSED_STYLE,0,
f_93849_,LITERAL_STYLE,0,
f_93850_,ARGUMENT_STYLES,0,
f_93851_,minecraft,0,
f_93852_,screen,0,
f_93853_,input,0,
f_93854_,font,0,
f_93855_,commandsOnly,0,
f_93856_,onlyShowIfCursorPastError,0,
f_93857_,lineStartOffset,0,
f_93858_,suggestionLineLimit,0,
f_93859_,anchorToBottom,0,
f_93860_,fillColor,0,
f_93861_,commandUsage,0,
f_93862_,commandUsagePosition,0,
f_93863_,commandUsageWidth,0,
f_93864_,currentParse,0,
f_93865_,pendingSuggestions,0,
f_93866_,suggestions,0,
f_93867_,allowSuggestions,0,
f_93868_,keepSuggestions,0,
f_93946_,this$0,0,
f_93947_,rect,0,
f_93948_,originalContents,0,
f_93949_,suggestionList,0,
f_93950_,offset,0,
f_93951_,current,0,
f_93952_,lastMouse,0,
f_93953_,tabCycles,0,
f_93954_,lastNarratedEntry,0,
f_93993_,INDENT,0,
f_94020_,focused,0,
f_94021_,dragging,0,
f_94029_,HEIGHTMAP_NAMES,0,
f_94030_,minecraft,0,
f_94031_,font,0,
f_94032_,block,0,
f_94033_,liquid,0,
f_94034_,lastPos,0,
f_94035_,clientChunk,0,
f_94036_,serverChunk,0,
f_94086_,$SwitchMap$net$minecraft$core$Direction,0,
f_94088_,suggestion,0,
f_94089_,responder,0,
f_94090_,filter,0,
f_94091_,formatter,0,
f_94092_,font,0,
f_94093_,value,0,
f_94094_,maxLength,0,
f_94096_,bordered,0,
f_94097_,canLoseFocus,0,
f_94098_,isEditable,0,
f_94100_,displayPos,0,
f_94101_,cursorPos,0,
f_94102_,highlightPos,0,
f_94103_,textColor,0,
f_94104_,textColorUneditable,0,
f_9420_,type,0,
f_9421_,ticketLevel,0,
f_9422_,key,0,
f_9423_,createdTick,0,
f_94286_,targetPercent,0,
f_94287_,setTime,0,
f_94297_,locked,0,
f_94331_,EMPTY,0,
f_94399_,val$font,0,
f_94400_,val$lines,0,
f_94427_,text,0,
f_94428_,width,0,
f_9442_,START,0,
f_9443_,DRAGON,0,
f_9444_,PLAYER,0,
f_9445_,FORCED,0,
f_9446_,LIGHT,0,
f_9447_,PORTAL,0,
f_94485_,children,0,
f_9448_,POST_TELEPORT,0,
f_9449_,UNKNOWN,0,
f_9450_,name,0,
f_94519_,minecraft,0,
f_9451_,comparator,0,
f_94520_,gui,0,
f_94521_,footer,0,
f_94522_,header,0,
f_94524_,visible,0,
f_9452_,timeout,0,
f_94580_,ERROR_UNKNOWN_PLAYER,0,
f_94581_,EXAMPLES,0,
f_94603_,selector,0,
f_94609_,isStateTriggered,0,
f_94637_,minecraft,0,
f_94638_,subtitles,0,
f_94639_,isListening,0,
f_94648_,text,0,
f_94649_,time,0,
f_94650_,location,0,
f_94673_,focused,0,
f_94674_,isDragging,0,
f_9474_,LOGGER,0,
f_9475_,cache,0,
f_94762_,minecraft,0,
f_94763_,lastSelectionTime,0,
f_94764_,menu,0,
f_9478_,size,0,
f_94795_,advancement,0,
f_94796_,playedSound,0,
f_9479_,level,0,
f_94803_,TITLE_TEXT,0,
f_94804_,DESCRIPTION_TEXT,0,
f_94805_,recipes,0,
f_94806_,lastChanged,0,
f_94807_,changed,0,
f_9480_,seed,0,
f_9481_,levelData,0,
f_94820_,id,0,
f_94821_,title,0,
f_94822_,messageLines,0,
f_94823_,lastChanged,0,
f_94824_,changed,0,
f_94825_,width,0,
f_9482_,random,0,
f_9483_,dimensionType,0,
f_9484_,blockTicks,0,
f_9486_,biomeManager,0,
f_9487_,firstPos,0,
f_9488_,lastPos,0,
f_94894_,NO_TOKEN,0,
f_94902_,soundEvent,0,
f_94914_,minecraft,0,
f_94915_,visible,0,
f_94916_,queued,0,
f_94930_,this$0,0,
f_94931_,toast,0,
f_94932_,animationTime,0,
f_94933_,visibleTime,0,
f_94934_,visibility,0,
f_94949_,icon,0,
f_94950_,title,0,
f_94951_,message,0,
f_94952_,visibility,0,
f_94953_,lastProgressTime,0,
f_94954_,lastProgress,0,
f_94955_,progress,0,
f_94956_,progressable,0,
f_94996_,MISSING_FONT,0,
f_94997_,LOGGER,0,
f_94998_,missingFontSet,0,
f_94999_,fontSets,0,
f_95000_,textureManager,0,
f_95050_,RANDOM,0,
f_95051_,textureManager,0,
f_95052_,name,0,
f_95053_,missingGlyph,0,
f_95054_,whiteGlyph,0,
f_95056_,glyphs,0,
f_95057_,glyphInfos,0,
f_95058_,glyphsByWidth,0,
f_95059_,textures,0,
f_95094_,colored,0,
f_95095_,root,0,
f_95105_,x,0,
f_95106_,y,0,
f_95107_,width,0,
f_95108_,height,0,
f_95109_,left,0,
f_95110_,right,0,
f_95111_,occupied,0,
f_95129_,getMessageFn,0,
f_95130_,setMessageFn,0,
f_95131_,getClipboardFn,0,
f_95132_,setClipboardFn,0,
f_95133_,stringValidator,0,
f_95134_,cursorPos,0,
f_95135_,selectionPos,0,
f_95201_,u0,0,
f_95202_,u1,0,
f_95203_,v0,0,
f_95204_,v1,0,
f_95205_,left,0,
f_95206_,right,0,
f_95207_,up,0,
f_95208_,down,0,
f_95237_,x0,0,
f_95238_,y0,0,
f_95239_,x1,0,
f_95240_,y1,0,
f_95241_,depth,0,
f_95242_,r,0,
f_95243_,g,0,
f_95244_,b,0,
f_95245_,a,0,
f_95328_,LOGGER,0,
f_95329_,image,0,
f_95330_,glyphs,0,
f_95363_,scale,0,
f_95364_,image,0,
f_95365_,offsetX,0,
f_95366_,offsetY,0,
f_95367_,width,0,
f_95368_,height,0,
f_95369_,advance,0,
f_95370_,ascent,0,
f_95514_,okButton,0,
f_95515_,callback,0,
f_95516_,message,0,
f_95538_,description,0,
f_95539_,promptForCacheErase,0,
f_95540_,message,0,
f_95541_,eraseCache,0,
f_95573_,input,0,
f_95574_,historyBuffer,0,
f_95575_,historyPos,0,
f_95576_,initial,0,
f_95577_,commandSuggestions,0,
f_95616_,this$0,0,
f_95628_,url,0,
f_95629_,showWarning,0,
f_95647_,yesButton,0,
f_95648_,noButton,0,
f_95649_,callback,0,
f_95651_,message,0,
f_95652_,delayTicker,0,
f_95682_,UNIQUE_THREAD_ID,0,
f_95683_,LOGGER,0,
f_95684_,connection,0,
f_95685_,aborted,0,
f_95686_,parent,0,
f_95687_,status,0,
f_95688_,lastNarration,0,
f_95729_,this$0,0,
f_95742_,BIOME_SELECT_INFO,0,
f_95743_,parent,0,
f_95744_,applySettings,0,
f_95745_,biomes,0,
f_95746_,list,0,
f_95747_,biome,0,
f_95748_,doneButton,0,
f_95776_,this$0,0,
f_95791_,this$1,0,
f_95792_,biome,0,
f_95793_,name,0,
f_95814_,parent,0,
f_95815_,applySettings,0,
f_95816_,generator,0,
f_95817_,columnType,0,
f_95818_,columnHeight,0,
f_95819_,list,0,
f_95820_,deleteLayerButton,0,
f_95849_,this$0,0,
f_95861_,this$1,0,
f_95891_,message,0,
f_95906_,delayTicker,0,
f_95907_,causeOfDeath,0,
f_95908_,hardcore,0,
f_95909_,deathScore,0,
f_95935_,DEMO_BACKGROUND_LOCATION,0,
f_95936_,movementMessage,0,
f_95937_,durationMessage,0,
f_95952_,ENTER_IP_LABEL,0,
f_95953_,selectButton,0,
f_95954_,serverData,0,
f_95955_,ipEdit,0,
f_95956_,callback,0,
f_95957_,lastScreen,0,
f_95988_,reason,0,
f_95990_,parent,0,
f_96005_,NAME_LABEL,0,
f_96006_,IP_LABEL,0,
f_96007_,addButton,0,
f_96008_,callback,0,
f_96009_,serverData,0,
f_96010_,ipEdit,0,
f_96011_,nameEdit,0,
f_96013_,lastScreen,0,
f_96047_,message,0,
f_96078_,WARNING_LABEL,0,
f_96079_,packSelectionList,0,
f_96080_,languageManager,0,
f_96100_,this$0,0,
f_96115_,this$1,0,
f_96116_,language,0,
f_96138_,progressListener,0,
f_96139_,lastNarration,0,
f_96140_,COLORS,0,
f_96160_,MOJANG_STUDIOS_LOGO_LOCATION,0,
f_96161_,BRAND_BACKGROUND,0,
f_96163_,minecraft,0,
f_96164_,reload,0,
f_96165_,onFinish,0,
f_96166_,fadeIn,0,
f_96167_,currentProgress,0,
f_96168_,fadeOutStart,0,
f_96169_,fadeInStart,0,
f_96195_,LOGGER,0,
f_96196_,SCREENS,0,
f_96218_,list,0,
f_9622_,LOGGER,0,
f_96235_,lastScreen,0,
f_96236_,options,0,
f_96237_,difficultyButton,0,
f_96238_,lockButton,0,
f_9623_,maxCount,0,
f_9624_,count,0,
f_9625_,startTime,0,
f_9626_,nextTickTime,0,
f_96281_,lastScreen,0,
f_96282_,options,0,
f_96306_,showPauseMenu,0,
f_96368_,LOGGER,0,
f_96370_,parent,0,
f_96371_,shareText,0,
f_96372_,listText,0,
f_96373_,list,0,
f_96374_,selectButton,0,
f_96375_,export,0,
f_96376_,settings,0,
f_9637_,delegate,0,
f_9638_,mailbox,0,
f_96462_,this$0,0,
f_96476_,this$1,0,
f_96506_,header,0,
f_96507_,stage,0,
f_96508_,progress,0,
f_96509_,stop,0,
f_96526_,DOWNLOADING_TERRAIN_TEXT,0,
f_96536_,LOGGER,0,
f_96537_,ALLOWED_PROTOCOLS,0,
f_96538_,clickedLink,0,
f_96539_,title,0,
f_9653_,delegate,0,
f_96540_,children,0,
f_96541_,minecraft,0,
f_96543_,width,0,
f_96544_,height,0,
f_96547_,font,0,
f_9654_,statuses,0,
f_9655_,spawnPos,0,
f_9656_,fullDiameter,0,
f_9657_,radius,0,
f_9658_,diameter,0,
f_9659_,started,0,
f_96640_,ALLOW_COMMANDS_LABEL,0,
f_96641_,GAME_MODE_LABEL,0,
f_96642_,INFO_TEXT,0,
f_96643_,lastScreen,0,
f_96647_,commands,0,
f_96666_,smallOptions,0,
f_96667_,narratorButton,0,
f_96668_,list,0,
f_96714_,fading,0,
f_96715_,fadeInStart,0,
f_96717_,LOGGER,0,
f_96721_,splash,0,
f_96722_,resetDemoButton,0,
f_96726_,realmsNotificationsScreen,0,
f_9675_,LOGGER,0,
f_96794_,FABULOUS,0,
f_96795_,WARNING_MESSAGE,0,
f_96796_,WARNING_TITLE,0,
f_96797_,BUTTON_ACCEPT,0,
f_96798_,BUTTON_CANCEL,0,
f_96801_,list,0,
f_96802_,gpuWarnlistManager,0,
f_96803_,oldMipmaps,0,
f_96829_,EXAMPLES,0,
f_96841_,text,0,
f_96842_,parts,0,
f_96852_,start,0,
f_96853_,end,0,
f_96854_,selector,0,
f_96863_,LOGGER,0,
f_96866_,VIGNETTE_LOCATION,0,
f_96867_,OBFUSCATE_TOKEN,0,
f_96868_,poem,0,
f_96869_,onFinished,0,
f_96871_,lines,0,
f_96872_,centeredLines,0,
f_96873_,totalScrollLength,0,
f_96874_,scrollSpeed,0,
f_9688_,server,0,
f_96896_,lastScreen,0,
f_96897_,PENDING_TEXT,0,
f_96898_,statsList,0,
f_96899_,itemStatsList,0,
f_9689_,connection,0,
f_96900_,mobsStatsList,0,
f_96901_,stats,0,
f_96902_,activeList,0,
f_96903_,isLoading,0,
f_9698_,SERVER_EVENT_GROUP,0,
f_96992_,this$0,0,
f_9699_,SERVER_EPOLL_EVENT_GROUP,0,
f_97000_,this$1,0,
f_97001_,stat,0,
f_97002_,statDisplay,0,
f_9700_,running,0,
f_9701_,LOGGER,0,
f_97021_,blockColumns,0,
f_97022_,itemColumns,0,
f_97023_,headerPressed,0,
f_97025_,itemStatSorter,0,
f_97026_,sortColumn,0,
f_97027_,sortOrder,0,
f_97028_,this$0,0,
f_9702_,server,0,
f_9703_,channels,0,
f_9704_,connections,0,
f_97074_,this$1,0,
f_97097_,this$0,0,
f_97103_,this$1,0,
f_97105_,mobName,0,
f_97106_,kills,0,
f_97107_,hasKills,0,
f_97108_,killedBy,0,
f_97109_,wasKilledBy,0,
f_97126_,minecraft,0,
f_97127_,screen,0,
f_97128_,type,0,
f_97129_,index,0,
f_97131_,display,0,
f_97132_,icon,0,
f_97133_,title,0,
f_97134_,root,0,
f_97135_,widgets,0,
f_97136_,scrollX,0,
f_97137_,scrollY,0,
f_97138_,minX,0,
f_97139_,minY,0,
f_97140_,maxX,0,
f_97141_,maxY,0,
f_97142_,fade,0,
f_97143_,centered,0,
f_97197_,width,0,
f_97198_,height,0,
f_97199_,max,0,
f_97240_,TEST_SPLIT_OFFSETS,0,
f_97241_,tab,0,
f_97243_,display,0,
f_97244_,title,0,
f_97245_,width,0,
f_97246_,description,0,
f_97247_,minecraft,0,
f_97248_,parent,0,
f_97249_,children,0,
f_97250_,progress,0,
f_97251_,x,0,
f_97252_,y,0,
f_9725_,this$0,0,
f_9730_,this$0,0,
f_97329_,WINDOW_LOCATION,0,
f_97331_,VERY_SAD_LABEL,0,
f_97332_,NO_ADVANCEMENTS_LABEL,0,
f_97333_,TITLE,0,
f_97334_,advancements,0,
f_97335_,tabs,0,
f_97336_,selectedTab,0,
f_97337_,isScrolling,0,
f_9735_,awaitingTeleportTime,0,
f_9736_,clientIsFloating,0,
f_9737_,aboveGroundTickCount,0,
f_9738_,clientVehicleIsFloating,0,
f_9739_,aboveGroundVehicleTickCount,0,
f_9740_,receivedMovePacketCount,0,
f_9741_,knownMovePacketCount,0,
f_9743_,player,0,
f_9744_,LOGGER,0,
f_9746_,tickCount,0,
f_9750_,chatSpamTickCount,0,
f_9751_,dropSpamTickCount,0,
f_9753_,firstGoodX,0,
f_97541_,GAMEMODE_SWITCHER_LOCATION,0,
f_97542_,ALL_SLOTS_WIDTH,0,
f_97543_,SELECT_KEY,0,
f_97544_,previousHovered,0,
f_97545_,currentlyHovered,0,
f_97546_,firstMouseX,0,
f_97547_,firstMouseY,0,
f_97548_,setFirstMousePos,0,
f_97549_,slots,0,
f_9754_,firstGoodY,0,
f_9755_,firstGoodZ,0,
f_9756_,lastGoodX,0,
f_97579_,$SwitchMap$net$minecraft$world$level$GameType,0,
f_9757_,lastGoodY,0,
f_97585_,VALUES,0,
f_97586_,name,0,
f_97587_,command,0,
f_97588_,renderStack,0,
f_9758_,lastGoodZ,0,
f_9759_,lastVehicle,0,
f_9760_,vehicleFirstGoodX,0,
f_9761_,vehicleFirstGoodY,0,
f_97623_,icon,0,
f_97624_,isSelected,0,
f_9762_,vehicleFirstGoodZ,0,
f_9763_,vehicleLastGoodX,0,
f_97646_,commandEdit,0,
f_97647_,previousEdit,0,
f_97648_,doneButton,0,
f_97649_,cancelButton,0,
f_9764_,vehicleLastGoodY,0,
f_97650_,outputButton,0,
f_97652_,SET_COMMAND_LABEL,0,
f_97653_,COMMAND_LABEL,0,
f_97654_,PREVIOUS_OUTPUT_LABEL,0,
f_97655_,commandSuggestions,0,
f_9765_,vehicleLastGoodZ,0,
f_9766_,awaitingPositionFromClient,0,
f_9767_,awaitingTeleport,0,
f_97696_,this$0,0,
f_97706_,clickedSlot,0,
f_97707_,snapbackEnd,0,
f_97708_,quickdropSlot,0,
f_97709_,lastClickSlot,0,
f_97710_,isSplittingStack,0,
f_97711_,draggingItem,0,
f_97712_,snapbackStartX,0,
f_97713_,snapbackStartY,0,
f_97714_,snapbackTime,0,
f_97715_,snapbackItem,0,
f_97716_,quickdropTime,0,
f_97717_,quickCraftingType,0,
f_97718_,quickCraftingButton,0,
f_97719_,skipNextRelease,0,
f_97720_,quickCraftingRemainder,0,
f_97721_,lastClickTime,0,
f_97722_,lastClickButton,0,
f_97723_,doubleclick,0,
f_97724_,lastQuickMoved,0,
f_97725_,INVENTORY_LOCATION,0,
f_97726_,imageWidth,0,
f_97727_,imageHeight,0,
f_97728_,titleLabelX,0,
f_97729_,titleLabelY,0,
f_97730_,inventoryLabelX,0,
f_97731_,inventoryLabelY,0,
f_97732_,menu,0,
f_97734_,hoveredSlot,0,
f_97735_,leftPos,0,
f_97736_,topPos,0,
f_97737_,quickCraftSlots,0,
f_97738_,isQuickCrafting,0,
f_97819_,recipeBookComponent,0,
f_97821_,widthTooNarrow,0,
f_97822_,texture,0,
f_97869_,ANVIL_LOCATION,0,
f_97870_,TOO_EXPENSIVE_TEXT,0,
f_97871_,name,0,
f_97903_,BEACON_LOCATION,0,
f_97904_,PRIMARY_EFFECT_LABEL,0,
f_97905_,SECONDARY_EFFECT_LABEL,0,
f_97908_,primary,0,
f_97909_,secondary,0,
f_97963_,val$menu,0,
f_97964_,this$0,0,
f_97979_,this$0,0,
f_97989_,this$0,0,
f_97999_,this$0,0,
f_98000_,effect,0,
f_98001_,sprite,0,
f_98002_,isPrimary,0,
f_98020_,selected,0,
f_98042_,TEXTURE,0,
f_98048_,lastClickTime,0,
f_98049_,lastIndex,0,
f_98050_,forwardButton,0,
f_98051_,backButton,0,
f_98052_,doneButton,0,
f_98053_,signButton,0,
f_98054_,finalizeButton,0,
f_98055_,cancelButton,0,
f_98056_,hand,0,
f_98057_,displayCache,0,
f_98058_,pageMsg,0,
f_98059_,ownerText,0,
f_98060_,EDIT_TITLE_LABEL,0,
f_98061_,FINALIZE_WARNING_LABEL,0,
f_98062_,BLACK_CURSOR,0,
f_98063_,GRAY_CURSOR,0,
f_98064_,owner,0,
f_98065_,book,0,
f_98066_,isModified,0,
f_98067_,isSigning,0,
f_98068_,frameTick,0,
f_98069_,currentPage,0,
f_98070_,pages,0,
f_98071_,title,0,
f_98072_,pageEdit,0,
f_98073_,titleEdit,0,
f_98192_,EMPTY,0,
f_98193_,fullText,0,
f_98194_,cursor,0,
f_98195_,cursorAtEnd,0,
f_98196_,lineStarts,0,
f_98197_,lines,0,
f_98198_,selection,0,
f_98226_,style,0,
f_98227_,contents,0,
f_98228_,asComponent,0,
f_98229_,x,0,
f_98230_,y,0,
f_98246_,x,0,
f_98247_,y,0,
f_98251_,EMPTY_ACCESS,0,
f_98252_,BOOK_LOCATION,0,
f_98253_,bookAccess,0,
f_98254_,currentPage,0,
f_98255_,cachedPageComponents,0,
f_98256_,cachedPage,0,
f_98257_,pageMsg,0,
f_98258_,forwardButton,0,
f_98259_,backButton,0,
f_98260_,playTurnSound,0,
f_98328_,BREWING_STAND_LOCATION,0,
f_98329_,BUBBLELENGTHS,0,
f_98346_,BG_LOCATION,0,
f_98374_,autoCommandBlock,0,
f_98375_,modeButton,0,
f_98376_,conditionalButton,0,
f_98377_,autoexecButton,0,
f_98378_,mode,0,
f_98379_,conditional,0,
f_98380_,autoexec,0,
f_98403_,$SwitchMap$net$minecraft$world$level$block$entity$CommandBlockEntity$Mode,0,
f_98405_,CONTAINER_BACKGROUND,0,
f_98406_,containerRows,0,
f_98442_,CRAFTING_TABLE_LOCATION,0,
f_98444_,recipeBookComponent,0,
f_98445_,widthTooNarrow,0,
f_98490_,minecraft,0,
f_98505_,CONTAINER,0,
f_98506_,TRASH_SLOT_TOOLTIP,0,
f_98507_,selectedTab,0,
f_98508_,scrollOffs,0,
f_98509_,scrolling,0,
f_98510_,searchBox,0,
f_98511_,originalSlots,0,
f_98512_,destroyItemSlot,0,
f_98513_,listener,0,
f_98514_,ignoreTextInput,0,
f_98515_,hasClickedOutside,0,
f_98516_,visibleTags,0,
f_98639_,items,0,
f_98655_,target,0,
f_98682_,CONTAINER_LOCATION,0,
f_98727_,ALT_FONT,0,
f_98728_,ROOT_STYLE,0,
f_98729_,INSTANCE,0,
f_98730_,random,0,
f_98731_,words,0,
f_98740_,time,0,
f_98741_,flip,0,
f_98742_,oFlip,0,
f_98743_,flipT,0,
f_98744_,flipA,0,
f_98745_,open,0,
f_98746_,oOpen,0,
f_98747_,ENCHANTING_TABLE_LOCATION,0,
f_98748_,ENCHANTING_BOOK_LOCATION,0,
f_98750_,random,0,
f_98751_,last,0,
f_98773_,TEXTURE,0,
f_98779_,GRINDSTONE_LOCATION,0,
f_98795_,HOPPER_LOCATION,0,
f_98811_,HORSE_INVENTORY_LOCATION,0,
f_98812_,horse,0,
f_98813_,xMouse,0,
f_98814_,yMouse,0,
f_98831_,xMouse,0,
f_98832_,yMouse,0,
f_98833_,recipeBookComponent,0,
f_98835_,widthTooNarrow,0,
f_98836_,buttonClicked,0,
f_98899_,menuResource,0,
f_98932_,joint,0,
f_98933_,JOINT_LABEL,0,
f_98934_,POOL_LABEL,0,
f_98935_,NAME_LABEL,0,
f_98936_,TARGET_LABEL,0,
f_98937_,FINAL_STATE_LABEL,0,
f_98938_,jigsawEntity,0,
f_98939_,nameEdit,0,
f_98940_,targetEdit,0,
f_98941_,poolEdit,0,
f_98942_,finalStateEdit,0,
f_98943_,levels,0,
f_98944_,keepJigsaws,0,
f_98945_,jointButton,0,
f_98946_,doneButton,0,
f_98996_,this$0,0,
f_99017_,menu,0,
f_99018_,listener,0,
f_99046_,this$0,0,
f_99060_,BG_LOCATION,0,
f_99062_,flag,0,
f_99063_,resultBannerPatterns,0,
f_99064_,bannerStack,0,
f_99065_,dyeStack,0,
f_99066_,patternStack,0,
f_99067_,displayPatterns,0,
f_99069_,hasMaxPatterns,0,
f_99070_,scrollOffs,0,
f_99071_,scrolling,0,
f_99113_,VILLAGER_LOCATION,0,
f_99114_,TRADES_LABEL,0,
f_99116_,DEPRECATED_TOOLTIP,0,
f_99117_,shopItem,0,
f_99118_,tradeOfferButtons,0,
f_99119_,scrollOff,0,
f_99120_,isDragging,0,
f_99201_,index,0,
f_99202_,this$0,0,
f_99214_,commandBlock,0,
f_99222_,isForward,0,
f_99223_,playTurnSound,0,
f_99237_,CONTAINER_TEXTURE,0,
f_99253_,signModel,0,
f_99297_,TEXTURE,0,
f_99303_,BG_LOCATION,0,
f_99304_,scrollOffs,0,
f_99305_,scrolling,0,
f_99306_,startIndex,0,
f_99307_,displayRecipes,0,
f_99355_,initialShowAir,0,
f_99356_,initialShowBoundingBox,0,
f_99357_,nameEdit,0,
f_99358_,posXEdit,0,
f_99359_,posYEdit,0,
f_99360_,posZEdit,0,
f_99361_,sizeXEdit,0,
f_99362_,sizeYEdit,0,
f_99363_,sizeZEdit,0,
f_99364_,integrityEdit,0,
f_99365_,seedEdit,0,
f_99366_,dataEdit,0,
f_99369_,saveButton,0,
f_99370_,loadButton,0,
f_99371_,rot0Button,0,
f_99372_,rot90Button,0,
f_99373_,rot180Button,0,
f_99374_,rot270Button,0,
f_99376_,detectButton,0,
f_99378_,mirrorButton,0,
f_99379_,toggleAirButton,0,
f_99380_,toggleBoundingBox,0,
f_99381_,NAME_LABEL,0,
f_99382_,decimalFormat,0,
f_99383_,POSITION_LABEL,0,
f_99384_,SIZE_LABEL,0,
f_99385_,INTEGRITY_LABEL,0,
f_99386_,CUSTOM_DATA_LABEL,0,
f_99387_,INCLUDE_ENTITIES_LABEL,0,
f_99388_,DETECT_SIZE_LABEL,0,
f_99389_,SHOW_AIR_LABEL,0,
f_99390_,SHOW_BOUNDING_BOX_LABEL,0,
f_99391_,structure,0,
f_99392_,initialMirror,0,
f_99393_,initialRotation,0,
f_99394_,initialMode,0,
f_99395_,initialEntityIgnoring,0,
f_99466_,this$0,0,
f_99479_,$SwitchMap$net$minecraft$world$level$block$Rotation,0,
f_99480_,$SwitchMap$net$minecraft$world$level$block$state$properties$StructureMode,0,
f_99482_,ERROR_INVALID_NODE,0,
f_99483_,ERROR_NOTHING_FOUND,0,
f_99484_,EXAMPLES,0,
f_99515_,INSTANCE,0,
f_99531_,name,0,
f_99547_,index,0,
f_99563_,pattern,0,
f_99564_,predicate,0,
f_99584_,name,0,
f_99585_,pattern,0,
f_99586_,predicate,0,
f_99603_,predicate,0,
f_99619_,original,0,
f_99620_,nodeToOriginalPosition,0,
f_99621_,nodes,0,
f_9964_,IGNORE_STATUS_REASON,0,
f_9965_,server,0,
f_9966_,connection,0,
f_99673_,serverSelectionList,0,
f_99674_,LOGGER,0,
f_99675_,pinger,0,
f_99676_,lastScreen,0,
f_99677_,servers,0,
f_99678_,editButton,0,
f_99679_,selectButton,0,
f_99680_,deleteButton,0,
f_99682_,editingServer,0,
f_99683_,lanServerList,0,
f_99684_,lanServerDetector,0,
f_99685_,initedOnce,0,
f_99735_,TITLE,0,
f_99736_,CONTENT,0,
f_99737_,CHECK,0,
f_99738_,NARRATION,0,
f_99755_,networkServers,0,
f_99756_,LOGGER,0,
f_99757_,THREAD_POOL,0,
f_99760_,SCANNING_LABEL,0,
f_99761_,CANT_RESOLVE_TEXT,0,
f_99762_,CANT_CONNECT_TEXT,0,
f_99766_,screen,0,
f_99767_,onlineServers,0,
f_99768_,lanHeader,0,
f_9978_,EMPTY,0,
f_9979_,experience,0,
f_9980_,loot,0,
f_99815_,minecraft,0,
f_9981_,recipes,0,
f_99828_,minecraft,0,
f_99829_,serverData,0,
f_9982_,function,0,
f_99830_,LAN_SERVER_HEADER,0,
f_99831_,HIDDEN_ADDRESS_TEXT,0,
f_99832_,screen,0,
f_99833_,lastClickTime,0,
f_99854_,this$0,0,
f_99855_,screen,0,
f_99856_,minecraft,0,
f_99857_,serverData,0,
f_99860_,icon,0,
f_99861_,lastClickTime,0,
f_99902_,repository,0,
f_99903_,selected,0,
f_99904_,unselected,0,
f_99905_,iconGetter,0,
f_99906_,onListChanged,0,
f_99907_,output,0,
f_99932_,this$0,0,
f_99933_,pack,0,
f_99951_,this$0,0,
f_99960_,this$0,0,
f_99969_,LOGGER,0,
f_99970_,DRAG_AND_DROP,0,
f_99971_,DIRECTORY_BUTTON_TOOLTIP,0,
f_99972_,DEFAULT_ICON,0,
f_99973_,model,0,
f_99975_,watcher,0,
f_99976_,ticksToReload,0,
f_99977_,availablePackList,0,
f_99978_,selectedPackList,0,
f_99979_,packDir,0,
f_99980_,doneButton,0,
f_99981_,packIcons,0,
f_9999_,experience,0,
